-20.7137407774381,29.6383054589207,42.7116537044194,39.6794232919862,23.3327170014785,-6.27435301870225,0.294620844731661,-11.2685039594837
-76.5936761696795,111.084138971451,37.6464079688756,26.8155830728026,-29.1530495395208,-0.627627876095197,31.1603123990426,0.951153354119791
-59.792134863733,86.5284047270612,30.8226057846739,-0.332441290196388,-42.3261810299522,35.8773832721662,6.29680499733064,1.14675364397637
-50.638160317894,67.0632233217344,36.1994784452093,24.3442077353713,-9.8663734257557,3.28536754752026,-14.1904571828947,-4.57106516714628
-78.4271132501357,102.091767280482,39.5358448797778,16.7969319985186,-30.3315004494939,-5.69780810734416,20.8779930147144,0.772098649694179
-77.7979053507844,84.8792392785579,45.3403929590296,38.365248592461,-5.88405668842141,4.37663623772737,-10.1303509435751,17.53317308546
-65.4564223300799,76.8378154492207,37.3697878762072,22.2752336335132,-15.1279686673295,17.0240437916387,-18.4234003019786,1.75581589690843
-76.7524184369876,87.5597643400517,42.6058767973668,30.056412672088,-14.2924389729528,10.6110351880405,-14.7572105693387,16.5096759832275
-87.4320388840703,111.981735795113,34.4971242128263,4.91406588394002,-42.2120745974084,17.5485566266349,3.61936274205544,-4.6203043507782
-83.0226914618524,97.1507747777818,40.046742920121,23.2057851869597,-21.478422185591,15.4505411513531,-16.0936030954967,0.129572364865424
-65.4164242557245,74.5695510471122,38.5499789139997,29.6997863283936,-6.03256683880431,-13.2768309156853,-4.29323915892425,13.9239014711791
44.2165191017401,44.2529038856778,84.4449433706062,5.39574407439016,-4.82261199147548,-12.7888135134011,-6.47889968779149,-5.70025252260456
56.4639044379,55.3052717000205,62.3679572509622,5.53489471545982,5.33941017280752,-8.29278181504003,-7.06169166357974,-3.82840426319432
23.1112123585332,59.9140740904589,63.9210470582762,-0.469993213065674,-26.8945406390579,-32.0778509521269,-11.4596148591415,10.9559743702954
44.4063784000333,79.9572867832966,61.3579908992604,-4.68949783100667,-10.1657427249238,-28.6505578046882,-11.9740938863247,12.0286512272342
47.4464594671428,85.810203794573,61.0100862511122,-10.2087822485907,0.291069168943084,-26.5600213969409,-10.9598230638341,11.9944795549799
50.2089711997161,91.4867556337034,66.7721725185973,-20.0254446929135,11.6123620554332,-24.8156320404373,-10.1806879496673,12.3385499503434
44.8769512889996,72.6764155367214,79.7714014387,-0.126248633159395,-25.6026217655599,-32.8723247525899,-12.7953051679016,8.05573773707889
48.9347686486183,86.8889398058861,73.4071240510297,-18.3244781839868,4.50342243788773,-27.123680849188,-11.2643002252,11.9871309554319
34.9897275379952,70.7273358072278,75.6330694359901,-15.988206735834,-7.88870547690853,-29.4642396439093,-11.467686783037,10.87226579632
37.2072339566797,71.4488340500678,78.1479618606051,-14.8383661726635,-10.9206942430722,-30.563349315998,-12.1234462233377,10.8428580058794
53.5895768611628,88.5493586362805,75.5254139387106,-8.99783643182921,-0.622316531112264,-25.9323964747596,-8.25421907899165,5.2455589419175
41.7519848309415,69.721794896033,87.0420689984675,-6.51860744263332,-23.1060930037583,-33.3026640847309,-12.8734184209792,8.1588507042585
65.6499961576052,101.097655934248,71.8634426446166,-9.4279042814465,3.8150100561284,-26.5227529560908,-11.0856261509819,10.426250693411
37.8322024779511,67.5185971972123,70.0595119325062,1.23278786650152,-26.7690041762938,-32.6751767779889,-12.9426009290371,9.66572025670123
48.8359986595373,81.4004230514585,77.874219007288,-8.94159749826342,-11.13521553198,-29.9364294359677,-11.931604096584,9.80821809913951
43.1307199826091,74.3021102661934,80.0139419627527,-7.73459022924908,-14.0813366888934,-30.7123513206339,-11.5005794094998,7.74288671597093
69.3062545790052,107.428376967444,82.3426285076695,-21.3155958452448,16.6537307768459,-24.2599542820486,-9.22457074612887,8.7915686640436
60.8316732313081,92.3779670857652,75.4642087516381,-3.97444728458596,-9.32889440985611,-29.3790514125601,-12.0815084946131,9.64409965105923
48.7681809638861,71.5501380397905,84.1676715422787,7.44493296090603,-36.2871200163882,-35.3907244917802,-13.71739265978,6.63488391553801
-82.1850277798627,116.456388751685,26.1884964818487,-9.04873969274365,-36.6267465106993,24.1196195952456,-1.26591108361682,-9.66933216725017
-99.957026361782,138.394623148381,34.14647923331,-6.7818653766799,-37.0947575476342,38.7641723922263,-10.7651755483994,1.44433694640076
-106.058992889326,142.567042928803,30.1611662266568,-6.85305740861504,-49.3379600119913,25.8147624378708,4.30152929520469,-11.3125991786831
-108.790230625288,159.492484852726,27.3709024894536,-24.8631314552989,-32.1663329392957,58.8154348292618,-15.6939485105892,-8.54602140922838
-109.1150723244,155.497881895918,29.0711395770339,-16.8518232831479,-22.0664537184658,53.9251200058005,-41.0416252871476,-8.8314836928734
-103.082405957527,155.372439034714,21.7072962134191,-24.1377721631796,-22.49826814816,-9.17933097164481,37.7440329471137,-4.44222677131785
-113.685328715322,170.63717143805,23.848477110171,-32.267145945098,-39.8915621638372,38.9390728574895,5.27984292676916,-10.4537740015687
-98.9806408479329,142.665999028362,29.2908956140049,-9.53601741651944,-10.6658323554764,24.8557207672917,-29.540191982328,11.1774125321346
-103.59733654764,152.30511746177,24.7781886090446,-20.2105205419727,-20.3952715757972,24.0501213538243,3.85502160962119,-12.8500698761212
-102.841762327609,152.393206211442,23.9165557675013,-21.9640240143861,-20.6608300645188,17.2986691594573,0.675611697365185,-5.89754365309111
-92.2886590539015,127.745256800531,30.7854187485592,0.920686681427095,5.27770030989645,28.500898779857,-49.4838764366738,0.737215469455764
-102.506336227161,153.164059685553,21.4569553461625,-20.196803321951,-15.3982179903779,-20.8946575772749,34.2272958969481,-4.00748594399139
-89.3479045508884,127.550554807083,27.4099459191917,-2.87343340191003,3.93344234906688,4.30796383988642,-7.70027878641982,-2.2973198648116
-82.6474833556537,119.351444859891,28.8772920539246,-2.99940096440706,3.15888603604829,25.8737795348503,-39.7146155412496,10.7579834904215
-102.63707768923,147.292728759527,26.1601605404202,-9.74501003568912,-7.12896192979924,-8.66604431940202,24.6698269430712,-4.2768918474502
-79.8227403004769,113.557444676066,28.0079579830526,2.18881657461589,14.024497829526,0.655654372992078,-25.2323364743245,7.5982706950722
12.2925691179044,-10.9220473580487,11.1206092755394,29.3742414903503,24.2192537290729,20.4691950225457,21.0521951685238,-74.3895208686525
-70.5299124064476,74.5527349428283,38.3729175303129,42.3067810816563,10.110632762818,-35.4251163437755,-11.7031640927427,12.2107925816286
-85.4359958372007,84.4015139716235,44.3985169513437,58.6738207587426,16.1088290543066,-23.9329089700377,3.21668715753665,2.40983767459837
-75.7502442125308,94.411450504945,42.41892795259,58.1562658059143,3.83058342957085,-2.15645438183467,-9.46297477924938,6.26703860982694
-79.613096379282,97.5615323941775,40.440061204153,61.4217395033954,6.02458338681908,-12.0622125196253,11.7751617286815,-0.173481159769309
-77.6400672605549,83.0893531416877,49.2914559626702,62.2343168107594,17.9588110290484,-22.4508770176971,5.7847496003653,4.34950667998697
-71.9257277763263,79.6586596074187,41.4764650724972,55.6995297850312,16.0679335395362,-24.7428369377147,3.06752681142602,5.9998478855803
-81.7189828738323,93.6466155450444,38.1730243262276,40.5269438684676,-1.6048817409175,-21.842914496083,20.1427578110219,-2.22554443968915
-71.4753040305478,76.5101233810213,32.8901792478001,39.7458193859214,4.97352532080998,-28.119395388066,7.34661937953009,4.49823358498513
-69.920043063186,72.6862984043271,38.8612414755696,46.7521848058304,12.1821215258284,-24.9212175362163,-1.7924286699101,0.939174712717569
-74.6477077339762,76.7116169877083,44.1025562167108,49.5196100166471,12.0687274557261,-21.487344599872,4.28367714630278,-0.527049303142425
-78.9570581020903,82.9191138183052,37.0104855270604,38.4855879266648,1.63030050316589,-14.5279345193598,1.94991824210409,-3.17853303350647
-68.5651855216303,74.3393361076369,39.8631870048231,61.3178362923577,20.7387031133878,-24.33764682238,-11.254457576154,3.48605689991124
-92.9298979132404,95.7793998098594,47.8670415247332,52.9812861598794,4.33038990611599,-7.51332129344978,-2.9581893533952,5.09598005568048
-84.5324153093934,85.1310818569054,46.452469794131,52.198014473226,8.37341503411715,-5.68895135751622,10.6820655589701,-0.239551818839921
-71.9184267463271,69.4108300342618,49.0680866604417,56.9587798322375,22.8653950573192,-14.3970131664454,-7.58007565474701,9.07844134852869
-68.1319626121691,71.2642984880454,42.3907311545701,54.54842872814,14.6549171355366,-15.3774051999886,-15.7538843675458,15.322643529614
35.2490631976095,36.5209877291203,82.765755825706,20.5419728543824,-14.9397553414934,-16.5969497444922,-7.28680703148628,-5.54815078727
31.4571479121292,28.8744270765544,70.3190542291602,15.3710294363484,-11.0202929904577,-13.1918575074305,-5.76962785523906,-13.2977165405896
33.7365368225837,36.128995831209,37.9597306903772,20.2831254380502,-11.8723748815551,-10.6804865209245,-6.61291638759594,3.97861854445444
49.4790840660707,55.9389069564962,59.6921363628107,16.1102412628247,-8.07732161501392,-11.784009287147,-5.98155672651591,-2.25069865278403
23.2862350072202,37.3717192249254,51.5295508416198,8.58889774483665,0.442331472219856,-8.35852196487285,-7.99933580060377,-2.1827017613481
31.8334341916422,36.9121087217656,60.5745919030811,13.9412901679751,-10.2186856248088,-12.0118572961274,-3.12974759188857,-9.79297703597729
28.791942372153,34.2103593542332,43.2506744941922,20.718868257593,-11.4953597631768,-9.78469839816431,-5.49554302941889,-5.49899701814013
42.9086735311303,45.9906428159961,55.9155980697115,24.6268172040123,-15.4634255424957,-14.5773856782718,-5.87602554391968,-4.9280653934621
35.7189051028273,43.3143378599592,49.3603581037082,18.4516363871268,-0.834760711067092,-7.8585255467023,-2.83759172184023,-7.71027279233626
51.1365021456844,60.9617578056965,63.1741337189555,-12.0975205505253,35.139923566516,0.984552749866235,0.285450075603926,-12.508927897695
59.8500670446877,-28.0107669124717,51.7504013954282,68.0194580016614,41.7946693607493,100.080738195994,-20.8474302385256,-170.962181984944
53.5928523191023,66.6114552650237,22.4987340730993,27.3371646755227,-5.60793035569079,-14.0961074710447,-14.1079293410668,-0.418690735934412
38.942898136091,51.9243160886895,26.6481673512782,17.5014626845769,2.91233401573495,-11.0841745580734,-14.3094552458878,-4.50178064565999
51.7269643580191,57.2597765937843,21.1596803564952,32.7926517744175,-8.41702089122939,-11.5451749800461,-14.0301797654214,-5.72032938980768
43.2707378421411,60.9380068034397,35.8561966531803,-0.442326468651259,28.9930522814904,-7.40088697232073,-8.030835001446,-10.131490252478
56.1217556579534,68.012827741662,26.285351050107,17.2209844020311,12.3144358871762,-9.27388324168338,-9.91457865297763,-10.7768078666398
61.9489016245147,82.1487756326505,38.1467543682859,-22.3974416577592,45.1059273829414,-0.952315901785577,-8.44752789980778,10.5373057509592
82.6317999887004,93.6300872384071,18.2625314746616,16.5373680518629,26.4047240483148,-4.28846925896011,-7.41255037812025,2.56937178356487
72.8865894965727,75.4642357382147,14.6746713488713,32.6738524309129,3.04980438360464,-3.0883805603228,-8.78534314306733,-4.09181068515797
98.2522181175167,110.589742844186,24.0920614246035,27.7451825223428,28.0106556009544,-3.89329256414361,-10.3403598415774,-1.05987341788254
75.012250845708,88.5231030699571,13.6036050797054,19.0943944891045,32.5999749722412,0.381186734620321,-5.08471569172976,-1.93747202879527
67.7651049693563,76.5820478856164,8.70816486047252,30.3824907355991,0.527382468470765,-7.99759233063383,-10.8503465162917,4.75717047440277
68.2484206564541,75.6623412941505,18.129704512259,20.0354502664414,16.5776463811816,-2.16833983757643,-6.49039768201081,7.40897842692027
79.351607486298,93.212253668955,14.4701455826326,17.5249175126441,28.1376351454418,-6.15865008872075,-11.0320307110202,-1.12837748461305
87.9405536837248,101.216026759815,26.9189067600357,14.0019152538336,32.166217923238,-1.68315544519772,-8.33551675237757,5.49129665111484
64.2634472911686,70.9001331379243,35.8776817777428,21.6412564301861,5.29395537049772,-11.3886029000041,-12.445756743122,-7.21024105650157
52.3439002531955,52.2372706234562,29.2412900656608,27.0675005986921,-8.85511710516,-10.4319160875812,-8.20276292507531,-2.30225332046896
77.5083045354223,84.6527818455061,17.9510725211768,16.1688270360068,27.3985490614782,-0.771924548313616,-3.52400579503224,-6.26137543100076
83.7483001929897,92.9599863603164,25.0398372640237,1.46305395830893,37.9442778771122,0.801485359017269,-4.81168217672439,1.26626915151514
50.2996432076641,50.6876896971221,29.3296365084613,23.4329065917073,-7.19236994205501,-9.30198820080098,-5.11813042866373,0.858204511053533
71.4498602235289,73.3604713374767,-0.959400380915675,50.239472442384,-7.02502386431515,-8.64396723803155,-9.38414486140908,-8.03760147499347
88.5794197110067,79.3616299998331,44.6056499370546,60.6997832482337,-22.2963848606861,-11.2412743191769,-6.90840111629036,-5.1122601804851
34.7399837394543,30.3547127415767,59.7018693909304,19.1232159627673,-3.54026805543901,1.78363928659492,2.69711745480681,-2.37074609429507
55.0650802093781,51.0972554315257,40.9749762211903,44.1333919687437,-15.0797831463661,-5.33924281059837,-0.377191542577984,5.3451785488569
77.1830611144998,72.5138177279313,31.3877059800639,61.9938863203201,-24.1199547540352,-8.51486488908413,-9.80645363952141,-8.02809594690427
55.4275095845993,54.6849027803316,44.971224995627,27.8520585169795,-7.2899931490127,-5.95437053344257,-6.09211433508083,3.06083979152838
67.497006248502,56.708502851489,49.7837066681675,45.375314335944,-25.3664585600988,-5.02706309032923,-2.10769684428427,4.05364436107324
50.9693106395768,48.3232822566167,50.0558425603545,39.5884406757,-19.0614177411167,-5.09226236099174,-6.7818708001459,-13.6793385657565
54.2592724668603,69.0704961034282,28.042788730651,44.0624865994965,-2.57179096009506,-7.886134514258,-11.7916185464488,-3.84460177349904
55.3665847633723,55.5226945876229,72.5245647148637,14.4923786168012,-3.93605989710026,-6.66926176159817,-3.55073022492741,3.49494347152459
45.8396333213619,44.3457699836469,70.9216645424806,23.496985819571,-8.97651624357916,-3.77880912268172,-0.553281820517381,2.46963882630692
42.6814080840652,37.0606822127183,76.7161492537547,22.5290310794959,-15.4244436354126,-7.28570419592359,-4.6521183306853,-15.3744050673567
35.5697073794139,41.8365893269771,68.326395774776,19.0507013859966,-10.6669340942833,-8.78395421194257,-10.3616102804202,-2.83372070196771
37.2967501680011,50.5732609978196,49.674421676091,25.0723076566766,-9.82364263894984,-6.09337283202596,-8.70559143960128,7.86594824408856
70.9401256938026,70.1139551760033,65.7270567383161,39.0218740914034,-11.7318417846594,-8.55556607328308,-8.97931362392702,-6.90633354327555
56.7484478589434,62.8590987537528,68.468671049973,28.0283308908101,-7.2812257533925,-9.19138819667821,-10.3421195959449,-0.0976123753594444
53.482221777382,48.5321231131779,56.5632418270038,42.0999406572801,-23.4125936395444,-8.8634212174496,-1.98630738636116,-3.82101900013824
44.7321970439525,45.8947249845851,65.4486860241766,26.6441876733578,-12.0615584414966,-14.4962299230715,-4.71292496160008,-3.11469850868421
74.8140107165545,69.6443262630993,52.9868180205624,55.4135644129578,-23.5413695452501,-9.613593297701,-7.82798172160989,-2.40921879839551
32.3174521848688,39.0557424081165,79.5413285413999,18.2293900666317,-9.29318873423477,-6.08052796980051,-5.93002735144414,-0.127734466817402
-43.8989790249197,48.2219358703885,26.2945152653112,22.4084081953235,-3.30470775668761,11.0628022123237,-5.04646003492936,12.3153092460635
-57.7472600154132,63.7199227428376,28.6761878154146,23.768851330401,-5.65717276132587,-3.55413743224065,-13.9814123805264,23.7646847532675
-92.1867234017257,114.512704898196,26.9703383655374,1.60313178329822,-42.0623159722006,11.362047279503,11.6518943800228,4.67994739161337
-58.4223266319072,68.8312472615194,25.3109776656537,16.3031753021119,-12.8609398618673,-8.75643661513711,1.62672264326125,16.6504743123034
-70.307254256115,84.5185973217998,27.0738770130379,10.180438686057,-26.1808433037608,22.0178828631404,-15.5231890684717,14.2657184120645
-67.6532519388865,87.1902258940983,22.3728827995215,1.97321198653103,-31.3950865530579,-6.84374084403112,28.2131501426662,15.7850724653875
-74.3724754660037,91.6155538306104,24.9433106863343,7.32607631487401,-28.4864421348624,0.0040376292723973,11.0810214088855,8.0525241052065
-62.3224156960182,73.8170037829505,26.8308922669659,16.9160895730898,-14.907346760185,-12.5391668855228,14.1267561947576,27.672445065079
109.960019347686,163.515185717217,36.2512834876033,4.62954042575094,86.6735083651281,2.41829669129356,0.822884643742363,-5.99751577710392
120.388510186991,156.891063423131,14.0747474052993,60.2441921448919,44.009577382144,1.79655774011119,-5.34534475115903,5.03230957094239
105.25996223014,144.564042111646,69.4616867618088,-1.68963587860681,87.3002616964266,2.1600764324842,-1.34292256419638,-1.56446778523846
146.291967943957,166.460819807008,119.220160939959,22.7591447198653,46.2844673784843,-11.6535775452671,-5.25362456127067,-9.15217084913995
103.312156410735,139.717262144233,50.5840324728197,31.8615169082405,54.5308596655567,0.358184785860685,-6.96893531390332,2.85655484097519
86.450428154285,117.543030021196,54.0542801674339,2.18509024852313,65.8787258546274,1.90414001571781,2.82741495990724,-2.20028835675561
71.3751323371115,105.389377033851,26.6688286097264,24.4486458469238,42.4275361656716,-8.35356068060367,-5.50281880374899,-10.5017288360252
128.907613748131,170.899576989046,70.4341087814286,4.21774433284414,83.6644119197275,6.06102951418868,0.638427615211444,-0.603891642227888
98.2810009800827,123.143439757872,49.9909305860928,27.4666999761607,31.1915442262363,-10.9143626749104,-6.3007740065349,5.64724180791149
117.775751759012,144.50432714683,72.0927531855938,1.67545904004886,64.8059163007202,-2.70043359963167,-9.91502692148997,-8.65494947387652
112.846700077514,150.782063986208,41.4668167853429,35.0307073868384,58.4846023764701,6.27624396737847,4.5464082632379,-4.29490457755389
104.026168654374,139.225471776311,37.681087373544,13.4983456376838,63.694315806178,2.84993990373867,6.60158201418343,-5.15844673052232
122.925443487942,167.240519591969,65.3825947020394,2.55459191172394,82.5954845896767,-4.56962602117354,1.37189900964887,-5.25659933074721
119.627153503273,154.161936341783,76.4984211421557,-20.5599429906157,87.9028374987999,4.32677115620191,-5.64486258638023,1.16224890160931
128.356477384036,190.002121345863,39.1271245263484,6.76643008833285,83.8052799645048,-6.20519390409292,-13.7927082934082,-9.85739929512494
94.6638361463004,149.327157517607,52.5650274230683,3.32917631870996,75.3488861338227,-11.9948856235086,-11.9117728602159,-0.889508661022134
106.205006868168,127.935729798174,47.3408107878857,39.7311386818361,21.019736003663,-9.72195478386189,3.40485452402908,-14.1387865058544
87.6086335973554,135.501626298142,46.8161327517253,-3.84771481215949,75.8025918483,-8.66567897049466,-8.96735809330115,-0.98722363340509
68.1606196948529,110.101661289597,44.9516100826156,25.1250242760066,25.4925765714065,-18.6233040547956,-8.72800051287171,-4.34362644040435
-26.9052758988691,28.8825345436272,17.0641639800049,15.518540170666,2.78136543227749,-6.46741077762496,-11.4704618095372,-1.45514013498635
-56.3073560117245,46.2035314156417,38.1070195226049,57.1952043520148,23.9761353448887,1.5080728413082,2.54054165833062,11.1922543846965
-55.7471095667143,56.0621149468126,34.3271975310527,40.3904496152176,9.14289758140971,-4.48493187652579,4.61167430597038,13.829185392273
-75.2579262546146,58.6627916965223,33.1700325641728,52.8074376438698,14.1973786270407,11.3241868096415,-7.69936538612175,-2.44147475359719
34.1249092934901,40.6787133676528,23.9823938884336,25.2248743797619,-7.33734751717721,-6.67294428982875,-4.56405396005581,-0.00299875165052108
26.1405325545588,32.9062032268028,42.015373591851,13.7956961407685,-5.16860245945552,-7.47138992262992,-4.39316886251217,2.71579603970557
16.8133965302719,27.2302365086367,30.8241353598786,6.83552479297485,-2.56282053723365,-16.557445439392,-18.1095233770965,-9.87295380435363
37.5677691116008,46.5299478887969,25.5038679688405,16.9001758111305,-0.384333318393138,-15.4566440186898,-18.8957244414946,-9.4757947745716
37.5761076613713,43.3668879247961,28.5127773101811,20.9972196178648,-8.29544342059502,-17.1096274044329,-18.9937666055052,-11.0268691557584
18.3394739197068,27.1266518493034,30.1284614987278,10.7931797542541,-6.73704804549345,-17.2377083662803,-18.2970667449228,-10.46982577127
24.7423525186826,37.8416899745243,31.5930610904527,0.71780478093004,9.66758026468781,-14.40467388862,-17.4825295661624,-9.2995824077005
31.3995552008983,35.4925488157843,31.5907927036492,22.3247555947856,-15.1249982801749,-18.7224801866474,-19.5678805465368,-11.3866720058829
30.0956318246256,36.3626083205803,26.1607080824605,21.0551163786335,-9.75718711390696,-16.7986023118314,-17.8137184707665,-12.4838425956386
29.6566012468841,34.7057064341814,37.8466050352961,13.9467812185309,-8.78138721607918,-18.2476590134278,-18.4913247273283,-12.3887867406349
21.1542433825561,29.623944178157,34.5994466802178,8.91237111685371,-4.50490287525568,-17.0318330403418,-18.0393732318967,-11.1428957731085
24.2913962938938,31.7571998029044,22.1332848616983,21.5849937235722,-11.4433732723036,-16.7806643747092,-18.1679883663599,-11.2910171082664
23.3381023204359,29.4446905356139,34.7838698084801,13.9100951045394,-10.3438704169454,-18.194283785523,-18.5583541944467,-11.6710984253282
20.8041501607302,26.5383754977648,44.1003978240129,8.93497652636788,-8.43732292615634,-18.0879742305483,-17.6051892540222,-13.8402213338056
28.8690640706926,32.3920064125672,50.8137257990288,8.58554046602933,-8.69303704840963,-19.1857959951131,-18.4919129588642,-13.7859130521704
37.8644262683779,47.3672071236233,22.1096426678562,17.8547594560257,0.765497107434724,-14.6812218124361,-17.9492506586148,-10.3408069053463
26.0411583449248,29.9276355401518,42.1125931167321,13.7835155250041,-12.3896974716207,-19.1276081898446,-18.6662643293314,-13.0165545034517
25.9445405907947,31.4627337746915,36.9568164972276,14.3115974583694,-9.59315962514602,-17.8890115257647,-18.0332697830238,-12.8650509840919
53.9987649812829,57.4779115588847,14.632239050256,39.3342407207289,-12.9381016758639,-15.7962423578684,-18.5508716854115,-12.5984832384806
14.1173051458666,-8.7686607524867,6.41061028670003,-3.93093563082455,-11.9212325661139,30.2314726066282,6.16216944872564,53.8207213478832
71.3421677410731,58.7655230709223,77.7377958089448,17.902943260404,-14.2474559012353,-16.1760941786324,-9.28446595304728,-8.40695259787333
102.944682667397,101.68009972696,16.9069017329689,69.4440906991264,-19.6447243281557,-11.6932073996862,-7.52758566849467,4.09960861128117
80.1587145396058,75.7909036526282,60.3705291085796,23.5925329958525,-0.615511575136961,-10.8973933109049,-7.10040282136253,-6.41816496601192
87.9122652473675,88.0602115277006,30.5046058243257,42.3315074202992,-8.44075225230638,-11.3647889324104,-8.37067082629315,-0.184471637396495
109.559973704089,106.380574408162,36.4257048595172,60.6848925265541,-9.70916336085661,-13.2631810875138,-9.08205331374248,-11.1724335612885
106.611605804784,117.860331310532,29.258917641144,67.6841770199456,-4.43681626424719,-21.1057984171142,-17.0667883642923,-19.5039020967905
55.8583701542079,64.0326168370601,50.6876605007909,22.1094122388361,-1.5262355697668,-17.5176678424539,-11.3864912157232,-5.12494927908653
75.8608377243962,78.6462642851447,51.8387030605626,38.0674461525729,-8.82952346788537,-20.5995578253448,-15.8642746171299,-16.6105935476358
91.0727015186796,93.9559643781703,45.8655742375736,47.7035337818735,-9.5288452374917,-19.0339103540063,-14.9184967857111,-14.3115545890575
56.2932385363429,46.4948100204488,87.1044900828343,23.6432762366307,-23.8179054778647,-22.3659627349987,-11.5132598041137,-15.5622473518465
69.7043338876121,71.6545535384859,49.2168356721251,55.7730000938253,-25.4234796806697,-21.4540594358373,-16.7632926205117,-17.5803679015055
75.8790080821159,78.9989700505762,39.0632370173933,54.6450610036182,-23.7220115002323,-21.5811809382529,-14.4444517066353,-10.4262257517138
78.1753232831991,79.1335990561414,65.1502143518872,56.7874264539128,-18.3899417621227,-19.2362865425041,-7.24428238559154,-10.842191592391
79.606271971175,73.7854274612819,45.5655596708069,51.5220965261469,-16.0016983211424,-9.89083160531819,-6.48968295966005,-10.5472839877164
94.6776110340857,83.2999308654821,60.3542393056122,43.0321746948479,-13.7217019483585,-7.12117238223041,-4.36472116939194,-2.02799859821273
77.8685383793387,64.7374727826202,63.5002025215755,45.9586743288223,-24.8805372825609,-12.4267932226289,-6.38088344018298,-6.8268418037387
80.0647478110593,66.1526316154017,70.8609390357273,49.9009097287095,-25.9604557263419,-12.6445710006462,-4.15169207385821,-10.601158036312
83.9516072472831,73.1824390619778,40.0261779349549,52.1842751380451,-20.5509235859135,-10.9883114651006,-5.90531897812248,-4.83889695942652
73.256468964028,67.3903593440573,81.8141557945779,33.7053235295632,-14.3423207547643,-10.7649687896503,-4.12454690297762,-1.74905483534603
81.5143579554805,63.963914906689,56.5066437596578,48.0581094259494,-34.211012503852,-14.5192195531338,-12.0494489111755,-3.70126607821216
84.0981204940869,71.9774606650068,80.4909542390434,45.4873454464021,-32.4594972401448,-17.785682775575,-7.18907730302391,-9.10839257190181
57.1230462216028,51.1387969040347,61.3066575238017,36.0374052307792,-19.9165622646806,-10.9725498457899,-3.72512665342237,-5.41365613811889
84.2982150955644,75.2886708388611,48.6591579093142,55.8925248209409,-26.6768973102102,-13.3915455681891,-7.63954846584993,-1.40086909972277
89.0413867011856,81.1256102972595,46.8814035521075,60.5405759674189,-20.4615369300645,-7.43245416427388,-2.88230225156649,-9.95999346592808
24.6727577273815,36.9501807795814,33.6036487621895,11.7975850966339,-3.88457687362875,-12.0014321673526,-9.24056799655846,4.51944433094116
22.4498167123752,30.5682950029444,29.8389677324058,20.4165171844759,-9.19568832358214,-11.5527844751172,-8.16895302594756,-6.22496464015086
31.3804380904755,28.0710923699724,53.7175559649041,9.24747976385101,-8.25689718238737,-6.74819136965715,-2.19412047878445,-6.11045352343108
20.7698905997187,28.9530390074096,35.575775827292,13.5057184174971,-6.30266195658237,-10.9960339985674,-6.95267451456846,0.180172455897638
27.9445367709946,35.9161735107132,40.1799644962038,18.4813705327747,-12.681619806845,-18.5050476039409,-8.79202987646912,-1.56551959771747
33.9447965611782,31.3965326974307,49.8065733423611,11.9894484467382,-6.22449826621851,-5.84910485796934,-4.23525248928547,-6.56967374056788
42.5421142538612,45.5029916369011,39.0350188135288,12.9713577084071,3.8914006771631,-7.7168380736505,-8.60377059786179,-4.64039657046918
38.4312917138913,34.2265281039013,43.2256698204329,10.0786889267381,-5.76536077451674,-6.91119279670496,-5.20561456287451,-0.48317738712938
44.785315447832,56.1110595876229,35.3588830383841,10.2003963457029,3.45077817879487,-11.2857701801316,-7.43867806612773,3.24693610857333
41.3245982612414,38.5292870888031,29.7832276614845,21.5982653715526,-4.35641084049946,-3.28264545941586,-0.53746671990516,-3.78739607679731
29.76637184602,32.7525985709849,39.2080117307068,8.93789623278313,-4.7871999595093,-13.4411183497583,-5.37304475991654,-5.7775012455412
36.2225281630518,41.4485352717478,32.8251950299389,16.0086181772288,-2.58060888763897,-12.4216214175694,-7.29083765248881,-3.1570276948137
49.4761570027054,54.1926666486909,31.5971982361575,16.1420597383691,6.38112707930904,-6.38907839657807,-4.01030132859425,-1.10725855743476
39.5241051428369,39.4005349537045,35.6761995868055,13.6769155612785,-1.13613813525401,-9.24727358228894,-5.04237108305808,-7.39384131601885
29.4140675033065,33.6365325370739,44.8593438098025,11.4751770316459,-10.6650478753875,-14.7234233857487,-9.32852098172584,-1.94611318245909
13.5158030299067,22.4681379183055,32.8722664269097,20.7458176695077,-1.72020611011499,-4.81170682254451,0.5882682284698,-3.91068859778618
46.1074617135557,46.7569209462133,29.7636408625586,26.9247652886459,-5.90891735245725,-7.2404251709896,-2.631365781442,-1.00507924092792
53.9247575626213,47.9476522678774,29.2514414148267,40.1497032539245,-18.0839980405208,-5.83289146735781,-5.16707525658636,-5.70941864138643
58.6860856893417,54.6306707598006,14.8992409488485,45.4532524915466,-16.247570740433,-9.04050681702797,-6.97084334549419,-5.11715812309491
56.1177766052416,54.8496450168012,19.7571671350524,37.4477534096334,-12.5154234341397,-9.59630898230163,-5.86056295826381,-3.03658902992359
59.063905059129,54.6164689894527,13.9610499258343,40.9033971925261,-12.2082318371409,-6.95918010533422,-3.85652348275889,-4.43936912060564
105.382452323254,92.5336629424665,117.543471531119,23.3333999606083,9.74770576036352,-4.22046417669729,-1.97169904875454,-8.24588203108358
72.5991467796901,68.5835524833545,73.2087226487459,26.1180015230189,-5.05176367439182,-11.5997212189359,-5.88088542334974,-6.55901200302933
69.522962045905,61.6630040693422,66.8472906921074,39.0109028194701,-15.0663378912944,-8.48356392781138,-4.65000323020617,-8.05772922658752
102.080680215042,88.220156849831,54.044079227466,66.7671327429045,-25.1723884993917,-9.70330485366605,-5.67401213578853,-6.32646859071962
60.5455578098801,44.5895036293644,127.360683903175,23.0322909733212,-21.5114573508699,-12.047932885736,-1.75172541435658,-13.0774331804584
105.863095845443,89.6168281667273,77.5626071060673,60.8670765144717,-36.4855532642983,-36.4055379199985,-23.0428801666148,-16.1625465476311
116.085887990004,97.8588623430302,86.7795135322115,57.6198211414136,-32.743805158761,-36.6462666647695,-22.9839632898568,-16.9817018657498
110.332845149357,101.868177533075,74.1854788629177,46.0985944005718,-13.127947128935,-31.8979171291712,-22.1321747122074,-12.5184420918934
85.5859365425085,68.2867045340764,95.0082358937768,44.7074955179831,-39.3466027348097,-39.4648475855819,-23.1854357890765,-16.3849058713899
107.18411739761,101.509044513792,48.162768267434,59.8174435292639,-17.6640288643944,-30.1907945122155,-22.1972173465475,-10.3908439766235
74.5353194909906,72.2794327985481,53.3669111539856,40.8702615641354,-17.4417107196645,-31.8635980957243,-21.2091582879258,-9.56380065487825
65.7182821479615,61.0465952992045,81.3724733262073,27.3712671186197,-18.1900176037468,-33.9733171047953,-21.1879283491279,-12.2421816863305
71.0265941478245,66.902347938703,70.3800442394508,33.0614803783409,-17.7353555723323,-33.2310126898829,-21.1226209825302,-11.3891390726555
88.1247369116851,84.9042240460945,42.9485227445972,52.786166320715,-18.3166239735915,-30.4428847065932,-20.9519344813559,-9.99439220156438
64.4717980121518,60.3933570344712,54.7253678517412,41.5083741537477,-25.4042368704188,-33.6628135006076,-21.2710138690665,-10.1548898626398
114.470731850031,108.268408586084,92.9507774380805,26.2695698818783,6.22727785415309,-30.206788743054,-20.5219198141778,-14.3145903900785
91.2092304268422,85.4428508951926,48.0337049761372,53.9788480820014,-20.954226153137,-31.6284214425441,-21.1931117974991,-11.1895865737137
76.7439110975701,73.2527339278942,54.1746078465044,44.2462739669784,-19.1776951941192,-31.6325858864409,-20.6013385231781,-11.1486137186435
82.5711846371422,76.7518376761319,67.1188928254844,39.8924561826926,-17.9220118333433,-32.465899330533,-20.4061966040318,-12.9737804564271
109.156696206286,96.1777001620285,38.0280103574797,78.3004307286751,-38.9895662710423,-34.0805004060948,-23.2070270592044,-11.5938692253047
47.5792832432924,42.8128242529331,85.135140966662,16.7523607611572,-4.59511903473347,-4.88427150194227,1.11169183441529,-4.53819242741645
75.896602727146,59.87957592426,58.8123858238215,42.3320116455611,-27.5303609568754,-9.49950892591753,-3.76076382401114,-2.45069370204959
62.8505954995687,52.4799320857265,54.3091402300206,7.8249473041055,11.3988501119392,4.88084004400533,7.74411308245513,2.55177495926546
125.760016018752,-13.9411886023612,45.5704898940824,46.1197432942394,-17.1243875446345,113.583489681615,14.5687862171555,-32.1643527747266
57.9031381628214,57.3641675136858,60.1778185214956,35.485062803099,-15.867968232705,-14.1591689934487,-3.16018200231663,1.51017712766754
30.4204079367259,30.6882963232998,64.2892975416842,11.9319790889821,-11.7016087817806,-12.1663499582264,-3.6325930207362,4.94414304796816
32.1570830714013,29.6053713941451,57.1533803394757,14.3245768952483,-12.2910965144478,-6.37281997452648,-1.53067840446425,-1.30657770044007
126.335805858821,142.410048434147,23.5758464717472,29.1308090814465,44.4604353454507,3.35730691215681,-2.50884891089123,6.6173533422347
121.906861310988,141.630738506009,22.6377695284022,21.2128129582314,53.0772323696153,5.69710700232756,2.24817933289202,6.35288642617342
147.226875800089,159.816044663598,9.48747381293763,17.0336617440742,66.2835095268086,10.0929255828172,10.3341090130132,5.78402865944898
128.726596617958,120.256886517162,25.6235872461913,-3.01014371224896,39.4480187138093,12.5213730890844,20.8777646136082,41.4722853332873
51.0971078594097,58.1626432625926,54.4371296844471,-8.09387520927829,24.8268867885914,0.941188655292224,-1.86614205124464,0.299814096110713
21.9467230551223,34.2340343827327,58.7174370414273,19.4224002700197,-8.52911126102888,-10.1166690591445,-6.44517990367447,4.33187715105647
18.4060164050871,22.7745392144326,52.2087392220946,8.38209477870012,-7.88406159188498,-6.54804265944658,0.591875392877926,6.43929082185346
21.3767983761136,37.8253875788685,54.9930626125032,19.2417968931201,-13.7624008135185,-16.1525154720052,-7.51070141109788,1.49752678722751
14.9125851657973,51.9553264185891,54.6439815483333,12.6483369967338,-29.4868911979174,-20.8612913273824,-4.40245870316208,6.03708855521899
21.7697426048749,35.3323001330426,52.0000237293185,12.847863383346,-17.2376407712199,-14.7881182480471,-8.16190238005376,3.09774430469392
34.1688336256726,35.9177582484684,45.3460095534304,15.904247431469,-17.5387270240826,-30.3981706290657,-23.1695579578648,4.49124767257854
32.9937385091935,36.4940410484553,49.9973531885991,8.9617235691383,-11.4318532073924,-29.5949801795886,-22.6944677578573,4.57709438738923
41.5396757747817,42.3293093282293,42.785503557446,22.4704465732235,-18.4357624194098,-29.5743583149033,-22.6788693097207,2.95918832183047
29.1658512408081,32.8532345742278,48.4634346646374,10.1880398717381,-12.8183150100921,-29.3704048121241,-22.1937779532763,3.67208362680093
26.3041789562482,29.9668142483882,50.1247588102627,7.49926486514573,-13.3286448546013,-30.0956491240589,-22.6564515247065,4.47643217598042
66.1815188296759,64.2030463030871,48.5161104185542,26.494680509166,-13.5957092548344,-29.5818472974546,-24.2171695249971,3.41576079358142
19.2514691295658,24.1160233702377,51.3850731265931,3.92898899866802,-12.243109277869,-29.6706895577735,-21.7500272899364,3.61091587144777
21.7057860480824,26.6432164324821,47.0301644860162,6.84384697420979,-13.2223499179519,-29.7039865506868,-22.3738743073254,4.77767433191578
26.1070272721261,33.1808874176223,31.5896500613526,14.4496237679939,-10.8276446217067,-27.4586799535603,-21.6137629667795,5.27833177154071
22.3514783945249,27.5556241868395,48.1937026971109,5.56599875140938,-11.4962012566894,-29.4471761783085,-22.1697184153419,4.49168192815598
35.3401704654554,36.878151902365,45.4959405177988,17.527949924468,-17.619621012423,-29.9231254183932,-22.5950391827156,3.09967766682226
15.4115200922514,23.8138840678308,34.5760156781608,8.24704230218322,-10.4996721615215,-27.7398866687778,-21.2231508008189,5.25587792438187
31.924632966041,36.1489019760742,36.5833400100023,17.5868459251495,-15.2226725480227,-28.8619517449873,-22.5749281387729,4.88485634382747
26.9789465163267,33.8943953635236,39.4717283482501,8.52427626249324,-7.82051054521254,-27.9528178061775,-21.9671190575026,5.45344433794454
20.3395595535648,26.586068186412,43.1151712818662,6.61043845963037,-11.7385267902188,-29.201099248511,-22.3896520367314,5.52319870564898
28.2575200925281,29.7837792398253,53.4557462898487,11.3585618723851,-18.1054901704126,-30.8212083268411,-22.7131659891997,2.83704087278881
26.6687981122034,35.0413104608631,50.1038482219779,4.47369353941221,-12.0822032419509,-28.519739895409,-20.9637910934147,3.74764498649015
23.0168217476202,30.9832418273773,42.1064873875793,3.4792774429773,-5.83213235799436,-28.2087651461728,-22.3322035872479,6.42689235173173
30.844463248436,33.151660920553,45.091848180736,16.2566450858983,-17.9302415610564,-29.9259230108563,-22.562920194595,3.15942078702402
37.1600904960836,36.8841881593054,49.9123472540186,18.5908454669917,-20.9573126464583,-31.0835758880174,-23.275465824384,2.73009606665655
-76.4298755275247,91.5543933490146,42.3463458823164,45.895219761196,1.41371067957596,-31.6426977992009,23.8012937551344,-4.96921802250841
-60.9841800649538,70.3351377107488,23.1240569335626,25.0865245473277,-1.95012736952086,-42.2495727603218,11.8110841751273,-10.5415301435695
-67.732938045272,66.3044529450534,25.091881455511,28.9630667077036,-0.338848032533659,-38.1364549911471,-6.63680285326199,5.05860883644492
-65.9606110424653,62.574063142274,27.6609298393141,32.6462346721072,1.45792255578129,-23.0972647565962,-6.76308154885384,5.59033994081453
-73.180818769243,81.7416565258012,33.534835595297,41.5510150744284,7.48308613849682,-28.8807431027683,-9.47183393474536,-10.940378570107
-87.8507493627069,101.448750179252,37.1194486499561,35.0724311342912,-7.22883606553852,-16.7390940400009,-1.70876012205055,-13.3293335955639
-88.5347779478258,108.357181708302,32.631460306061,24.0119080766922,-17.2478273906448,-27.9283104586786,19.3369905322304,-24.9912464643942
-83.2295105091833,84.2096011109196,46.1285872983824,59.7863267061603,16.9995193837519,-27.3738262980227,-11.2416928442395,2.49582314977662
-108.450365986268,119.140803890855,30.062949873771,22.8406696152228,-33.3853081185854,27.1463047594386,16.8257225263521,-24.4049684715407
-89.3187274217515,88.1519492806645,31.8117822045119,42.0991764019371,-2.68294295305805,-14.9480563063123,7.36883901198738,1.39314368524369
-86.9381072114456,85.7471865024406,30.2985470275279,39.5003970437774,-3.15739762166019,-10.6592835429998,-6.85744169266627,-4.9785725095215
-75.2518975094195,72.8019412082805,26.9226879693742,36.8394732349606,0.362691398071377,-16.3825529613148,-17.3100596264451,-2.79355075244826
-78.1103865667274,76.6367425030258,25.3680185037581,37.0782786029219,2.69734729318095,-37.9977697263445,-4.03226804835713,-6.69087408008432
-37.931196396192,33.4269888409111,26.166909420637,37.2981730555481,16.2818301451446,-7.34777506964249,0.104879229988567,-0.859929752751965
-39.494117461621,27.808956521202,21.3969622779383,39.0823708171392,19.7974097728023,-5.79749390620015,-0.318522196673535,-8.62326840132007
-46.6661301126532,34.104574155117,23.6813350146265,43.3932885364699,21.8571734464049,-10.9803733676568,-4.30391018554841,-7.3448925935542
-41.25539676987,33.1951466681523,18.0012575824605,32.0739820696367,14.917608964854,-16.3508374764455,-5.74199020436421,-10.5273347068733
-39.6280798627444,30.0293065712436,21.7529048080008,36.7095874540352,14.7357236076483,-2.64552876784364,15.3396805896696,-0.405357406591585
-38.7988425179501,25.0840955858996,23.7256509219336,43.2716828708845,22.7823321527374,-5.03932037659536,1.24685059282042,-0.0685105799511317
-53.2279964076597,50.3210302143216,20.1461564914249,26.0274516690955,-0.763700140078592,8.40919522464146,6.36527929389106,-15.2727362077956
-43.1052805191924,33.3550826228048,21.652768209884,36.8601408199598,16.2526523687803,-12.0660337355933,-5.98481671679926,3.29763534613651
-35.2889445679514,26.5615766059541,17.3243815691833,31.025799700943,15.4258693607031,-12.2354652759632,-9.66811822011407,-6.57463527944499
-40.7209720804028,29.0622772752033,21.4704470978168,39.2546558784867,19.6175737157703,-5.83942879572159,-1.66010323308318,-7.94672266540472
-48.1947902513868,40.1500018219765,21.6368133336714,36.0180126729289,13.6632779848756,-16.4521165803909,4.74936152132269,-0.376082251279141
-58.4162025382263,61.5646080390491,32.3815515696512,30.3550328725382,-0.0971068470041341,3.09117924914029,-20.1643111110621,4.27169481845565
-53.8356197095963,53.3936024737064,33.3562113211114,40.1148218499563,10.6969190825567,-12.2287430880145,-8.82199456348365,6.56952890156361
-58.8687666916199,61.2279974265937,31.1164172806851,35.8844172568948,1.76020030061964,-3.12475566246097,-11.859450678234,11.4714314802587
-55.5310820729572,72.0469317238642,38.3689201751951,22.8323710888417,-15.4488472146091,-0.219863597569144,4.92363227836585,18.5107885747594
65.9001500329523,75.4410226811052,52.3141742730809,5.59492300610964,17.7394036373173,-7.06976788447136,-7.11806399601349,7.46085380752864
87.7360155100198,97.5783728915824,46.4201970459418,-6.6521148449073,42.8997258940864,2.23670579528104,4.61792738330775,-4.72577665924942
13.1679308408026,29.2720456091565,47.3276274618336,33.1929284529085,-6.26084410848433,0.657972659485998,3.49255053474255,8.47627927963835
68.1182457191385,81.0389098483103,56.1403790122547,17.3005692564965,3.67420758021346,-3.19676606001372,-3.3705547770341,-3.54928007068287
81.2454067557384,86.6458787291209,59.9560677982267,8.58309722270058,19.3404156671079,-5.71529657496212,-5.56405792489152,5.01891778130729
73.0091555626567,74.618523065021,86.6133370359766,8.41862807551078,6.54846056849398,-15.1717333464989,-9.12364401745572,-3.85818297475042
118.739880497523,110.865751032532,92.0272938541545,18.2646113265591,15.6686273170441,-9.767249933251,-6.72578132696859,-6.41695570715975
100.799855730408,100.547488983624,96.6555808531403,-3.7723269561931,30.9718277629217,-7.85250410021735,-6.53701684439252,0.689658773586655
108.591227155494,104.845194234747,74.6012314449544,26.2546538216652,17.5816910513792,-6.37512286755958,-4.83621422131332,-5.52181237231434
79.2212852443095,79.5370775336139,71.9940051732119,30.5245215709675,-7.59510288279546,-11.7112683939749,-8.83034465849616,4.65569930119528
79.0248270442497,79.9187483049319,89.4720851014016,-4.13603324516862,23.7426888412878,-12.1325245539673,-7.69913804504557,-4.67235043014647
91.1473726178583,79.7202236059274,64.5109861787011,47.0177284750347,-19.8688688978277,-7.40794131089746,-3.88382338954677,-2.36352983519925
69.8581246851207,64.9239248932739,87.7576569254624,26.982522661925,-18.0380014126871,-20.6265702661844,-9.57807013278222,-6.00627783617107
87.5807110925383,92.1066783666548,79.8723128294305,19.797008537533,6.5348619288768,0.0389664476086945,-7.65304126921477,-4.24414940880696
91.1365337664654,98.528176282104,90.8075545361073,17.8965198934631,10.4749684570472,-15.6208704968818,-4.88872318071466,-4.25256285998742
83.8154984578236,74.8009687388389,87.6776450921761,31.4124211631547,-23.0930900517042,-18.9983475713893,-9.97476338010511,-5.31360051438753
87.6697440518008,78.2513388266373,81.6606977643744,22.016379742085,-0.899609004630539,-10.252643548659,-8.26162084955029,-11.4519708283813
87.1802563678057,85.1569744565819,78.7356270036139,22.6217653488215,7.10400327320131,-9.78879015112242,-2.86524628108246,0.682926008416357
-21.1115713521643,24.3942149912791,19.2601067811945,17.1819639409387,5.61995447190141,-17.483662528566,-17.4025492648922,-5.16112932313487
-26.2844819117504,25.4694252323952,16.7119924049798,21.2888592072682,10.6271548346111,-12.7448076360931,-14.2363814173285,-11.3843421344647
-40.7827376721106,36.712360585926,20.1354220446386,20.5040500508555,1.62574241408549,-1.87231050240809,-23.8472129503553,2.22743368918842
-35.8241441714469,29.1759636435455,19.5499096558016,23.894346202913,8.46412872499571,-10.0229251002449,-17.3930041786108,-3.53854702442016
-30.1565477015111,23.9889525409892,18.118914360845,21.6106095485168,7.65740510752641,-7.85226827256668,-15.5679415580058,-1.23977830055265
-33.4335234792811,24.1390282816916,20.283164979839,28.0332870606345,13.8339939325737,-11.9892620293097,-14.115971033391,-5.51399461165091
-33.9294394902196,26.7421591744841,20.0763927634099,25.1881492465418,9.50456495298816,-10.2990659492613,-17.0731645352121,4.32715144920892
-36.6349073036654,29.1188470243584,20.5963305222417,26.9596962196091,10.7874566995775,-15.5005317967079,-6.21539247362439,-0.505674036809825
-37.7382246953229,29.5469991617352,22.1745847768757,28.0872224644214,10.1745728805927,-6.03568032687334,-15.9793307232589,2.78536820193805
-37.7524527682543,28.7925775684313,21.6925648816897,29.4943666799683,12.8758901921,-8.97583531738006,-18.8172923187547,-3.43537574153035
-35.0277381625369,29.5400690488176,18.8289761772897,20.9924190381006,4.5920723412132,1.53861728304629,-15.8170214173542,-8.0455502133114
-34.7393853566251,27.2359036512362,19.9655000520356,25.1690069201488,9.73936022455793,-8.7484325531086,-16.19311261917,-2.69277813647505
-36.6274840556853,29.0172911335461,29.2346368649058,41.3976988178085,21.5883852659255,-4.27694888840984,-5.63237752641874,-0.198556922495781
-31.8274404449386,28.114365491127,24.1823501870324,30.8563102158216,12.4949418052476,-11.5371598594812,-14.7532612702632,5.48189214045723
-32.5019316328638,26.5139970599762,25.6845585444438,37.2995942617627,20.5194921927321,-0.640802068778569,-8.02917059016831,-7.36774489205861
-32.6333503282726,23.0059465482886,16.1352381667774,35.7253280788809,19.1746734509387,-6.6544898176495,-6.67574912556234,-7.02596140209711
-40.1847892388358,28.5927901935564,21.2851948703473,43.0806167959104,21.0153866266823,1.14705318240554,-8.26946298003874,-3.40196638277354
-34.5114941306759,26.1814656618874,16.9474062801182,34.466846270248,15.5287483123585,0.747143824260611,-12.6839279291663,-3.53844652075919
-36.8922760133417,27.3635924177063,17.0083282209643,36.3753504155998,18.5060735072565,-3.55740385122564,-13.1784675467537,-12.9408819251403
-37.5913025344526,28.7236273579235,18.3009660560336,37.3914330919556,17.7386971486199,-10.4299221117945,-7.28176922008398,4.41666654101761
-38.117962344499,27.6699926428752,18.5732862352661,39.4549326512977,20.0122768289833,-3.04042103800618,-10.1077710562478,-8.97284241632203
56.6804581537587,88.0849436563809,21.2721675567896,17.7679229825699,5.61271109789466,-12.9153457456221,-15.7824600713428,-0.551423551010096
65.3923481596406,89.8889664126579,17.7011306583323,9.85241147007268,26.499411147481,-9.30827679456716,-15.7582559575322,-6.9652976768885
95.2536508570159,109.539094573345,-6.24709555159352,60.1106864841479,-4.08732246471609,-18.9395953809776,-19.4835274861369,-9.57518852247943
64.6390185914435,79.5779250734924,23.8723195591964,29.4638569938751,6.66102805330895,-17.824432615246,-15.2966816851201,-10.8569019005505
102.516393401527,120.981639095282,9.61450965720866,19.7212505309322,42.2933710412942,-3.95790515626366,-12.4122844760893,-1.14060765526911
65.4938101998131,78.123780442681,-2.64693842433054,38.7949274069822,-4.1620697103231,-15.4728016189072,-14.0461067504987,0.0300470291183461
57.5956637201066,68.0033696623968,1.54703799916472,24.7903056418693,7.51447774223995,-7.02828996376727,-10.9499296289354,-1.77524163858653
96.5085182715009,115.613232983018,3.88226390118097,18.6093605811754,38.9268474039642,-2.60909945455652,-6.89842266203636,2.24942791813487
64.8911546528427,78.2175049673064,22.1414809225258,13.0040358522157,14.2709691160132,-8.95891288182621,-6.66402799399567,5.23074122817135
72.7842853204788,92.0596068297677,14.1765569261163,16.6853777149751,22.792970709456,-11.9000516140949,-7.05131295994864,-4.09667156046914
107.801081627184,127.446908118222,-23.1727890897086,53.4474246418746,11.2021741692421,-5.85632496750735,-8.81866940937624,4.27169706674857
76.6822925622798,92.4851577653031,2.76590569255691,38.5591094643211,2.68588850218329,-17.1191840947792,-12.910880752819,-5.4963851071008
96.0268270742048,114.630357615015,33.1834889240391,-6.2243369510038,52.5311401092986,-2.1220327915443,-1.90705780438199,-2.31465072150522
80.6721412206434,106.69692235844,25.3044143271622,-5.68652216007817,54.3453940314797,-7.98247194838373,-10.8036466992792,-12.2424828451764
67.9879784340438,80.4426208082945,21.7085872172453,5.30111551915162,24.7295672728259,-6.90787580091293,-4.33189535221007,-5.50148311342187
95.8821427052389,117.408483592685,-21.8574895902978,51.1169740954519,9.1665540056909,-12.7562345286217,-12.5665863386173,-0.558851892699083
107.007780446731,126.973902230973,-11.5753957292011,19.1368932213673,48.1418687595111,2.49062769029516,-5.050389991751,5.42828453001862
84.6536174987694,116.617144775889,2.45451822425129,19.9675187205361,29.2757529911241,-16.0095882609472,-13.7228045787601,8.69421606927937
100.283807429842,121.875808986299,-7.80700916000439,22.6582718204862,41.3199503355335,-0.21749723930069,-6.9106809953709,-2.715979955279
100.246823562663,112.846203463685,-3.88050437365643,36.4888077873232,19.9642449660577,-7.95127720694791,-15.4326734646658,-1.21112154658174
-38.0388672525227,59.4994675877121,26.9709888909684,30.476105073993,3.91895980076531,-23.5854646258313,-28.1923305595676,-1.12944788969725
35.9040723384895,36.9126356541437,85.7190088971583,16.0803557451255,-29.7783770454659,-13.9971401128359,-15.7000504311249,-1.00634495992909
40.5097156587876,35.4976837356091,85.6196885704182,13.3167956002565,-29.0146576477567,-8.38149313734101,-14.5091220258597,-8.44100064135746
40.6425588708376,33.6742327282046,86.4917398756212,11.3605418111618,-27.7433945978373,-13.9666966369063,-11.0922901350246,-9.20049471838746
73.4377706140009,73.9055305032749,50.6349115345416,51.2229145249812,-36.3019768090449,-4.65724723989793,-5.94622980204865,3.39102320483536
32.0449895603913,55.2236859429758,53.781532844653,8.57249050860278,-25.2449178132479,-4.2572538668299,-14.9653574093638,4.85116180800131
22.2133312681299,41.8208545146645,65.4378713676912,-2.59642451266137,-24.4104675075231,-0.672064211779858,-13.9942190076912,10.2963736930799
26.9714330399323,74.9444581535554,57.0528781186446,-14.4742570634943,-14.9622961865586,17.6609950003089,-13.0055839101197,7.15156752406883
51.0125422461672,85.8624643091836,68.091271794941,-5.29699627557681,-8.35467051556439,-2.86671590921397,-18.3630374375485,11.8857596757165
25.7873917124594,70.7835229048302,54.4511524935983,-14.1045141722703,-10.5130407465624,12.4592153778545,-19.4345985886101,10.4475793323231
29.6456058261976,51.9762744352891,42.4368865118935,3.43318024151559,-13.1088180907684,-2.82457209773046,-12.4777519002067,6.86320431836505
56.0554507723924,89.4241345818066,46.1243205782376,26.927521523951,-32.4372527215891,-0.638654579984124,-9.76608857124439,9.08769229990518
34.1010026915222,75.0158826192379,60.3542146482001,-8.39889975446451,-8.68890750357428,3.00539626228959,-15.6864744985008,-0.0202645606353158
30.8100368561061,63.9415369093205,44.3541875102036,13.2706148115666,-26.6702803526681,-1.7071169753877,-20.848529670449,-0.732688811059461
14.0419411523779,54.0125156810015,55.0614039579765,-1.01738512868883,-32.2963482524658,5.19775507105245,-17.9809042400507,12.9065745133528
11.9257161128425,45.4544096134763,59.5261574733585,-0.224961424715755,-30.9518863622648,-8.86346607547772,-19.0469862322713,3.34557135780607
35.650798556912,66.1752982352483,51.4439275593904,0.675884786073521,-14.3655500240777,0.318721658653472,-14.2836323085395,3.43460231174864
9.78940633442406,59.2213331146418,51.9051575706991,-2.4925861697445,-38.2306973527411,15.1039338284721,-25.7287361847809,6.96860429519184
11.6263867835751,54.5432294685019,58.6223846003352,0.125429275953117,-27.8075985447954,-2.99888566871606,-23.2274891420913,3.75165154989615
13.2635032616168,64.0216263960454,56.4780847025755,-0.855156519366082,-37.517728197316,-13.4949084337048,-20.5248347154029,12.5335753651035
10.0232520827219,53.8653120575942,46.966637802256,-3.34599693151708,-31.5639401509386,0.570344503949986,-18.0017701189058,4.79948559315824
15.1493942612498,59.1755857684116,55.7719053643366,0.570641593311059,-37.1061664181287,-0.438349529347884,-22.6804115702526,10.0401980380944
17.1170456266572,59.1163287162643,50.0934337182552,-11.4254590435708,-11.4779363954426,0.132019349603426,-17.4216927594365,3.8616547696571
15.5842871074841,56.7756470109177,64.9690565510898,0.211365420803551,-42.5907213953037,-0.974736173505181,-15.2438160574075,7.78240329920849
7.93290821099457,51.902579285923,58.0933794627311,-0.664329508638816,-36.4761966877996,0.0175785375553494,-16.9565669660383,6.04906758461286
24.1977885208856,50.993693197394,45.6682018918439,4.84980199291553,-21.6105897129726,-6.24990214070062,-15.6691690845109,9.28712923109228
74.0483101751162,91.2017590387164,39.6464721669588,60.6712981018993,-52.3667887838704,2.42924206637114,-11.4071059754945,3.33080614048406
12.1536076688238,50.7529628634008,56.5897740421557,9.70859931392964,-25.73317667313,-8.23148407750291,-15.2871035121899,3.77583459186403
81.2360447380975,86.6368802831863,-1.44977602803621,40.2270166198995,11.0070141445252,-1.90600466377034,-5.59876274940495,-3.81042756385347
63.5900761336372,66.3027860050572,7.21652197254839,29.1132350745883,4.36377589829498,-6.66404566920845,-3.9757701977204,-8.05320854190145
63.7955623273793,66.3544115678349,34.1910116482142,31.4880046447052,-3.49872990788547,-9.33939109232238,-4.02482582054603,0.592321029399409
50.3672835398629,55.8669609679987,9.18915391853014,34.84104319081,-5.77424440370858,-7.99413784841673,-4.17388409260031,0.896218774588317
55.407123814837,61.3362676054386,11.0419367969852,23.9250224963493,8.0886894676976,-2.96087462732272,-4.76973982000663,1.74795106664739
63.9824507753423,64.9032325008836,10.0201191937069,34.9063817714576,-1.36762719211425,-6.30603498640046,-4.23568523503099,1.22518736249822
61.4009725551898,66.1734879111035,14.6575393563073,39.2200577062762,-9.24632904650527,-7.42165593913844,-6.22962476596872,4.27774392331882
54.6460560614483,60.8355616096909,7.0335822843719,32.7075671513901,4.63355181784289,-5.60143630534047,-4.77830139853333,-1.34684309838745
58.3861533424711,62.8019670017222,9.54080382894865,30.2993951732215,2.71364840960735,0.0580817988893773,-3.02635339934467,2.17091551393925
33.0408470633503,44.8949819643584,7.28246264303742,31.8278099882397,-8.30505563053256,-8.7816850170399,-5.43668396075548,0.877078595809727
45.3155042323744,49.6708121007923,18.6109909119783,21.3645982590664,0.177303491257978,-6.77046872430999,-0.68887639562687,2.04921034652247
83.8214729170177,91.8570237317578,-7.91859901070896,50.5938978241682,1.45654251412882,-7.04851350458564,-10.2299187273941,0.701421168040232
77.9184664182135,82.449675672865,-5.35320589246069,57.3825088700567,-3.81934461274484,-5.6226825965871,-6.54082222314931,-2.99340696748198
63.8494002909097,67.4552537768207,19.3277755396423,30.4013134112783,2.00401593334251,-6.28886828325447,-2.17708911672395,1.04588752143489
65.6652623455626,72.2928035652111,7.78919474698399,42.6528341134745,-6.27850218288817,-10.7231528253586,-10.4782236122979,-0.147518624003705
93.0346234832429,101.276484167656,-8.69655065744294,46.9643522559513,12.9957147871147,-5.22275816596909,-6.51493637049999,1.15351048371806
56.230990163037,60.2604617064851,23.1921452421644,24.542524375834,5.07051022532549,-7.41555239129749,-0.0401611977330461,-3.42590598847789
63.9510101774574,64.1135609239508,28.3936410185787,40.2189180383687,-12.9496786552374,-11.1609022140587,-9.15718399903168,-2.70503854453644
45.0684621710381,45.2653765345184,27.9123790076313,24.5801516682971,-3.92065813036022,-8.17982545413504,0.143101919705574,-9.87552602919861
73.412208582314,72.2383582473463,0.410184143375621,42.8038367166519,-1.41250906603678,-1.87037267262525,-7.10758606557611,-1.86095196501299
88.0219155024686,89.4898962889445,-2.21955353815481,62.1061431674562,-19.3189073946885,-15.5235681830724,-9.55901855786578,-7.55934309887165
87.10055768945,99.5327621534363,32.7059259481106,23.8824962582485,8.46322019855113,-10.1230480487996,-9.94897920378232,1.90173339212701
95.15669911457,98.2906885508299,20.3532940485738,27.3236461693157,18.1163131473952,0.647577100072137,-4.86492397526686,3.35267486816299
90.0819378779442,95.1920464751285,31.5767019197152,11.6939874196457,23.8256932095835,-13.7428396012909,-15.3375737322576,4.07434702911087
62.5555389636981,67.6199024449552,50.2771847125432,-5.20846987752602,18.4502665799395,-16.7174121658285,-14.9691866472606,3.0161870057687
102.079400713567,96.1056070121763,45.5747247313062,33.2688344426387,-5.24778091804934,-17.018760207392,-18.1349155653825,-1.79647010531958
43.9030523383243,42.448824528625,46.4595018568327,9.92240017825519,-10.1675875598293,-21.7055989310164,-16.5831680738251,2.2204940848063
74.999067309002,82.463062737049,36.6199540533253,1.12331215467671,24.7983046893879,-14.0856771092385,-14.8043998074875,4.73584602855772
102.386679777286,92.9353344364531,34.7557581063623,43.5526743763206,-11.4343688840703,-19.8289858312223,-17.3488235407067,-1.11553315811073
68.1569257887402,62.1341201436171,46.3510561908558,24.6709055524282,-13.7053417112003,-21.500659310182,-17.168698336526,0.259863069088202
82.8853527352996,78.04874316352,52.4557162071987,16.9615107822298,-0.645962144280392,-20.0744517132938,-16.8354526845821,0.612794260223492
71.7242309109078,78.4668546292533,38.542855905225,0.0033228118548917,22.8263171895515,-14.7214306058958,-14.6269266763424,4.20701147762347
118.544665004304,111.188421787892,47.5876242556971,29.6187728201849,6.57637866341212,-18.1125569470212,-17.2007678594157,-0.14980979467655
86.5932580850607,89.5505805966453,38.7638710482767,10.3704056378213,19.0777826762436,-15.3266775108393,-15.5175746786324,3.07699520188148
100.661954295061,114.553580206451,39.3042574539435,-10.7961440057469,54.1904837295184,-7.73963553046719,-12.6504335339346,5.4024650749413
64.581216131233,65.4620388651047,31.9945760507544,18.1638114332289,-0.0276201879777682,-18.2654604175509,-16.445541876381,3.49362909083899
76.9956072670794,73.5786494035911,35.5693157680088,26.6045129246514,-5.82334643377425,-19.3033693777976,-16.7132274523608,1.41694060437534
81.1455174464994,73.5304725295123,47.5145663855333,25.9916967921189,-10.0134344690423,-21.5899625838738,-17.3605110075575,-0.178323025291703
-60.9569408218466,68.490082941364,32.3484309827278,29.4325390328176,-3.41535374965515,0.148696784841473,-32.5353515691001,6.67086916283212
-69.8978412035397,85.5133163238286,29.9254327740032,14.3788013889223,-19.2618729133033,20.3724111991539,-50.3440201501865,-19.0331435752228
-25.7604393845861,21.8206299694764,23.6910217370617,31.5448055298133,16.9232825375537,-4.8879855032015,-0.672235732747431,-10.2534078503376
-36.6962992907971,37.7333691278723,23.2194483008702,26.6617702684822,7.84514025769255,-4.90549262077011,-8.79543118898697,-3.5348097185041
-43.3298803401493,43.5930948627742,24.6045532727335,25.0187100228934,2.49204864576818,19.9218123340336,-3.42524663315652,-14.876222375665
36.9659279584659,33.7214686056236,37.0194745118831,9.08061763562007,-4.95606529412949,-7.33679305430175,-2.92719329494087,-1.09636726913848
