-12.2851760580477,25.9299567346419,13.5287014148679,6.80158119153525,7.87626552088109,1.32601983389158,-4.6659223901315,9.00112007606054
-21.0334049082579,42.6844676834334,13.7424516906635,4.73291712418955,8.48916448406933,-9.2881794235702,-8.7022741344685,14.3638738130717
-25.283813188794,55.1713062999998,31.8332736879064,7.3286964522994,-3.8921130423744,-12.4482020221154,-0.907646793204971,15.9138923885766
-17.1730595678805,56.5302261711371,28.577967699754,1.56395622684684,8.04637521943869,9.02072517098862,5.56632906591365,3.76652155157142
-14.6329253208222,47.1144590387981,23.9561377823179,1.02929716609571,5.10881395515442,-7.22600417047004,-10.0468421241274,13.3386206025328
-3.59041806817983,33.9457022876022,27.9513443013905,14.9020377398533,11.8620966618842,-9.15665797429234,-2.44911785134169,0.135277420627817
-21.9166210121062,49.5899537492691,24.0749252552882,8.35216957394543,1.69511440920326,-11.7843156043357,-11.5216657873469,10.5390716473856
-18.0028317979158,43.8157263735895,30.1708330642708,11.3588549953648,4.26365685385832,-11.2079176382205,-10.0305797047242,4.32510913842587
-12.1262519123534,57.0835340142809,50.5948027700912,12.215601581046,16.9671902878772,-5.330707687205,-12.0401380622862,-0.451238769554154
-12.675498773397,62.0998704539365,41.9746481829872,3.55483986751355,10.3862908479424,-15.0112390246673,-9.26848349387382,15.8785305677623
-21.2835155285088,51.5163923062085,38.1068546511374,20.9137293307405,0.965103539202977,-20.5465672189254,-16.9685386003277,15.3288193131819
-14.610629459389,56.1307739485897,43.6347918692762,7.58469532100516,6.68092892767135,-14.7433853528533,-7.19912050765777,17.8000963020622
-23.0610771098187,53.8150641207856,36.6405496421183,19.1898904927336,5.88419369809651,-13.5241144486322,4.56197952952593,10.5803772963161
-11.3657306151047,54.5403137711531,45.5013727654458,15.8931526163018,3.8025378604038,-14.3187485034357,-4.81776020597232,16.0676904859325
-13.8592549761015,52.5989752343396,32.0610912537659,16.8516557102733,5.42821115563662,-8.80776778601407,-6.7487743438624,14.0266434330989
-14.8584935246132,42.8667069888179,35.4756604892319,15.6872666594149,7.13623480496938,-9.58820333445528,1.04478391107019,20.0304422249319
-12.5937290943163,64.4071179310758,39.6394474430225,1.11126409999424,27.5601307518655,-7.10109301243495,-4.21226034241677,4.94816779135292
-16.2247428479642,66.0646011949572,44.7378279448017,9.48833582861877,26.7171369863973,-12.3277040593447,-0.277316773214386,13.1112764230166
18.9493455578372,-15.0942493002692,-3.64349243079171,19.0288292224412,30.2201408747286,-7.14348843911469,51.0883252415681,-82.4708097772304
41.2976723148924,68.3407997978188,82.7056807643688,-0.674188124826612,-6.35812285583883,-12.5670868284118,-15.0105909838089,-7.51211310890251
31.0986616565599,85.6502049209913,76.4423825022462,18.4258557255549,-19.3539935121279,5.70932656546315,-4.35792500550668,-14.9454411366205
25.9462053617737,74.7491704131381,86.8598990640723,1.18070354678514,-21.0042599822507,-13.7207340083098,-16.2725273927911,-11.0493473775749
41.7273026435827,103.238620973972,99.6266057727874,2.95012902311463,-21.319886010686,-30.1209947204469,-17.0745308417638,-10.425883011832
42.9767483979735,89.2230108116025,105.42989994233,-5.65235957797532,-1.1998295874069,-25.5675129094459,-23.5738666414965,-6.08379083749723
60.5642441881207,104.684147554657,102.670049970291,9.31491638262308,-14.5323256440585,-23.219672656566,-18.0495521151586,-14.1409948997778
41.5192676713404,110.235846472942,99.2802686137951,-9.76157345791939,-12.3298932671928,-2.03562555412343,-12.4723658444451,-20.2339343089319
37.5874787972453,85.3664518347459,97.404437622289,5.9066153835354,-37.0678579389185,-9.84778581268724,-23.0097761831132,-21.2676435395151
38.2932206465941,73.5972538449147,98.043094164195,17.998228676736,-23.0716530577163,-25.2793108688879,-21.7418493560703,-8.02555206132455
38.8984906727423,76.6499807083939,101.782791328695,-0.099171200079385,-25.0115264840838,-24.2256654187673,-21.1642725826776,-15.4012186716234
29.424847952126,96.0751496289094,103.260689632349,0.408900127233513,-40.7616334644446,-13.4846924089219,-13.6763444882468,-20.5452640994836
38.3016955683997,79.1435033778095,96.8321097022525,-7.82381981102393,-17.4577959628767,-20.769264294687,-23.9817944266714,-14.7421387100883
31.3077453364153,83.4409450283454,118.424517892873,8.68157023009279,-39.7053491272836,-22.9206628927432,-16.6946058183053,-22.315023980028
48.4324782413677,93.7211620851036,108.594858292962,3.6091078570277,-13.2740086564328,-17.7840833692595,-11.4450075143691,-13.1822859056906
40.4139565258832,62.3332895687779,107.686423607378,21.8614656663959,-33.4270687365425,-28.868997884819,-14.5183354709186,-17.4284711395492
41.987179064509,82.7882251180151,110.807839135322,6.34121420198058,-32.5715889556432,-12.644338331151,-16.1848899542976,-13.1879996812226
49.5414301192045,70.6948060889226,108.711404897014,21.8860196828221,-21.1582836573383,-26.1924101161741,-15.311737622857,-16.708080541518
1.40928064137565,14.2594467768406,34.1335102725447,9.43627487330056,-4.32650867669872,-12.9746135350879,-6.50804197543512,-9.40315333838688
-28.9689491410146,75.7420171310087,32.1067883182467,-8.52901059072942,10.144003813458,-1.41168480992378,-3.3917977098492,8.70108283245709
-49.3626681075306,100.923029617535,42.5648431699412,-10.6965770461672,-28.5201227008946,14.7595970738367,17.742437834357,5.37134020323307
-48.8797545954754,103.430598584386,55.1886039334594,-1.82240151671238,-16.9519276072841,-1.49773959783066,20.3139245205432,13.6153152790367
-38.881480027314,112.340974182676,54.4722491483869,-13.5241246155694,-9.12191793698265,6.83038516333033,-8.72242294283952,10.5775151507785
-52.8865702691716,118.255415759182,49.3372292789481,-18.1989705507405,-34.3972448305832,-13.2132153423335,22.5953595804066,0.500344403903646
-51.1372010611096,127.98422549065,51.93545745043,-22.1653668998325,-6.82765973119614,37.3431890322006,-15.8078200146762,10.311266735557
-3.73890105056542,14.5727100269132,6.2227430943077,3.94318280729859,-2.23811097748632,-4.96479857547604,-10.2414871528044,-2.14214602885484
3.72670923047574,77.9228022757463,56.3074899512298,19.3033330667064,-11.3847182063499,-31.4549229584078,-4.10135589034869,12.7086391966665
1.34592718977204,59.4878091999917,60.2153255530772,15.8638077690282,-7.45387463913117,-17.2739687107913,-9.729139897594,2.05647906717595
10.9955670647126,64.4704540824615,54.1854903315357,13.0774932272961,-4.68104949236401,-15.7159026342997,-0.298804625730934,9.4811660972942
-28.7693644165955,39.006186857235,29.661236912641,32.5825723099247,9.88862187931454,-10.7985739017012,10.6784606339252,29.68963078257
-50.7796612772998,92.5845268732184,72.6277631860435,48.1651302872836,1.80478676813259,-4.97706500480443,-11.4848642846948,2.65071087801052
-53.9535205410121,98.3139622869111,69.3469472967671,61.3503118065961,16.5173048937968,-5.90108607665619,-14.4022239842492,7.06363465346579
-57.7544468653652,105.722293936957,71.4858685438513,47.7842607457821,3.30860202925751,-7.03971358368811,-6.45737993010527,5.41146662620039
-49.3293409153329,82.6405644117389,62.4424806093752,66.4836440866588,22.188270831421,-11.0333214182629,-11.2300667228097,9.72853553549472
-38.3948105494474,96.5871192388179,65.9650764336622,60.5047924193013,28.3224031064679,-10.5275907267759,-9.89263315719395,6.5988716956878
-47.5550474882749,105.212622499265,97.8271818941355,53.6150855245412,-9.33611754839797,-14.6376363200534,-5.56524717911471,-5.92523980137725
-35.4358178304701,111.342820469192,94.9353746166751,31.5436546419645,15.9718103803356,44.0794608411482,-18.834221784523,-6.62928984458913
-37.3106915188642,92.5995253849816,69.446479603911,71.104981909219,11.7555880468436,-21.1807373783251,-0.855865666306741,3.31707118717714
-36.3070008080837,99.0384145641344,70.7598004994403,42.8917896563648,33.6465754188801,-11.0199005327176,12.3818040707184,3.18666767740249
-24.0033135697095,98.5446425077663,95.7395857224537,61.2320733454506,0.319316030249128,-13.6455991040248,-6.35302788226965,2.75776303454548
-36.4271542208667,75.4364421974001,57.7139777055887,35.8808968518237,2.66860432522142,-30.8351324458221,-1.62086109454336,7.66443500322528
-26.7696375771957,111.809397632854,79.2151891270033,23.7037993166635,24.2303306470546,-11.4222419397428,-3.83027163746822,1.00218448829156
-1.08797263877075,19.0863738748309,3.68026247877789,3.72094586043923,-4.58415797717235,-9.57644991067317,-10.7299160451312,3.36940333204111
9.95573217636293,42.7844841257967,47.8851615542638,9.79004319304341,3.98839050656876,-6.97543986008794,-1.35204131337157,1.11506326619828
5.74003273852225,29.5380912378334,47.9624123023272,11.4358712442858,-5.58915288527591,-12.569316879013,-6.56448298267838,-8.38929251903379
4.27891509061755,43.0880989988451,30.1839422686081,1.19478473513548,19.5685482935051,5.79555293750633,3.73837808820622,2.45382881328352
20.5318466227347,44.9885875895338,78.8266807971864,20.3525662464639,11.6852302969797,-1.18113682941031,0.634743657467004,-0.905473832446223
16.3003163129136,44.9451186747841,58.9190198523099,9.0302862398409,1.35987752103745,-8.15841862345124,-0.592336881423891,7.00356371525613
14.6945011718115,44.3064114880163,57.3769818380828,17.7998829882141,-6.71998788559112,-13.7306347726436,-11.773441881162,2.34903850203067
13.4162432837549,57.7353253935477,54.6694677184644,7.72077695628008,1.28759627304927,-8.62823283698158,-4.92524213239636,8.42383788564231
23.0030444852954,42.2458755055344,51.4597375815841,16.8395862753684,-7.06859310957272,-0.104261968163406,-0.287008412393776,9.12793576154239
15.4610153164502,44.9467525704252,48.8141477899384,5.69521132873493,1.61085195297999,-3.0930054866247,-0.348149827194339,-0.299307016715448
24.4321123868729,58.2850120338665,64.3316277820431,-5.09305575033834,21.1205812024991,-2.14378737271439,-0.48291434890983,-0.943488487259141
34.912938995085,53.0304164786675,56.2219841182053,-3.62077155791278,18.6816443268097,-3.91024407534802,-3.27526079613126,1.07541686050472
13.6007783375648,44.5566591867367,39.0735727913876,5.65543434432857,-2.55219529395516,-11.9526681574927,-1.72269163114008,1.53170855284096
11.8815510564415,31.6913428160422,39.6058214585368,15.2029650728239,-1.43048446535149,-7.72585980558304,2.79006042581157,4.63522609019264
21.3177049966017,41.0807595359461,45.7972869603602,13.2447263036934,4.10758902865949,-0.832769377362031,1.29509512261235,5.02276604830274
5.89269822214088,68.3083273505572,56.5760098949571,8.6998380232785,-6.78534943730659,14.5049358106121,-0.856764539667514,-0.299145620100106
8.74546271418352,27.3866722186234,36.1475854938825,9.43499186891561,-8.2911408949924,-8.31602452426942,-1.94563349476204,3.9533552008087
11.8342317687541,38.1821717138094,26.4092582151706,15.1135195095246,-16.5709443466472,-9.42216110900118,-9.53862740765913,5.42428452638504
12.3502523134407,55.614989867511,76.9774208512834,35.9388130693168,-7.57892948164273,9.90826665853382,-4.54214239535236,-1.21917310445186
38.5525993378478,64.8025316545647,21.7316851166741,46.2639216966313,-12.3357575076862,-5.23487280468284,-6.13989955608474,-2.76094838112872
1.16180442887348,41.2813267643275,40.6933993948106,6.70306868815233,-7.85510909257734,-1.00836749819126,-10.2886061344565,-4.55675177127236
11.3063034007394,37.2301917541548,43.6041821672528,10.1799125531829,-0.3209301567449,-10.2536324525828,-5.34191920035057,-4.76339557341607
13.9115607616387,32.7171290057117,37.2424162699239,18.2729235784849,-11.1012596498607,-6.62429523048965,-4.72609794267772,6.35412162159591
15.3688801910356,53.1675128596637,51.1115229362567,0.86340609544582,11.2662931802687,-11.0172174612626,-0.464870958606436,-0.668819885612597
32.0568509375328,59.9138817723753,58.1443102278041,8.56064130841134,2.54621153158221,-1.68357924112259,9.30507900149833,6.18221156792257
14.3945738520122,115.177205709847,44.1694354127753,-16.0186110347156,37.169515018157,-30.9383302547766,-10.2030649280669,9.40113192634445
19.4435725015584,97.583688015762,29.2113617585559,7.62366860555872,2.89290367411459,-28.6699738076624,-7.97429519063551,4.04452799552474
16.9218729750185,109.346175949204,36.3139637012743,17.0886468654367,6.98483914440308,-20.6456394559933,-9.41552275560564,0.429879741159255
33.965436106242,131.748822729142,38.4808900107057,0.973251914546893,16.0682878871109,-20.4411425851573,-13.6310307584728,-6.45223834963845
14.9942835898849,120.052338676049,46.8923990067556,-4.2106726219123,-0.187189718938414,-22.1987954261357,-0.322905838367394,-2.09628271295915
21.7732528075629,111.280344964038,40.5075298028262,9.8266312188838,12.8250666534693,-25.8531625100896,-12.0451266406871,12.8216633968047
35.9327879339369,90.3399461494408,44.5991777047896,-1.23699431054482,14.7625412820876,-31.1579071923853,-11.2149836996578,7.56978572992808
17.8828444571766,107.906865245659,40.2144650586663,2.88738068271735,11.9985136354567,-18.6432376759941,-4.1913066445376,5.18815752979475
44.1218746640602,108.817303341702,19.6248147324735,41.4156088454957,2.55670940441193,-23.810485867485,-12.8227538979323,11.4777779058941
21.0009943287547,116.001988330995,33.4081028429763,4.23295286151382,28.729119628398,-23.8617659954051,-1.08801101638126,3.46128587967346
19.1686156372224,95.4791723540339,29.1723504379748,-17.9917838264735,22.7985583445456,-17.794837750681,-4.11126542731101,-3.39347930953675
13.966034458303,139.512157686818,20.4285264974673,-11.3646125842558,-1.80665191962464,-26.8884670929,7.50295317010796,-2.44672645164683
28.0558202030159,110.432060440812,38.7791318807788,-5.69486985335733,32.3042659894439,-24.9143294847557,-17.3299941340846,-2.61727031818337
16.4759897044298,117.260272421113,48.5587298535108,-4.92171857658072,27.6411681153923,-29.9642489951057,-11.6797741246201,-1.77017286220605
6.82135453298077,97.851120538085,43.1895245344682,11.7304780852445,-20.6362960988339,-25.8755089354764,-17.3100234687308,-8.7166314036606
6.29134172608462,110.850565167189,38.127939342196,-14.0517759712343,15.3601887312746,-25.4922008667573,-3.98464365731249,3.48297063354489
24.9839801450257,129.583951256669,48.7677115609995,-17.6359512307188,47.6787365227357,-21.3711447145375,-15.1533058919205,-3.01866706496608
6.747821609878,115.606296362925,56.505840127005,3.16719985679394,-1.1095577072671,-32.072369257009,5.50095875954926,-5.46226311881101
-25.4349919815885,135.535595623727,62.4993516946924,-18.626619586862,-47.2712144052114,-7.17257838852072,4.17380375747909,-4.53014724580905
13.8404477017041,97.3361581956296,54.8627031103394,7.03624320589322,3.75025811572187,-23.3845610610007,-3.27799424823601,1.44833615142892
48.4076717014896,82.1015005775507,92.952577287408,-10.2410997721384,29.3615019905478,-7.47324153508062,-12.9251845495462,4.93812349523209
43.7077436541154,46.2463533527936,84.4522053059056,10.4741280585452,-17.9791744273248,-8.15564319264599,-8.83737273053572,-5.1918099654137
58.1522671284291,69.0834542072058,110.015112579122,-0.0549316272768055,-11.5771155306937,-15.3111690168662,-21.1771351710983,-9.19842629712375
24.7030196426875,48.1400580899778,84.8688451397422,9.80354075938402,-12.3089139264628,-14.7813793769749,-16.5305130882463,-0.774049445302396
19.0581628235935,56.8154281999137,74.0201700124604,5.87428906489041,7.6610943878692,-2.05486009822849,-12.55889121601,5.72670247810533
22.9364420318482,49.2606219476858,100.34860322046,15.7397412528043,-2.87013468980151,-1.79950880368903,-7.58492521607312,0.531605682557623
32.2366410572547,70.1954997197732,106.65856875572,9.64125425343954,-10.5441369815652,-10.5335331087214,-22.6199580211369,-7.71617149669569
19.5179894551849,67.6831590298331,99.2824072365143,7.843006108565,-4.77713226634191,-7.207560315079,-10.9516480355177,-3.40557965381525
26.8610681685969,48.4298284672678,95.2553182014028,21.5293087674554,-18.4978005218495,-9.88333937389143,-14.8734643302038,-4.58432953271044
43.0905952003223,57.7485408210218,119.091459196614,35.2916610700887,-24.8876654595154,-13.5101558565089,-8.93808557376774,-5.55310390462783
32.2202643466026,55.2104483484344,97.1187625811883,1.65646309016333,6.89453405192497,-3.15438863246523,-7.00797012123143,-6.53680429959965
18.631677489429,42.7486058335975,92.2338745498499,15.3091908210708,-25.018420697668,-16.5184164452329,-14.3120569090157,-2.49242651639373
38.607724094262,58.6729836618767,107.426103059286,11.7074108574681,-9.72356968756787,-18.5448973611324,-17.2902968052533,-3.79753051566535
13.2126688258623,41.8535326521187,87.501407720726,24.4266661284063,-15.7447071614038,-22.5304244283005,-17.7528696182212,-2.22109195447225
22.9907909774654,50.8415941714258,76.9386572911362,17.3883746130261,-24.2731200610029,-6.54107967170352,-16.0006615958113,-14.2305053967949
28.1009734436474,49.0711924932368,103.24089027365,22.9777899941955,-19.3099866867561,-10.1739754808374,-14.51797103107,-7.08078006886473
15.9906407995037,65.9840188547516,101.351677228854,19.9657433599057,16.0616073462347,-15.6664096375855,-14.1598534674014,5.14314482341894
25.0329534611553,56.1354143825947,92.2687131575175,18.4458397519761,-6.09213205903478,-8.9192474625007,-18.231867827335,-6.18880024935708
19.2024774967556,43.5978345258996,78.7649340523893,10.1216306869873,-3.91184704110327,-5.18332986295187,-14.8866774198861,-4.3744586772053
-7.82816076483822,60.4218384188024,31.0235444016159,-2.7882592617771,-11.0150750708743,1.02157328092077,-36.2335491708428,4.50599849318098
21.9888317988967,59.3789836409025,60.7334634326992,13.4787269899797,-13.2200768705765,-15.0158346613631,-1.90893017397498,-7.77425711767062
39.9802667803403,150.721463028555,92.6704310565434,-20.0538216389424,38.4193600953649,-17.3742325952184,6.85994138687699,-1.57158677886262
14.0953466671017,98.192551673919,75.7985800484282,-2.66083990705675,9.85925922176498,-28.0342136709711,2.9279732690971,-15.4902768396263
36.4690081376758,128.670260262364,51.8107359306589,-26.1183438039808,38.702516210254,-17.2369981831102,-11.1363696519402,1.22707773993646
-2.15072427513514,97.8759640758979,58.1540385866495,20.688702866233,-14.620147678708,-32.3723467464521,-0.124717463211168,-1.95932489479303
54.1173776590806,154.047795739905,57.7169172140123,-30.6565922153766,32.8580819951203,-28.9820467462643,-1.33629917697614,-7.00660462662889
57.1216130543305,146.665963126972,76.5134137648146,7.45998464337282,30.247034658771,-12.8610077938232,6.02406198540088,-0.799901558621561
38.1273190958909,113.397502109173,61.272673803608,-0.784896595083056,23.6163137732274,-14.3300885275886,-2.03855882594569,14.898868380013
13.217765148231,121.549490314709,76.6892343069062,5.55564837544578,12.0723520722233,-21.7557720228026,-7.98214924599183,-11.3881910158818
48.6882306249961,151.199799063013,40.0744317344076,-18.4005444767091,29.1268401547979,-5.17929967954902,-12.0289385326879,-1.67665095091901
79.839880570396,176.786127245424,35.7402747285106,-11.4502861629478,41.8914698218454,-14.864063448271,-7.16168843279077,-3.52907509445034
51.1948720326223,131.868492367114,28.0950243810315,0.376347329335464,16.8278101223176,-7.65181766246138,5.89417814397586,0.543202779596048
30.6573978775714,130.939993241265,77.6328160466966,-22.1658981357451,67.79133887853,-20.6087424359417,-6.20342045073321,-0.429282927633078
76.8912304817965,153.882262902696,51.1912871962568,14.0338457476872,30.4474742392515,-25.5183783740889,-16.5480218886535,-3.68925491166538
18.107880298964,109.022988056094,50.2194753543296,22.2004636549451,22.3322878742576,-22.2419363058612,2.49627663126659,3.31877400476341
32.4196384892567,144.875431238049,57.5070517812338,-22.0154787414376,52.3886696514256,-11.903916755246,3.12248623091664,3.62631547035462
34.7736502990461,132.831171890044,51.9525454189266,21.3464835179761,4.7525572521944,-25.0937513783124,3.73156624232645,2.11594203275464
55.6157275996541,130.906955541604,67.5820679232003,-0.664515037550749,36.1506912253153,-5.33980257077472,3.37380639781771,4.5855133517448
37.4975484867043,117.170151386506,66.82748722699,11.5393054632541,6.33243329060268,-21.1532118830243,-0.303664560355368,2.16826527911717
-27.2766490910278,45.8015999359283,37.2380100965161,30.5851446168238,-0.221075220557016,-1.66604842428753,-10.5606109002155,-4.19048810470119
-22.4805817979399,49.2992517402205,21.4581822412905,21.6304823619892,-3.36618449101398,2.67547481930199,-13.5547434485762,3.34179086271741
-17.3751730925751,33.1349510424824,24.4863877073956,15.2443562420658,5.23143301188154,-6.14189135039561,-3.28557021553295,-3.11089245625808
-22.8291621665391,38.3038212381224,24.6267265598031,13.1378625019338,-1.38201886786261,4.09331636838911,-10.818455429792,7.01487118271201
-24.9190014499178,43.3056329985339,24.1848923516586,10.3931798716639,-8.65345312856753,5.34579192309366,-15.5343766732458,16.7201391999572
-18.4105963017202,40.4925280321247,28.22730748616,14.5108887041796,5.29026932445482,-5.5356444808827,-11.3256347844228,5.15125021016034
-19.4046867383245,42.0868928356976,22.2844655491557,11.1986277524971,1.47031020551865,-10.2750096544132,-14.7045202858806,19.8703157467023
-21.250338270465,42.5906354055554,25.4176274118476,8.7075445278311,-2.14129437209055,3.66243816655412,-12.36812880402,11.2373202460658
-25.4324503069704,48.8995393410421,24.6168241048738,11.0077099762554,0.958002640651816,1.61613180499178,-17.5505570938683,7.53537294299779
-25.6168678779918,45.9691995781783,23.9350108707764,10.7310391251252,-2.86232728164833,2.53057895885353,-17.8270592396849,8.19794264115207
-22.9158768469464,37.9335475083891,24.1375651344605,16.3477366999284,-1.11824441879697,-5.85083391802068,-11.1405450392294,13.9523982724553
-20.4564610592061,55.1820826641331,23.3983289939869,18.4948543192515,-4.32263953369578,3.91924599232001,-24.2045605056204,1.1272985367369
-17.676897434628,41.7066438250143,21.8683471220363,5.01304524612938,-3.82681973666172,-3.9825894894604,-8.07445486445713,15.6424853506221
-32.0265078670447,59.6089614754984,30.7560011169394,8.42395163050667,-12.5201016337461,18.7286840973488,-20.9019388126791,16.8678274079507
-19.8082314727678,45.7815533211708,23.2332889203204,12.0572333698942,4.75848514536102,5.9266313727438,-14.0019520271837,6.28421335845358
-24.7371130725471,42.4706530972734,20.9547925141746,9.93328918310022,-5.29445519003156,2.13024931374139,-9.13577649411295,10.9311158743734
-25.5832727428487,45.0555096687285,24.1121002797177,12.5128410358556,-5.61052001933327,-12.1236102348694,-7.60614752648274,11.3489734409549
-19.816796685122,35.1000854976685,22.264337920757,10.827758530496,7.55066627451455,-4.74579075619189,-10.7862627315092,2.93060731647783
-11.4123386851438,44.3034995780572,28.7322994885048,11.313087292506,6.4982904907152,-0.666088656608318,-3.49852645410668,8.68265320836369
2.33047114241514,35.6708042779538,51.5142001332117,10.4461103952799,-13.5285423809779,-2.58014502208081,-11.5059770219203,16.7878027125543
6.72189680271237,42.1003056416953,56.1038040666287,14.7412764195708,-1.73581952201502,-3.81274862124436,-0.295388416898671,7.48300247167271
-1.32774433103921,36.2639255534961,49.7316771119192,14.2201943301768,-12.7062858689124,5.87063465287798,-4.53047208336706,4.47451292556387
5.61053202785509,37.5668142432369,41.8036500838744,17.4511995249611,-1.91789995650972,-13.2181543251641,-5.50347326289021,6.3742716331009
12.0099185000599,38.4172636829638,58.0661072387109,13.7771200277451,-12.6433864923072,-8.87908824681731,-6.33012889727069,3.2765498494741
10.3573074249038,43.9311543994598,54.0378495080751,11.5685732861319,-4.06271896219779,-0.743553956662486,-7.77452292348426,3.10943696855933
27.5748543902546,50.6592158153723,102.314666122642,12.8863711497309,-19.8779833952521,-16.0052184695869,-6.74807610240844,-2.73612433993815
19.1531725494479,50.9064484045165,48.9924182083476,21.9881769956775,-22.1562212616058,-10.2142888161149,-8.99854252905939,2.67831568401536
15.2463311162591,49.6054250708288,63.8753393396791,4.92717322022245,-1.80040623954082,-6.79661029579419,-8.99573100721443,10.1022662760485
6.53200773136823,38.9989891709173,62.8664200966698,14.9645805174431,-14.944405396992,-6.8797453263489,4.33376312835767,11.2947236374597
14.8963528350055,38.6716658126471,68.389431477988,15.2571608401301,-11.5991306088689,-2.54899128648725,0.481565539618204,2.89958997294366
16.244641315587,44.3853465713839,62.8780184225734,20.6857518989697,-23.0570435806555,-6.18713825136865,-10.5946937694834,-1.63823556682917
6.73824273509794,47.0000996469464,67.1000527374482,21.2457267839472,-2.37048336166648,-8.5901334803767,-2.51361239241429,-1.06676933995535
10.1010145268587,41.6165265525251,52.3457210678456,8.81631720062476,-8.77979895713404,-8.66826114775771,-2.76654273048266,6.20731473734334
9.68217933863134,47.8098967660671,60.4067503921086,15.9488422252872,-6.26129993533398,-6.12519308075541,-8.78494495779989,7.2978460485725
15.661832230091,58.7611105681176,73.9841189475572,5.92689604592726,2.03406632637133,-9.15326521316026,-4.3015395507964,-4.53364468954953
16.3366808838646,56.7459053290831,69.5680896334125,14.8868447171047,-23.7169816388025,-9.41294538941391,-6.27066874717262,0.757179437738943
0.148537238631903,45.6533019304352,52.1283823405484,10.5902178536672,-12.9876468264312,-9.86845703228962,-4.56125243884157,0.55904933366518
7.76483280757449,49.2289757117641,45.3688338653487,-9.35956118313301,21.223913685268,5.44577268180876,-0.43197232421855,-5.80647267702704
-42.273590185293,100.804488862506,31.00423019152,-2.66569351317478,-42.5044063126567,16.3336086058265,-29.8337712735184,1.59604298214882
-41.6717092796528,104.529579096349,28.8836460047822,3.25357824465165,-38.6752228287527,30.2363959813207,-43.0255871476963,2.78253534518133
-31.0662018770852,88.0867435026876,32.3872508092088,15.4957134113698,-19.9335830167399,16.8524830858746,-28.1119018700201,14.5353139265301
-35.2356588629674,89.8708226607916,19.9625469671785,10.315439720789,-26.5045030860248,8.84722416606298,-28.5662878443443,15.0564443916532
-44.6780981520459,100.098601186541,25.9946370824895,8.31417949134878,-33.3298605534437,6.31675720884211,-10.3615680786757,-0.947362932341504
-39.8258954081418,103.527720140231,38.6150460973316,1.80733432242703,-17.4044099586849,12.8280008179115,-30.0385015141791,6.88565856329703
-40.3237431258045,89.580071868884,26.5803836274078,7.2258812737303,-25.3279648250792,4.44621270612067,-6.07269090210293,6.9886857612079
-28.8006145860951,77.5819827576063,28.000999028182,20.3312606272992,-15.7662849187503,-16.9955381987052,-18.9756371447234,9.25678708683827
-5.72534988186326,19.0516646106999,35.3220625209884,17.3415472630719,0.625608272391669,-6.85106293235856,0.331611208459344,-3.49945774576753
-55.7770486235951,99.8547832631391,43.0673173150692,0.551606028171472,-33.9204166609975,3.74600054164884,-24.894584178972,6.49948298898385
-53.8609066624958,87.667794358715,35.1708972801278,-1.75236581136481,-26.7338577724287,3.33271923348709,-23.5671001266104,3.46315800377535
-32.444953722594,40.4269062299217,23.1993111849425,16.7082651812509,-1.80349493540853,-18.0860821624138,-19.5110177181449,-5.50199278711283
-55.2140456585757,64.966603183633,29.8505477311493,22.6765045412776,-5.61350214829213,-13.5696737423651,-30.5473305862884,-4.38065987848355
-66.8762028880367,69.0323067862764,43.3230066682345,46.0240216274246,7.45559135700083,-7.66954612166567,-15.14197529006,-3.25424999947719
-73.2397620803646,85.0883665309716,40.2500602817841,29.7798199148122,-13.9334172085858,20.2329932009156,-37.2659620179936,-1.45492108219759
-69.6892406925894,73.4935312038669,43.2832207737506,39.7901787687364,1.14407663587714,-4.72160671990042,-19.6207689661496,-2.00486640202695
-69.4188317578075,77.2641242550418,43.7951428731624,38.7982535561772,1.75045773246141,-34.9218887897618,-4.18514674845006,0.140181628660981
-70.9353112119202,74.3985364841716,49.9790918883157,46.3199758331588,3.10993766970292,-14.411439228909,-11.9211252600006,1.73016112353196
-82.3029570872327,102.186494957446,52.0920612351265,26.9348887508463,-25.0666579240016,16.1530420517585,-31.6380595267535,-6.59589837569275
-68.2778945970083,76.0293449547967,45.6845404919798,42.3259408113689,3.80579926202156,-18.3251470137401,-8.37212032505485,-3.64567631755733
-80.9038353835282,81.3264426084895,55.3886517214201,56.7738857261387,8.46735176508069,0.140729129206491,-6.22420280768834,5.78553966504326
-63.6049426627108,60.9909977351183,37.9557557410043,45.793404262525,14.1187868559949,-26.7987523236784,-21.0297578455376,13.2241618981003
-65.2060513677584,75.0317577673849,41.9576030229902,31.4731950759634,-8.26116418789286,0.0789002764570754,-28.8970563556749,2.6985590876802
-57.1558343631669,57.9321060708746,42.0391941093985,42.9462942156119,8.83405632804994,-13.9251357979833,-12.3886642424825,6.09499478451538
-76.1144618418272,90.7324028072605,35.3518938099328,20.0508188834674,-21.3166945257621,13.2768744674761,-35.3832796961075,-12.923747531363
-79.3338560905503,107.189942329969,32.2517333798322,6.26057704599528,-34.9628937353603,-26.8276963611447,13.5285722838068,-10.7446115743235
-82.5044535954275,90.0180631801,47.8708782018173,39.5065990198244,-4.32388096711819,-2.56593973666695,-40.4244552834195,6.01522199980201
-107.220103121301,120.121882865086,54.4593159058429,38.302303563223,-18.2046560146409,11.5127680803444,-13.0470817316221,-8.70698234602657
-6.82773754782917,116.33886479841,12.4512020375463,17.0709490371067,-9.25071138334743,-32.5068803252451,-26.8272924773181,-13.4724897952261
-19.7531407397413,127.455086243568,30.5168080995524,15.045363076305,-20.6893385516821,7.0067824684704,-47.8281570435756,-12.5564614220884
-28.5204376357223,136.004270622735,26.8498207536439,-8.96046897267628,1.82911989531758,-30.8661519563836,-19.4646858812067,-2.8921910898418
-21.9846387256114,118.53097521731,17.5180121670714,11.7806696264432,-23.7689523713578,-37.8780885422851,1.4498135956047,-9.26726426055826
-54.2111004000405,156.001026519368,24.1847346668826,10.5585269769312,-59.7147084310084,34.8496545116952,-46.8934976446547,-15.5211332327037
-55.6930982608052,133.778579492171,20.1005258627121,-1.77867100690591,-45.0850660832943,5.97875492234881,-25.6507114258227,-14.1770096263839
-24.4275390851465,134.567730499935,29.9392098016837,-2.84427390397283,-33.9960442704862,-1.14974401775707,-34.3143856417278,-9.24637197107586
-30.4004902765023,95.49282894876,26.7242030515517,2.23419760130006,-9.11266229897685,-19.5315629333203,-6.49889167448602,-3.55703123430611
-33.4040369451545,94.6177070458255,29.8880479441748,10.3799428565736,-26.7848580579288,-17.7127434779685,-18.8703326613767,-10.8050129187435
-50.6310926840894,131.291709025235,48.2893132571008,0.411919028984638,-42.1594154814624,15.0651859590952,-43.7440235651271,-11.5342072058117
-34.8832057776452,109.993785792746,52.6735168000051,7.60498035602097,-33.6690022763667,-12.5052675267835,-25.6346515459362,-9.8956986633012
-36.0809170713182,102.844297345678,30.9670595577325,10.7915739822609,-20.6996186842097,-24.7606207693536,-25.7806850822624,-1.64981756148611
-44.3906901858625,148.257389250288,44.0044071899931,-20.152822692734,-8.69182122092364,46.9182941769326,-44.9615327798616,-11.4386353148309
-54.6047236567105,110.234238932929,35.8607873478145,3.51944444872007,-33.8297373544111,-6.22192121526814,-13.7348673059789,-4.11611766963228
-42.4243459009277,93.3364782447126,31.3059772365471,-4.71183879457106,-33.445908031241,-35.6264156569174,-11.1064090045839,-2.55775552698973
-36.4342012159878,106.214813640031,39.2542565970828,-4.44675084214989,-17.4865543924859,-18.0488228014575,-13.3278826133422,1.81244716431018
-54.6905209334487,121.51447074441,32.4244921476442,-1.49512600904371,-45.5879013014095,9.3990929116815,-42.7008244472251,-7.13104219814242
-25.0449987446254,119.953049564668,52.5308117211954,22.1909500908198,-41.7502002247221,2.08712936632134,-28.4133665393238,-11.6421306050945
32.5619348665441,-39.871560029075,-4.16961511418303,10.9878295723688,31.9996022509021,6.18306095742722,95.9100290349144,-103.427577858164
9.34985527821394,29.8566252213079,15.5339765186739,-5.15422076781742,8.48976967610495,-8.77676942730246,-3.25177397969436,-2.16524038732002
-3.02000870742617,24.3452575385038,35.0839493429248,31.0773590522088,5.38803678309058,-4.49457266182181,0.164659685176826,-3.4545355150108
20.0564401070711,65.0538427304485,40.7807732747642,41.3557342680024,-7.94509285594633,-0.847371683697843,1.02415095452583,4.34514704089874
22.2936640939266,63.4189735212051,45.3814026229697,49.1285215161503,-12.1057427402216,3.52420626122487,8.26826918990252,3.34047625292163
-2.1828036664752,60.326142696147,80.072028012924,45.4443099566599,-4.42966289785146,7.20353267019189,2.97142127476281,5.49690196790631
8.78117141316846,69.3748057570424,69.173568120968,43.1025698148985,1.69794423487383,6.57208852475334,1.88401813702072,5.96405181470999
-8.27540343229837,62.939809189097,79.2001799069123,34.6289057803166,-13.7982518103383,16.6365061443184,4.55111306095019,7.27557947279197
6.99181093492299,66.8199071869068,68.0318048791331,28.7965890234428,-2.96061585345239,7.0642210852385,5.37682933969731,9.80294781715
-0.924929325909439,59.7793967598817,75.0164970436309,29.365997158203,10.7470283270477,-2.75624930943322,3.90012931519575,6.95774738499667
-20.5028663565618,82.4889080039442,78.5671455307055,32.695748714835,-21.1807969567683,-5.65528605698438,6.66872489407315,22.1714745786105
13.3848258885245,59.4701921626438,71.8200972564572,41.5513444511898,7.47906945561491,5.33836347456984,9.72797037224307,4.04445583907114
20.9462520188412,75.9004720537679,77.3669049494456,61.0510288522771,8.48406415840123,1.17356140708083,12.4906031912832,10.6077269923055
-0.145115535472506,56.6243479807155,93.8011556062674,58.7853810734532,12.8717132224731,4.20208325516737,18.8010151158991,7.25184087800213
5.28839468503139,61.8619346684192,80.3363476927189,44.8687526735065,5.58361610313392,2.41993797972815,12.3893679502062,12.5444849643822
5.52987980139942,61.2920611620454,81.9647870630913,46.1801352474532,11.7924917946683,2.83051922082993,7.96026176475109,17.9608394658842
8.97559425754693,60.0169496538688,79.0385288853357,37.6950437058097,13.325308152139,-4.59253345528612,2.93546571334829,10.8926177891274
9.04060734277184,67.9868839625469,82.8208653558589,52.7518309600005,0.248707304469221,-8.55229163985176,13.4589486707118,13.9787757359227
12.7018190960528,54.0196205725678,61.345470612417,42.5606373098738,-2.39437295580771,-4.19522052589238,0.921645406601917,-4.82866176434029
9.84210087115471,67.9106609190374,66.5088230681039,45.4252212303341,6.25394611405906,4.36951783456614,9.1212686883819,5.21290010491224
8.59163307372186,70.4954183432275,69.4940651545764,32.5182045961435,5.82246706503506,-4.48020435609635,12.5534684950126,1.38501170082713
3.63210950492919,62.833510829955,83.6237120218544,42.973350835174,-16.2067080862022,-1.07499309800931,21.5800747943948,-5.48438009380255
-4.51484604400035,149.890021708886,51.5177655902137,-36.327391775577,3.23052942037072,-12.2021560818344,23.6680471730248,-3.16855859953997
15.3604689235582,102.694785782784,27.9484255035308,-28.3846578684371,35.8425392624233,-16.8721260339118,-4.69594462362091,10.8327278631155
15.5985328078231,104.517973368121,25.6544395829888,9.69349615359071,-5.21781106946868,-31.8776506033079,-0.693390533355612,4.34757249685666
1.57991154065714,96.9389042682888,17.0551966463392,5.44773434164433,-32.0259879780813,-22.8335769981086,-1.53986158248182,1.71226217429577
5.97313775582193,72.9540279423945,22.6282825542039,1.07601637237507,-9.58086338079717,-14.6869299916332,-14.4654271484284,3.23413018829064
0.0439061062595899,80.7469862715569,19.2795097882173,-0.153656348755571,-18.4092974036605,-28.3527500782907,-6.01255495730091,12.6454889125353
35.0235382779331,101.346073939224,24.0833399048954,-3.18997863278666,17.7769831713612,-14.4172605108341,-7.79977526005045,9.08240127820794
21.0146108878105,80.2872320153569,26.7457401652186,5.79327151282333,-7.85840943814043,-17.6016577622129,1.68517937864148,6.84338703338987
0.871101038143563,72.4246762117052,14.8641242620684,3.2517166568494,-25.9295529284093,-18.8371842045427,9.48400431280894,-10.2560121298861
9.2477696737857,85.6475444123053,34.2881364102937,-15.9138852491085,5.30586313244077,-17.6108814506838,-1.26541369868905,11.1801402523328
12.4846347442798,78.9220892827003,24.6038929127797,-14.3559750155343,2.17537879629626,-17.9610529095486,3.13654541339698,8.56812240023051
5.37822081846421,98.6984403301746,34.9333266078272,-16.7410261420275,-19.1110627131083,-7.12731920511666,0.977026496578503,2.17012397529341
8.49090337815386,93.9426923812647,41.1094763109954,-8.51459940724216,-0.600179853927885,-24.6643538650233,11.3985614930821,-0.726443868699856
22.1891639647493,111.248967193282,20.3933139630074,-1.82837056499421,6.27188404214201,-35.3538700273282,3.4790719243434,8.20972292753342
39.2779834011449,88.4691579876137,26.629784089979,1.2223319007301,13.6161113182603,-16.9508864997329,-14.0990250878395,4.56504036819297
3.45794022282382,77.3952896049377,40.3962384351608,3.21315164318256,-17.4037030211032,-20.4601359684623,-8.01099646893792,14.0225346721772
-7.93735247332985,74.6879199968844,37.5411457424873,-10.2898788406665,-31.236331642328,0.562951712507021,-15.5404997452697,13.2920727302026
8.60144760171202,72.1849456124337,38.4457931248341,-9.21561422680007,-5.35831323608145,-17.3081108760386,-2.83708196722081,5.02515499073808
21.5887934341147,83.8809881824296,35.2513686814683,19.3787685845031,-23.5872173885637,-5.88944019811986,-11.3528476740273,14.04849094672
3.82354445030039,87.8566890441646,46.218945500367,0.477221952720356,-30.9640574287294,-19.72184910429,4.26930038361919,-2.32410331210267
25.91507971721,118.514924330957,64.5444943038089,-10.9618613648827,-12.3377571752327,-19.8514077969707,26.203181589392,-9.74523211033938
8.61634027056109,71.1476441691312,46.8281826513322,4.37162208036549,-23.8237135582953,-24.382543713203,-7.6031169359062,8.51431187912488
22.9140070748281,71.1208862552201,36.6939930290105,-1.74695658237434,-5.87641736741806,-12.6046388108531,-9.98671349170261,9.41794960074355
-15.1384760952025,93.0524765111151,39.2542640266119,-18.7084349743236,-28.4755858182306,21.0704674755766,-22.9887158263297,-11.1737394839648
13.1367330875548,71.6792417822959,42.5840815894668,26.1345387694203,-12.5991678955546,-30.0115304156541,4.87299721992084,0.106356555892963
11.2633068278794,32.4030146105835,31.3829733537147,4.75976083425929,1.00427204021367,-3.25510378045484,-6.02582462821397,7.14368366295367
9.22793804706605,45.1066568224554,49.309954499227,15.1853907119508,-12.6673685100881,-9.70931875876825,-3.4623273744434,7.92258723911583
7.11007854074586,50.547790511355,35.2295543538703,4.73244494893952,-9.3929611826768,-7.67012216193663,-5.43860740566698,11.7742159184224
-3.52890638978324,47.8472210488435,39.1116832689046,15.1244794046656,-7.6056998656404,-9.36084738231221,-5.54418576945216,10.6543029679891
0.8508870810357,38.0670168961958,40.0800990006441,13.0283120694897,-3.46365477365996,-11.635348090384,-1.69608566338625,4.29827438026592
10.9868025000631,43.1835458528282,32.1105692281366,13.799196522455,-7.47469235078612,-10.8889609518429,-3.74952819189749,2.38926886466933
-2.22601502561067,40.2816511172575,26.4178452115003,2.05014956367431,-18.2001419833174,-15.1946059926955,-5.32591076264026,8.73109671983374
5.29950932301002,33.7690502469685,29.430601702856,3.7872467838341,-13.2632372902268,-2.84864913774383,-1.94453928031399,16.8673609867189
-4.96071214284164,46.1882018099273,39.4796625989594,4.59840141654539,-17.1221417723545,-8.35212747998845,-8.77940800172923,15.4507681563572
8.79157932134286,42.5441692013617,35.5747487422108,14.7491251212853,-18.5662576766583,-10.9090908611862,2.09422097354988,15.096920741007
3.11795900739897,34.255957505377,25.346369353585,1.16814444633473,-12.8202987218934,-10.1715769421044,-3.27750246960879,7.66379636467903
-6.39801939772261,46.5621268040803,33.2842512444477,1.24294046332767,-15.4948371540007,-12.1080876258339,-7.22384385089721,14.4293153301308
18.1543232695526,70.5897116726188,15.0903245490243,36.3831089915131,-20.2938158595386,-14.2936939824195,-6.3707817626996,3.50652039591839
-0.382605749725223,42.106830132016,27.972276061108,7.38562269314235,-14.5622070789847,-12.3937420274141,4.1819234343908,3.1623245843963
2.17854152944596,84.6889193782951,47.569812546208,5.24760190375512,-20.4196817731367,1.61058611148803,13.0171143566441,0.603449190770099
4.94645733672007,35.8710799564427,42.1722530436272,12.1886335256985,-9.67801355218385,-10.8229075239979,1.21090985439342,2.10773656387237
-3.55770901979072,57.0809923309947,50.9663764653554,9.81090779040572,-19.0244090988802,-9.73605615836678,5.65613132468845,8.92308421092706
6.02191183000921,45.6853566664235,40.512114645314,8.30632067063333,-16.3824378031142,-0.438699464637389,-11.1317495689495,7.32815866207361
8.40112304303137,41.609894179642,25.4109055734845,15.1046495600771,-13.3567012195743,-9.58269815356414,-2.57508340324447,11.0229780466995
5.785711244668,73.1383781782761,34.2816434803279,18.1145346150048,-22.365310129071,-14.6308250020601,7.68325963252093,-9.06655753074051
21.5112547969345,75.1564523453233,38.8897159599633,-8.77932710018697,-3.52240374850836,-21.1360240319432,-11.1086534254012,4.46137309902624
-13.4096665336545,115.383277127977,29.2995245687579,-5.27948242447488,-28.5562105512881,-7.58521198727705,9.21987314410451,3.10754572477135
-9.37105942654981,54.0485638891756,39.7115134450871,5.42887809246319,-22.475557140371,-21.1558727667455,-9.06236837259764,12.7500777303783
-26.8323820578629,94.4939239986958,37.0484902759838,-0.199717529171748,-22.7279094220457,-4.43288333782463,0.810734383502229,-1.16102930676235
-16.7231190817308,86.7578154017271,36.7978202289153,-3.50938434396053,-20.6133447410291,-15.2219119284126,9.78216902928246,8.41521767579226
-24.2768011511692,94.7323354762006,19.8314073057677,-21.1158373801644,-49.7593568450575,1.32089769730128,23.5982505858808,-5.47137465130903
-6.03526237687986,75.7876334480724,25.3657377334792,-1.96615066304948,-31.2121744638146,-23.0930092408222,7.44126143857486,7.60777495923283
-24.6236289593978,71.3321448631288,33.6091222434776,4.98866310850208,-17.9217912939282,-18.2979357036906,4.41792598950462,9.69615365362561
-2.6632405218487,78.0021565742117,36.5896132449856,-8.14270916601038,-10.2875205802391,-18.6314686626963,-4.19809915111348,10.7113398599951
-23.2782859740881,98.1502976670345,46.7645842352735,-13.5679204140816,-44.5114305293293,24.0214256181004,17.6039089471486,-3.97151114020636
-3.74540044381641,98.559623090933,69.5304311822724,-6.63663382648383,11.625097583011,-16.5184652507592,10.989064344739,17.9987138145278
-17.6676307414103,76.6358000768195,48.4312164505568,-2.31184592673742,-19.394314469051,2.65756510391609,14.8906879510729,-3.97148583092276
-1.28300690794256,63.4442145326899,57.2806056424999,2.03045810491805,-3.2845575878366,5.82556089831913,-7.41544296725819,7.31809217689914
-4.41293872617197,56.5447708759299,41.4901582474325,3.34294836488897,-4.10419236049556,-8.79467509665414,4.95323762081878,9.47153429030534
-3.35445056257941,77.2739668661156,66.4132848511283,8.34710558340641,-0.164439476904463,-9.21867861775067,10.1704823300796,21.2346886985584
-13.3532792753704,73.6851292670672,59.6515996900278,13.5627141837441,-24.221021911804,2.05534807150449,-5.07868168473872,3.21523029027097
-16.3609768213617,76.8827901349353,67.8513586834106,4.90375845192906,-30.429113819949,12.0139134573424,18.9681969589433,8.78856186683129
-6.68042229169025,84.6692088818138,41.2638602796232,-5.14938668523725,12.1448133729038,-9.5553935529884,-2.18192759006323,21.5385275939241
-2.69406292784507,58.2401568257733,58.8019395358168,18.6987330129506,-10.2596440266063,-1.28570112654857,-3.8096982571793,11.0533240531789
-0.156186354484436,39.8982624092489,23.0810907556091,13.5188232412212,-4.77806432041513,-10.7356612350606,14.4363189438818,-0.737396281318889
-3.24588403456617,33.0460066978949,20.3427970034392,-1.42054410397825,6.80160163708654,-7.36855126076072,2.50553572298203,10.4426623559104
-5.87984412934149,29.8065096288087,24.7933244134826,4.04062867559458,-5.25825485903458,-0.530700504661457,11.3453491483132,-5.76588094421278
11.2853695280909,39.7308937690916,86.7591170750403,44.7157060673483,-16.7338906346213,-7.35352335881696,0.714255769603863,-2.17945038032597
5.98813681768114,49.7169492241119,51.2568765079662,7.0994948642653,-18.5924339448598,-9.15776631677275,-8.20361768795145,4.26668999366553
2.87797476546808,30.8417317634883,38.6745628199426,5.02164397502602,-21.2220852061337,-7.0026716116582,-3.27287525297349,5.8799910334506
-6.09599034101262,52.9714378910099,68.9606173054663,27.8476586643879,-21.5503244377333,6.88209208586098,-1.11583526724511,-1.25519648282338
-25.3271462480464,67.3210504404124,67.0697773504444,23.9212877430877,-33.3902183538558,35.1119876979605,5.40414099854367,4.76963705844937
-26.9229050097759,91.0998891499401,109.90238599541,40.288420151243,-37.7439851437958,51.7964620297825,-2.64680800280355,-2.53117796239952
-26.2863894694654,82.98693377513,85.360300188391,17.2912936488478,-49.0006321583364,46.2190262808128,-6.2349930729155,-13.2756094756413
-9.67620745462139,70.8139025450916,121.48514873237,54.1371862553713,-21.1138928963771,25.2304174513497,6.12834436388074,0.731349389249678
0.907435954605788,59.0260436411009,109.191868691382,55.6176566861871,-14.7934512441469,-2.26071323306609,6.44670050289403,5.05312926982864
-2.55908663029779,74.7199598883382,132.425579227448,52.8690374978757,-25.6537139989563,6.01517657826292,6.26860138752644,-4.42227401260937
-12.3386835053563,74.6603210181553,111.431011990263,53.3805364045336,-14.7500552966915,16.7332104712644,-1.87127799990634,6.28892752451149
3.35053032206253,72.5613788743329,112.985887176244,32.3105725546338,-39.3377074179465,35.4986717236889,4.87557117218358,-7.64842609212941
-32.8076244307799,91.4632948240886,113.019206786157,45.3406361833706,-39.3264240991189,54.8483956187782,-0.728013444804049,-9.78049451531594
-15.8373469863705,76.5467810448075,122.272624797686,54.9217876641202,-22.6184110565888,21.8120906558922,13.9502243035791,1.93577755145975
-12.0955190776736,67.7553771314237,107.746294005221,65.4762007563728,-8.93085838293307,9.91929285361099,13.1253479119889,1.85225310300294
-5.03492169041192,71.6871014881696,113.959667981397,58.3258836079253,-9.07317707493424,15.3154581763469,7.12413264905756,0.659127061337857
-7.89233861906723,70.1220325116947,120.340091841141,60.5147531443372,-19.9414193937011,15.4203002816449,10.89696262994,0.517260419306546
-10.4433521029339,63.7039808922567,110.842592942281,76.0616230887376,-0.134416742136862,17.8951349278405,8.27221117761655,10.6411689313984
-3.95019882899038,70.297986024704,127.076543586261,57.6973029755888,-10.7478609606622,17.8584196212547,7.83840230187104,-0.230038514313381
-29.1068576141557,106.731885938346,115.078291483568,50.7510096125999,-8.27357759862084,38.8517362137957,15.1933008545079,-8.94174244841085
-13.28065068735,60.1760698722951,109.074774161589,62.7811715211403,-2.0350252870951,12.4497562102175,4.96300001752483,1.70893625378061
1.45150757208136,54.385710787173,91.8757484306698,50.5381216111899,-7.03416817607652,14.5213248070803,10.3715214255946,10.1529776459734
14.3589918350562,52.8682306697609,57.9179701330112,12.5015620339018,-10.3632048353627,-9.58459139770763,-7.29161341541087,16.620389875436
6.19497619441354,55.2327881572452,48.7955192761184,14.6890864768412,-17.0413165553104,-13.109339012158,-3.41044838182309,21.8412426695506
18.6974078319869,41.8405011691453,41.7832856954755,12.6689617725541,-21.2459963511211,-11.5177336793016,-0.82798651789121,13.6542924243439
5.00100923724089,47.8789905637285,38.6557199511728,22.5461175520552,-18.8997586301824,0.534167163206906,1.4800905181781,8.41982360063992
15.4820542169284,60.7391989064175,36.1190410929989,15.8643067791203,-19.7388650846966,0.629644052480727,8.57233931926694,15.4412033546028
6.72980911324528,66.4304465856917,38.3072676400464,14.673246070616,-23.7414722548533,-7.23449907845195,20.2304859602847,9.48025705434562
18.0571736083953,56.8374665388024,35.0155755885942,33.2738197346227,-13.8755521807333,-3.66324139813725,-2.6164282244578,24.6735306500037
5.00563564495998,73.0741148286676,49.2224479517609,21.3037310749007,-28.2993051724458,10.3724857867962,-1.61016141474862,9.96118338179394
10.0097770897569,64.5015723459727,47.7760098705207,11.6355862013627,-23.0379077332781,-12.2618881222527,1.84098209508064,7.05421017205179
25.2728190131882,74.1241638942302,30.0312348366852,27.7558578511563,-26.8980814137547,-13.5015862317434,7.13800715780893,14.4547488356728
7.55123576170454,63.5656074599424,47.7854787677681,21.2513484801917,-20.1744746268786,-4.5643564816911,9.79147996480172,13.0645076166591
21.0406749367292,68.7686394295445,42.3519793205882,28.2324074964114,-20.3131354804357,-12.8522937150801,4.26021323714276,10.4320034383003
21.9083574393076,66.2668071797783,49.0334853035242,17.9220694693946,-26.1371820178595,-1.38545546615897,3.61554500846223,6.3699972134898
29.6214639150459,87.1241853416197,33.4610064419069,37.0690560497927,-37.1961513213904,-10.2434976455316,-0.0491157282018097,12.7232613665489
13.9020337150064,56.8246847781656,48.794559511008,26.9466434699557,-20.6521107928065,-14.8471042883114,9.68457156017585,18.885208117434
13.9922876413483,64.4252574768801,40.8171261255845,22.5995398942914,-26.5754329801583,-5.97080495187785,5.26086376537717,0.676088097585057
-1.09118718275918,72.5546862858434,43.8891756975273,18.2716326224497,-34.4503820230392,-2.29975770458088,11.919121116195,8.57205662664454
15.0614443369442,57.0578275651918,51.863662913558,17.0372818385537,-19.0015264970161,-2.75112863593108,-3.20766380254087,16.8093467495795
16.005216487205,60.0797599371012,86.4553656051124,17.4657973090489,-9.92862732522529,-17.2283678665197,-6.10546947961293,9.16664761159017
17.1263030335216,47.0866549387226,65.0547629964029,19.2051042222534,-20.4836234167131,-15.5637288093797,2.10325239460799,5.5334754707694
9.64022361062415,47.7636943552559,61.3924879058164,14.453961866337,-16.86725270403,-17.7196378842,-0.845641874553914,-3.98747120542483
5.9433417861023,37.8765071377152,55.7224453618023,10.5157202964657,-7.38224755762827,-10.2036795190333,-1.92816598126209,6.02659412293714
1.89541372574798,56.597054047004,53.8471065468372,4.03931563669943,-16.2614295666173,-13.5106498581088,5.09335062160373,9.41821025387756
6.43608318216268,46.4458692637085,52.5375781678723,5.57285587957226,-11.5991029326714,-9.65160224363757,2.57627291867085,7.63533689740833
7.66941213565318,39.0332257306292,46.6734876811313,1.90770473262563,1.6936346023965,-10.9528174227003,3.03755094013285,5.2287132996029
-0.104336370213106,39.1647230863123,43.5825787846393,7.78178345472574,-18.9594792380225,-9.35591299557867,5.67147679322622,7.82846258316595
7.01454407850115,29.8157389741379,51.7468086173666,8.02467310925943,-18.7480718278563,-9.73197357293032,-7.58196167063836,8.36656584634165
1.31216669470912,46.6991710119686,45.3879579675413,6.82349593387589,-20.6555232116814,-14.7845383244157,3.29969196668356,3.22613419251453
6.08707808857893,43.6992422257059,46.6978436381693,6.78946765453129,-9.59365144811728,-19.4210570901966,-6.41045448464682,2.85901323895401
11.6263859954406,35.1588962569774,54.5896853225374,7.67950854418712,-9.14045824837385,-10.0605193765489,-4.56128439271136,7.31091469391353
12.0687576609036,47.5194729354635,53.0539241557909,11.5994615645568,-17.3085510149041,-10.7687113780998,12.5282491303369,7.55817337054359
16.7234426003512,33.0137804648875,61.8004735363498,6.51299595476922,-12.9301154016479,-15.5428518921331,-3.41409374753709,10.8068669882811
9.90996866292921,41.98948071692,57.6555052994152,4.39329762942693,-19.9434012090284,-0.45828884045549,-4.09351038975593,0.810312396696253
19.4596355369338,37.5985144944079,53.9750646182783,13.5953714208405,-13.0912132399031,-4.7964795259345,-3.27873587040714,8.1486380451652
3.67030795011244,44.1349861921362,53.3717636931887,2.49744929820872,-17.517490632493,-9.24737102091671,1.37191255530521,4.80866169270898
10.6205479699585,47.0405965861772,67.0189229589124,3.025631410419,-16.8760750792964,-6.62879054773712,0.998714299548363,2.74476901984242
22.0194908774194,54.0840267320932,53.1444983852298,-3.32882948852331,-8.53957239781529,-5.69645009547355,4.71834620885106,6.58193427872074
8.66944869685383,46.0411359363637,66.1078262818856,13.6998357546317,-25.5447016981417,-15.0516382814474,12.2143409462583,2.42363917639381
6.9296976770853,53.145030387409,66.0123932884621,6.15124623498075,-8.68935862834631,-7.80798192745113,-1.50146420921626,6.15930042220042
24.7534591989478,-74.1054429509076,14.3597765632193,56.5127013171314,54.6021238813722,78.1855178574738,59.5644427710781,-196.009836879821
-36.5037388126429,84.3552234426777,47.1639947199138,55.6450638263045,11.1260594520889,-8.13487169865537,22.4235938803427,-21.0869200641392
-46.8943209708063,118.654863988887,42.0318883097994,76.8755761503143,4.3188793889767,-17.1564543399512,-0.192332093096317,0.0755526593682349
-44.8869181646107,116.420419900473,73.0090369622347,94.9953966008482,29.1479581967027,-29.0791063681679,5.67642359084765,3.71542869421246
-78.7011136846197,127.41014024324,96.1257298314316,122.701792827445,41.683251041923,-23.3952292697715,30.0525884237238,-0.636662762140134
-77.1589360309421,136.295948894692,74.6998210615182,112.281671059761,16.2100695239439,-17.2674536140325,26.1562339807072,-1.54171335060981
-67.8485835371384,92.2053244547332,63.0007537374613,67.1323574781507,7.37168915096491,-25.1418806833528,13.1899884137236,-0.197096301823087
18.6916984768757,74.7274273189038,31.7277923105729,29.8479912560129,-10.0886543813122,-12.2839751510332,8.40728450710287,16.4146549438611
-0.2387749161339,31.3289558942725,43.0079413338861,16.1599122571561,-3.40428311013955,-15.8421111330729,-13.1026566587874,-2.96744871655415
-12.9285904802017,49.4898019459328,62.0334019023177,23.1735910446417,-3.90183086358967,-27.2876216511831,-30.5244823889279,-15.7880470311974
-10.2817839224761,39.5992529618793,41.7644347053462,17.9708403334147,-1.45100724941243,-19.9203627377308,-18.8038576050235,-10.012882001994
-6.82570766616255,46.2345119374337,37.1393939634958,9.5588713939077,3.16589281345655,-31.5868099628455,-31.0602947150655,-12.7721279114868
-5.07526594476262,40.6938094841862,49.1602892655467,13.0500343653544,-3.56528566996592,-19.8342029322863,-17.9805722828881,-1.64985567947803
-10.8445352369121,44.4560442228989,48.4238325351463,21.0718120866882,-3.7020930665839,-23.4984158772595,-23.3075154357054,-4.74416798408553
-5.09969686538616,57.0671088527883,52.2415311681623,19.72207209725,3.99370003698408,-29.7203505054537,-21.7216540843428,-5.71687206523463
-25.6638167714883,55.8614500080567,41.3401642578323,19.5693086728749,0.179924696163766,-19.1922653219823,-22.2133567718278,-15.5533337179905
-11.4207410001369,37.2885511786878,38.1165672673096,12.5305995278814,-2.62400547577978,-12.7050702854741,-17.2279948442858,-9.46867443413719
-24.3817889727008,69.9746062881795,62.3435520031359,35.9234243520856,3.40108544185988,-22.9840779238809,-11.3294491905681,7.92762364341214
-18.9492229251344,71.9796279401062,55.9142586282041,16.3952850180625,10.2960622254949,-16.0254596980474,-24.3768519134977,-0.173838913566321
-16.9931958528182,63.2035939782147,55.9705863305726,26.7854228068161,1.93845852820388,-19.8905599961637,-26.1887012336781,12.3181169251278
-30.4911575610844,65.5929918275245,47.8697544940396,18.5990952623425,-7.24609211285988,-5.44052886485692,-16.637627398936,9.97638942552573
-25.112059304068,63.1567785468457,50.9916881493248,26.3919442472062,10.7407302763718,-7.71757195287874,-17.0484821019778,8.01991248895547
1.69594983583275,95.302967942695,58.3453783170199,5.71490715598014,-35.115137891767,-27.3918084260448,5.74544774909318,-17.3236657365474
17.7027449424875,60.6062926837142,74.7219249144285,20.6643469848753,-8.62211523259314,-18.7165228245828,-18.1887847525284,-7.12422748137203
25.3612857729393,70.4088357703995,52.9234765795082,22.7295602548873,-12.1149851484082,-24.9845483317801,-11.0891420314746,-9.20974837610621
16.7616704900115,39.6759035874677,60.7003738799674,18.2837763493427,-7.14178266106875,-15.3895467838489,-8.34088890905009,-2.76515977231281
22.4407872188676,54.3778075307924,57.5656626875782,28.1823140141101,-13.2273608845615,-18.0177630426646,-14.8732902862069,-12.9742645095609
21.2439404725318,55.3636546775514,79.7718466095929,40.8132026420853,-6.16677680625037,-5.53778141687151,-9.80263047659061,-12.6348973871406
17.6044180865492,60.6241115168319,60.7438329431874,19.4155869563502,-6.38227436191886,-16.8053431585121,-12.9437655437826,-4.2600985300946
18.7501119909524,54.4073604309935,76.1886770926192,22.7900407797308,-6.47460172717416,-23.7741906632146,-15.5542028214935,-10.3820904252756
19.9489141336435,47.2439152384715,62.5438577925815,16.2230652600766,-8.67684269172815,-11.2463694643151,-18.5095656538976,-11.4863982396845
22.1902187922918,55.5779219025736,75.5131971548601,31.6012877075591,-4.84547340601585,-16.5776022220797,-15.4503259880587,-12.914852703786
25.1903432741505,63.998176552747,69.8288259428651,30.1714015276926,-4.7345426010508,-14.2782716276484,-16.0558758665634,-8.54636473199617
61.3520080116709,85.2908219159694,48.9447062332839,48.2194169496169,-7.50960331606912,-14.7832155611173,-17.0432522627398,-4.35682742237297
26.5538117053647,54.0830487249047,60.5604418402925,20.8997970806161,-3.26853935541415,-15.3011644924287,-11.9074516322572,-5.3415923851633
30.4385143895479,59.7234351304946,65.4082692336612,25.2453708829462,-12.9373321405259,-18.6462416075856,-16.8830490351665,-8.27607528438145
26.8294484451853,51.5083351870807,60.309545369222,12.863397011018,-5.58695612165822,-19.5268634929007,-23.6227810797229,-7.05735678552719
42.3975270793419,65.0504723717948,48.5145725092062,23.827481574461,-2.88246241702382,-19.0920184167312,-18.3040776593617,-3.60657367501117
-12.2285840555978,32.2142046572229,11.5982209934789,4.86627263068669,7.49254838362864,-13.9150255673197,-19.2117027166593,4.13272773796543
-12.3482737799182,33.6955836328587,30.6841823749288,13.1695416516114,2.73990562665127,-16.9530502264406,-20.383991513187,-5.80690232478989
-12.2992198932613,32.2642317187156,36.4419477026169,21.470896207536,10.8583495198113,-15.9160388572793,-4.96807370305823,-7.23932450152332
-5.01418711290127,29.9581601825053,45.3822962284697,18.8818777397942,4.64588799520258,-15.1310681345301,-9.83961754021555,-4.52402582787483
-16.2056400524104,40.4947693636979,34.0238582499807,23.8821822929916,6.57081713557059,-12.321037214023,-17.5014313186695,-2.78117947103068
-16.9731605713105,33.4035892770251,42.2450782189891,26.2556152645239,14.855581023031,-10.5543057153612,-5.71205280333269,-9.51873388120596
-8.93494231548812,29.6997117665412,41.9907724410271,17.4004448872765,3.45110581237762,-19.1671739481177,-12.3557807225621,-13.7357489563886
-19.7320227248909,38.184806592465,47.5369925107796,27.0299378538758,7.7643950930259,-16.0051899534864,-13.3865523939271,0.213618963428478
-8.30039217949965,27.2339368394648,38.3479717154664,21.9736041520549,11.3481910889104,-6.54601545327326,-7.6372660281545,-8.24527021250274
-11.4668603358685,34.840507414894,46.6311820064156,20.9392522932928,8.31309719922819,-18.5808363662131,-13.7010124666115,-13.2059889262625
-7.87653647832961,29.5815640072847,44.8512326471793,21.9902041126425,11.7658416629447,-11.7546634938831,-8.59778858528709,-9.43804137156983
-10.9767242569719,37.785639989548,47.8640906545539,18.5176020616607,6.59901153258169,-5.80288597781407,-15.031509487804,-7.83838125506858
-10.7054695184783,32.7940417015172,41.6054710373405,21.4992898695631,10.8850892229948,-12.2349977490203,-10.4150786329298,-11.2485255375395
-12.8319892037931,31.3468455246801,41.0184127758856,25.1451236606114,8.47348049734849,-9.35834914177476,-9.4209794023586,-10.0540041397829
-11.4884685997053,34.279869126842,35.8145765670115,17.0817273468607,13.0717622142435,-15.7175652197468,-12.9126506683013,-12.6811005347487
-7.08749253687794,25.0169609240821,41.3169075778739,23.2436315707942,10.2884469469371,-11.7998921458968,-5.15575362149841,-11.2068995750189
-7.72940076401915,32.2905429709299,32.4243833907437,19.1639494025694,9.41137983827666,-12.0413104956199,-4.6004011482308,-9.44141434813976
-6.90615060488098,39.1423583213318,47.876498663528,20.9865673068449,15.3753141267017,-14.1434432507536,-9.94624215851339,-9.93826391400618
-7.79819354066285,36.9030234936219,43.4412783793792,15.6591070994574,13.2487380971839,-16.4583744929014,-13.1568706036747,-9.93633542191348
-7.85681473276424,37.5367550843127,41.3546423622016,16.2220245592184,13.2428418719684,-1.795986072504,-12.5177577798463,-9.57096389177698
-4.44690100419379,156.342867684074,61.6919048016095,-13.7563445444339,-5.23632016024981,-26.035492896971,45.022283058454,-10.9301854563958
-1.08167878878055,111.087358332539,68.4260697624274,-7.59471005440449,14.0701582087366,-21.7134324996672,18.491421676302,1.25631333181289
29.3454964050115,125.676336585553,37.9872493893993,-39.76029613077,50.5224660710005,-11.0229115369596,10.6830662248263,-4.12865301406764
43.9232180582885,112.588415840557,42.1016145568252,-26.8711162501318,49.4320218746506,-16.7186507548638,-9.07308972147014,4.02393939370113
34.0234867623204,126.992957200034,40.0710812264124,-28.6839606432152,42.3184751175236,-14.8372094103056,7.55002820129448,-4.30972384253975
31.9694900341945,96.812110302205,51.7914862035798,-12.4684824115739,34.6244745528153,-19.0664284735392,-4.61785922777397,13.0101249226471
23.2667946731984,93.254852554952,52.767213119495,-20.5044343447043,21.916346775065,-26.3697762606182,5.17287768186716,-0.150010113084328
8.49456555620315,84.0939004132786,41.9592196952158,-4.53242493261624,2.69555877197871,-23.8779702378263,-4.47619472695072,6.00121926266475
7.49894551373077,62.2748858144817,55.2628407946829,4.65785943447543,-15.3654362312829,-26.8412027910852,5.51424329237695,2.81685925926364
13.2416119641458,150.718959853755,55.9165201699892,-35.174070541843,17.0614860484619,-31.3071420686134,29.3060621452686,-6.99561724328652
-6.49751922299649,128.024990627153,54.4694573020043,-20.4896937982011,-10.3084191661539,-45.0291822449294,39.5129307305875,-8.44662101455096
3.25597165750685,119.139978642824,53.8401003916752,-18.5960641014185,-4.6128284464364,-39.6226260111379,19.0370567973874,-7.97612010294882
9.19349384850382,126.210039409054,42.9400567415348,-36.3604759781758,21.6482320403801,-32.2866947741457,24.7339517683714,1.5082290751192
29.3022550918157,111.85746908934,35.5976732774941,-11.0931429135278,14.4140445692206,-25.2587247371934,5.85762443020629,2.48556309831299
8.80758569461293,102.888436735463,53.9103206608096,-20.0688242776561,1.76140598252045,-24.4522549936574,3.52543987714813,4.02841622301729
21.6979351487375,110.254602182888,56.3957819235691,-32.1753863434517,15.608040261593,-14.7714466724316,5.7237098667004,6.01331798106857
3.94847272427126,84.0754780133997,30.8158208962319,-3.8196720216123,-21.0085159191095,-31.6090470046889,8.94848017812221,-5.05217153301764
26.3155956801802,115.942762011087,45.799745845212,-24.5946677664393,20.5235626220825,-26.4270954834438,13.0059087601581,4.55670231400356
12.7741059131633,72.728112526333,44.0817909542426,24.8799754327941,-17.2793811353638,-13.8900301519088,-2.31722145311484,5.54271503744727
29.2839509440697,83.2882679859757,25.9803582952639,35.455329214287,-19.5054901596947,-18.4414446281064,2.68511482499863,8.2106046109591
9.05581966929394,61.1662715465648,54.7007477099656,36.4156907245569,-8.55671787673455,-23.6679662358673,-7.11726809076714,8.88942965584576
6.12663543932005,74.1866180735431,43.1059426415968,33.2521152910021,-5.78937623761043,-16.9785827902441,-1.9611411068125,4.1688087244547
-0.726243801249559,98.8121280967334,37.0435533020967,15.650212941968,-33.7553299425243,-10.7214963802577,11.6427306015265,-8.44885769737014
-15.7240463346018,11.624459850089,25.7629932762962,20.4091031482325,0.757775371987751,3.5445696159865,2.94744474507506,-2.00659979781077
1.98719082738839,63.2425435163505,76.1408759842452,31.6198768032361,-19.8536562391164,-18.4950668304544,11.8556027581148,5.03677892300144
-2.98328337029811,49.2074474825072,77.2820504492144,23.4128697473036,-17.6579636507647,-25.6992132046509,-6.41130690091329,-2.6826538527993
-0.91086211183148,60.6490550448869,91.0735567242261,25.138260924602,-17.4102677158913,-23.6314298406504,6.57700514460476,1.30918616024923
-2.15587676196529,46.0952947274767,100.781486171769,45.1274596263555,-3.95936103580606,-11.7852873032298,1.76822081396775,4.98859982801839
-0.0865159448461559,49.9711530838018,97.0385681214342,36.3618908034041,-12.9663211194774,-2.63527669287812,2.73948282874274,1.75543888844733
-2.57824729802939,53.3183154969212,81.1297767837192,28.1077560191441,-13.6263067323897,-16.3589671662784,1.36624125075619,13.3440466744925
4.47025303142272,48.9308491232483,79.9208199863879,31.0650984740583,-9.89333794187734,-16.2236340073966,4.8815767093354,-0.389225533903549
2.03861764148686,48.4935243949309,88.4776003788928,27.1550671347894,-21.2308217829355,-3.32361743004372,11.5402384652084,2.97843788589562
5.36034281272504,56.8910836322101,72.7460707528276,26.4155299721706,-11.1191072599706,-25.2160046474596,-3.78927458762744,-4.88172504526168
10.3609643366566,45.2626785097609,73.2607942908355,21.0405298202074,-7.55517910322283,-16.6824885109206,-1.85209237156984,3.25781385511432
2.59445362104785,46.1310702358636,69.6451129720809,28.5166553198016,-0.708565424367103,-20.4774899204362,-12.1546704233439,-0.510626968977858
6.1119929108242,47.7220004262328,77.5016586707314,27.8084207112559,-8.20062985219787,-13.1182310320062,-2.08202242495831,4.69213577874346
-2.82014918411743,69.5270651397488,79.4863183625203,22.132407747268,-5.43502731999279,-22.0050388355569,-6.75446153718672,-1.7536473416711
2.83035092750016,51.1288812266596,77.5944029159157,23.4727288918563,-4.77132692758844,-21.7115420817564,-11.0462026043027,3.51281253392585
5.03695487074237,59.4941709473625,87.5761387810833,25.7893592044608,10.0398820993472,-8.16436084284197,-3.44376393058774,-0.270417649940482
5.67449294723974,59.6772524388525,82.6006856923924,48.3538461841717,-5.57286869877918,-18.0685912086896,-6.73357444267012,-7.66079385620922
-7.35939327785767,54.0225293314599,92.2426493942424,46.1775561112122,-1.3917779265341,-12.3437456613894,1.22868019991033,-5.47174912562475
-12.1930410730436,62.7191692474772,108.897621835289,62.5972789959007,1.25438695048922,-1.15930250853571,1.77175327316307,3.5740094426016
-20.4387592920179,22.248384868438,31.1475646995905,34.9559723636644,16.0621751458656,-0.404561447556482,1.9567721889027,7.90204778761788
-33.7928928017292,38.2638155462119,36.574166741633,39.1920940891958,22.6537509899222,-12.9541168989498,-0.509657253221712,0.658483072459106
16.3261736856472,58.1689255394809,36.294393508617,4.18633970347837,-22.5801663306365,-20.7966009145309,0.964358724660236,11.6221970050153
14.481928232571,40.4561147351843,46.1333513218994,3.65792687559735,-30.3466398442205,-16.5586021651908,-0.140120021255864,16.509137323533
-0.548789219629288,52.4061908797901,11.6884898857228,6.06958830322686,-27.4234202524527,-19.9767726379896,13.5054232695761,4.28092174274484
14.3816905508357,44.9419721114389,31.6016247195454,13.0357609431512,-25.6486742454034,-25.1966224121049,-7.31418423947481,19.134886137779
3.37298465718812,50.5698610019378,52.0856411083926,-1.42648730577746,-38.9659811695143,-21.623837812611,8.80691597406366,11.2679754917307
4.13892775935123,45.7181623848315,33.1225637219727,6.18232999672259,-24.6332415853477,-16.0551751006655,7.65596700666507,0.929903311301018
3.31257735371404,62.7630792319589,34.2778294378254,5.92067122662268,-37.5330827187497,-22.5266098940719,17.1631826699977,15.3026058373982
1.58988769304142,50.7728434319313,33.2739847010366,5.49712985413775,-31.5340770790512,-8.43957537981797,16.517510659118,7.98226382584414
9.52104935617907,45.741784778231,32.0851897921523,4.8757454218382,-29.1810260340117,-15.7664211559143,16.2906417575086,17.1104727148807
7.17128653418286,54.3193342205496,41.160972747701,1.68259889331869,-36.2664609298521,-16.5121854392762,24.4026913426895,2.50519654483127
-2.76552791784151,54.2863232955813,38.3906849206313,3.53228528569639,-32.1955579689023,-18.9989703075333,15.1284982601582,8.17276943791243
1.02906100637255,48.8066953232206,31.1913684459843,0.265206490310192,-28.6275570167348,-17.9530865619852,19.8108122641945,10.4645129352556
4.61846909295731,62.189569250012,23.9281014379694,4.29074838514585,-40.8061608152129,-10.1477037278996,27.4489182984011,6.88848128441256
-5.14000432048818,50.6187555344901,23.9725053421629,-2.80514377243975,-33.8213218472227,-10.2413167001132,24.6349126372102,11.4010468517269
4.9730323147099,56.1653842440557,17.8785497833289,4.82038272352135,-28.1258843074958,-24.2962081079711,11.7210247498134,13.8664374905083
7.08376114855453,48.985758978272,30.7272005873996,7.35233982099376,-25.3952779645906,-17.7634738197492,11.1693247810119,4.44053390851052
17.6868114737239,40.8356004177292,26.6291561076017,-0.334102770068529,-9.04004628574294,-9.35273931328389,11.3006512928932,7.61318770819905
10.7739886080045,41.6337990324973,31.9959106101344,3.16868484076771,-29.7796799282718,-17.7800659729378,9.69683143752706,12.9929469089049
20.3538366215606,47.7024592563735,32.0466238179671,10.6045520527535,-31.2274731273314,-12.3790864248233,7.6908520365316,13.5468103523978
25.7803628341542,70.3564342155983,10.5445051086373,11.7090190594727,-5.26249304381921,-8.06221311422476,-11.1533614893744,2.76768247072899
35.8489071278736,56.7124486439528,4.29366780203391,27.2392110724405,-6.83421677338592,-5.14844052362384,-6.49787306689797,1.03235788752895
26.503364483967,58.7984585193283,4.57393272250269,15.4145782057499,0.437828254204361,-5.07744487095549,-8.37103727017315,-0.428547310849389
21.1065161848115,45.137385853436,8.7096931585569,1.16594341420908,4.18842939080739,-11.6731583838915,-7.40088649041439,8.30820839361348
18.4285147833623,49.733776995585,1.08292041151537,12.8137449182882,-11.6326311839789,-12.4297736983473,-5.32580599843384,1.31727261106283
26.9327183650914,48.8320405675263,7.475467809866,9.31944670236142,1.88883023243089,-3.92093532218168,-2.51917215913203,2.04459276304013
11.1611272338264,54.1629738038528,16.7617210302114,-1.19082925439858,-1.49081858354394,-12.3778070741144,5.14720291162945,9.04429243028715
33.1678460978652,65.8751731038362,-3.51332409095425,20.2407278275115,-10.3128772663035,-9.02144504370941,-7.58399211128211,-0.622688429540736
32.0649575120301,67.1571902924697,-5.50949924156646,22.9125842168292,-10.4802906990477,-3.50828990302677,-2.99860172232992,4.57878207926354
15.559343262995,63.5516683444065,3.958326894775,15.138017146905,-8.67071192119046,-2.71021695538157,-7.62184618935367,4.10004631427584
14.345623035253,44.5847359025185,9.68388640369808,-0.641678439972085,0.234409490496447,-9.07537300343292,-1.29653084031564,2.00728960578058
14.2482793074146,48.4963371848419,16.0546251785363,-4.38807833080934,11.2166566536061,-5.66323815672423,-3.65736655164596,3.00889789945144
2.64811269204476,43.7485821759059,16.9679004426516,-0.176530568841561,-5.73276146655633,-10.0202486492964,-0.216055139025055,7.18990436529404
18.6235211303334,41.2170753855096,14.9965981374459,0.376546274501369,1.72871959628432,-6.77806193223036,0.60568671401805,-2.67079332085252
8.79594277874838,50.457932784794,9.6284281413951,4.03798026627443,-4.19468966509958,-13.9314153522997,-7.12105174287474,6.2012321350873
29.285920941203,56.9829238600574,22.5602384822366,20.3261231040442,-2.04431223974716,-6.76598869605347,1.24086980601837,-1.91779911139638
18.5641435737662,57.525800051879,15.8321667272416,4.96602314039182,-0.274037008212164,-1.5840675589941,-4.54190312124969,10.3546230211441
17.241267614234,43.5415524707437,30.3404207384334,8.38404061626404,-2.31947179251012,-9.43501265827584,-2.59708779841534,7.97464401328962
25.7226725900621,52.489607073591,78.5888612482358,0.555312919876235,18.3826135214705,3.19554926504691,3.46684471562926,6.05228295952677
5.46536327184546,55.5585140375071,57.5478922770179,31.2003299679853,-12.2520573744444,2.01650843468265,15.2417752065152,0.903890217810033
13.0498420311784,83.9688577906867,62.5377406029429,5.47618393196095,11.7697513119914,-12.7438167970132,-12.5014059338562,3.8763451456102
9.23479574474194,58.483170870383,81.8285707992774,14.5938941440783,-4.84719496029725,-14.6213441527896,-6.22111699458553,7.18187617658082
11.6200895148831,84.8708238689802,66.98679750396,-7.81611168341377,9.43614624585866,5.60469007838871,0.668006828676842,12.4352126130834
24.4084335240602,100.737867969836,73.5271504326797,-18.8617518875824,24.016688965271,-2.38530404878685,-0.279659278554051,9.45387877760143
21.0693868703985,94.424310144594,55.8849850169249,13.2984722891702,-6.19782335530923,1.54926972814581,-2.39825900824811,-3.7892700490511
33.7971655072815,93.7171513708577,77.5141426770488,-9.39769450051521,19.0025914974227,-5.58121186736514,3.15776060002793,12.9101857592483
26.4054501073244,97.7971507113802,77.1793488198465,-12.8858907564178,30.3857832857855,-0.23772755972977,2.56676760107309,6.96266951448824
16.1795930961298,90.3380365134271,66.7433063275497,10.7857422594569,1.13625093963442,1.22297886515494,-11.1609489227873,12.1064211931256
11.844448087263,80.4638907139251,68.9324424895264,5.56830154704222,3.8736124712248,-6.90069423317601,-3.00784617140118,5.78169853782325
10.4525352335702,69.1622446209775,65.4692360766227,4.02577665427578,-1.88162554306092,9.37871377483629,-5.85315586063775,6.72591774106688
16.8105216400259,60.4884020680223,77.236078070611,13.1404081673491,1.66340888834399,-5.39987536699022,-0.0355358743834658,6.7103223716989
15.4670343398847,89.7512079353113,78.666194770803,-0.970552373079548,39.434603033982,-5.20599291959987,3.78798705091871,14.7373858682185
11.9770951244587,68.0485255672527,57.3189360931351,13.2747503059972,-2.53739905647303,-3.09097962901379,-9.71192639073776,14.9000306916727
1.94091389895551,85.7474884256377,57.6004994799823,-0.171396467558519,-13.619789290835,4.453640509176,-2.793447116335,9.19828849655748
14.1836931160325,111.588804172255,63.056715902748,-2.02248828981322,14.5584271084209,13.477583825813,0.453563634789863,7.45451276858271
12.5392773687854,95.8044101268483,73.8100538528704,5.38503474587074,-6.34695882295826,3.28607300569135,1.79719944129717,6.31103393952784
24.7880773267117,97.5706233385499,72.2538364595315,-12.5400598971913,22.0773443364456,-6.49282157885281,-3.22173475124676,7.54097459164363
18.739697655805,102.111976425377,64.9198079504245,-16.1849347529943,22.5640160725278,7.89593796676709,-9.74178645525729,3.78178410007548
39.6794953066276,118.100687804571,62.9297028801298,-7.44753389615956,52.8398213636948,0.625847247495426,-4.51458751715991,14.8231097097428
-11.7230096492869,25.2674166058899,41.6971020463173,28.2237714390733,9.11504583231114,-8.21358284632895,-4.5259141812751,-9.27163642013397
-29.3170678805211,34.2675429258915,52.6637396822421,47.3548492072163,21.0812132278843,-5.92791114627996,-1.53233369215115,-7.32779829262347
-31.7732847677551,39.2296857722737,45.419561630678,47.7371681851844,29.5679751487193,-11.9123858691023,-7.55482951168514,-15.0938455254281
-35.659258311987,43.3527274742757,50.6677402966466,50.7012117826397,31.1878172914616,-7.32308504074296,-5.41731307927837,2.04799068868567
-25.8871552417357,36.5803911145623,40.2669975095133,39.0059488866057,25.622894386631,-8.70407412601548,-9.71849729400892,-12.0590900742967
-24.9489184593184,31.7367559748625,37.2727749739785,42.5551295632647,23.5560963918881,-7.57851772063375,-4.9713711750839,-12.4061124374098
-29.2519742167925,36.0216826344261,31.3617597734945,39.9032390950501,25.7866036903212,-5.91420369595441,-3.75234585326263,-11.5539071755687
-30.7509447259944,40.1575405048657,48.3582863200508,46.1529523836917,32.8584459192977,-8.32254521575535,-5.18680510798351,-6.82348105532161
-38.9648759983279,36.4493661227393,44.4459691791515,57.2595834803907,32.9594852922197,0.123189886545864,-1.31791829732642,-13.4708005058827
-29.9707792220611,44.0268099662019,46.4227591703509,52.4580455069851,36.5203712328918,-7.58843716503322,-3.62384593823219,-17.7091642646048
-30.1237419023,36.4403262655964,41.5813787693552,45.9965865963311,22.1689095350623,-10.1957250220221,-4.48617694593664,-7.86791077975321
-27.1428414023262,32.9153459575624,41.6079506360804,42.0686367100247,24.9683024915677,-6.13888698348271,-1.85541086980869,-0.285961933838513
-18.2350726754746,27.9995620802942,40.9289838450928,33.9108930055444,15.7222364739206,-7.21960359398253,-7.55905597443279,-7.40948399875214
-23.7320716429039,23.4543063228961,32.3919991865263,36.7286438597384,20.2620686288121,-4.02095612882588,-0.178766845265628,-9.57528532152685
-24.1693899077974,32.4453178293328,33.8058179276237,34.9878606693276,25.3702786079376,-6.85936218182777,-3.79182632826182,-15.3487748151043
-30.6196715624079,31.6506910807347,30.2095364271438,38.9399318280252,26.9844235747359,-11.202475528555,-6.48057636341762,-14.832635534636
-20.7137407774381,29.6383054589207,42.7116537044194,39.6794232919862,23.3327170014785,-6.27435301870225,0.294620844731661,-11.2685039594837
