36.9659279584659,33.7214686056236,37.0194745118831,9.08061763562007,-4.95606529412949,-7.33679305430175,-2.92719329494087,-1.09636726913848
-21.3343928011354,70.9675463579991,38.2473927663907,31.875813059772,-13.8443533334291,-2.86032703846819,-22.2996501626529,-10.0831143119474
0.101785545623302,70.4388284813237,51.7169687925561,39.8490710928983,-11.6385865598868,-8.91512180501425,-21.8002191673029,-5.59227429597459
-11.3952985888488,80.7008580810495,34.2497161707241,17.217802330717,-25.3152980016952,5.32355184529705,-25.5971130853985,-18.2433033300626
-15.198239598806,65.3523139855858,43.2791922819033,26.0888259465579,-1.30382769283994,-30.7186296240273,-19.8659985473621,5.8686042690523
-16.5843540092581,66.8730760020262,52.0746392374918,17.741118058107,-15.192557782662,-9.98551674654519,-24.1367512044149,-12.7802912400168
-7.0072478777108,48.0996235056229,35.0921519810411,23.4827272405844,-4.71784420004745,-18.1856774771742,-13.494218915544,-5.412840430987
-15.0068527017595,57.4932827762643,34.0042790368882,22.1731769861161,-13.4749955993452,-10.7516612000278,-12.9317213096364,-9.14398108643039
10.327590406214,65.2619907845764,22.3358751769656,31.2113988642323,-10.6936422617791,-14.0080711120867,-26.283062195884,-5.81867213496344
-10.0478152668135,69.084633047363,16.7931204106434,24.2901393874498,-19.6233078178684,4.65030820608048,-25.5436552199413,-18.3173191330152
-2.51757297036994,55.583041482056,43.4631426224133,29.2888968948523,-4.96679973103445,-18.8613667870373,-3.41909151074852,-18.0142002347535
2.99726389482343,41.798036141048,25.6002048115162,24.6865265032296,-7.42356968364197,-12.2473608779466,-15.5929629191599,-11.3625968314996
-11.7816034838917,68.322277784991,39.1992662296797,32.8727944141443,-7.58900242909139,-26.9113661208502,0.609670196556381,-10.2609612673799
-14.9501425072544,69.2908588247901,44.7752924140734,24.0852561443538,-10.0011772084444,-22.2454465458085,-25.498019725339,-9.75871848564487
2.31991749079655,69.1869690228305,31.0359592397759,44.2783301281407,-3.13770152752573,-23.9672823667773,-23.5300188769461,-13.7623189671786
45.1229052443717,84.8683486730112,11.8588717013611,24.4776201621129,-17.416678071621,-24.361432113965,-10.2900007513175,13.2009871257478
-33.8241483466259,163.361834645805,48.620833224526,-10.4978564371207,-36.2319547070849,70.4022602718884,-55.0995445847574,-18.1274908493626
-70.9684548038418,195.716788522656,46.9382001854384,-22.3257184184121,-71.8692835537459,20.4112032906088,38.6437282332343,-34.9879736219757
-37.3347216771877,181.836404440335,42.4830131179475,-24.1485333300085,-17.8869927320942,18.9674900324918,-14.0360939661669,-15.2983294691494
-29.9665945614292,134.314562013144,28.5187122382894,7.6748309978124,-22.4103996555604,-31.179329061535,-11.2875345305805,-3.81925534112007
-15.1287335192469,166.569054494137,38.3857047068768,-7.42096511754525,-5.86484044025138,-5.34913287090926,-7.90355130501956,-7.49771055141695
-54.8713216189416,159.003622525995,33.8017384252851,-10.5854726732059,-44.2906338834014,-2.58958382285644,7.43464397302661,-20.9207144609128
-50.5311479851223,128.848174395096,52.4446244190824,13.9165549925809,-45.7395338335991,-39.3557927452578,-2.35504641154857,-1.72669864326973
-33.7174715995627,101.471861988464,38.1131095717069,16.1078836636286,-17.2361316199282,-30.5063434658886,-33.6580994202435,2.06083500812571
-23.2111728024919,191.267823293323,32.8959977333653,4.64253364764555,-51.7145912277863,7.94628325262537,-8.04069735791812,-17.2829047291374
-48.4171184981047,140.251873574874,25.6482987678964,2.05589233431036,-47.2744001916032,14.9333273623102,-13.7322511747985,-11.7281181477548
-28.5182956702478,159.620343944539,31.523671313021,14.9017420688686,-35.7731550262827,-13.9914537689355,-0.245020319693061,-21.6309210711987
-16.7952350045762,156.638021592582,28.9245982359381,49.0666477048605,-34.3886286642192,-25.606749518604,-5.6500012960977,-6.56573459264981
-55.4343050352179,152.738876742764,53.5389683885561,-13.4365500539069,-44.8314902155336,-16.4130285289588,1.47136026079895,-9.56710369031073
-48.2719359348354,170.422677772838,44.7244254767743,-2.29556217818877,-60.6912625555241,16.720805218454,-9.25293795022526,-22.1539638159056
-20.1434213790378,157.018174010893,59.062362385004,-4.89929930576648,-27.2570184100571,-0.423124375261645,-0.911385127792187,-15.12392785975
6.20337323512575,88.8615875156814,58.9012035461845,18.1654724632071,23.6657187633735,18.0911660082721,-7.94720110127594,1.46512832544458
-10.7291292261108,97.6272132328286,45.4656143500219,20.403557350611,6.98473110175809,-14.3164749204141,8.92375427316868,-3.56021448675778
-12.1670872107117,94.7557405774484,49.8311719836731,22.9473941389187,2.15402287317616,12.0895245614598,-19.2339704514351,2.95635863526298
-18.1721494532014,89.4066433279863,68.634397609835,12.4387750185337,4.56781532931484,-13.0874879516784,0.755399996198235,-7.31002796459911
-16.9401133935199,93.9107635205257,84.7874254802631,35.0098068441325,10.9658873042473,-18.6648380303081,5.42740743064098,-0.877075526082921
-9.82829846341324,79.9421302996565,57.0229877568705,23.2441313536262,8.42077361969949,-3.87508525469173,-5.82663216040689,3.45330779788641
4.44697547064096,95.0729803040905,71.3182135437999,3.0090532934503,36.0035225833463,5.27734692104405,-15.225449777056,-3.24726556322234
-0.700516873316889,77.317666907177,66.0982917667792,36.7061132634421,9.51885141992172,-11.2633297582568,-4.51813012362992,-2.37620840984169
0.640363883369933,87.132056728035,45.9031652677644,37.9356998347332,1.00477105401778,19.79780177305,-16.9658808155507,-8.29799356948954
13.1338518940684,41.4402253707691,41.1290274052177,19.6988561046843,9.70979011204094,-6.43321994431416,-3.59128574191289,-1.95634145987237
2.14367069588615,112.831827323798,47.038223749515,22.6213088102796,18.2632045407287,30.6926893208032,-6.92087054006145,-7.72114370382381
-11.4748450910256,76.7490887665709,48.8447082909875,34.899410577722,-4.58313328981419,-5.78213725570073,-16.0225014275121,1.28947547787235
-4.504377337406,78.9186412133384,70.7418717525723,15.1489503844649,14.8327367751093,4.42558143398576,-8.62871725505572,-6.83410752678498
-30.9224624209746,91.9317834734522,43.2547169386665,26.9645459111984,-22.3432644681067,-11.7545673093954,24.7770976046845,3.16705089398281
-15.6802894165295,67.8032594237517,59.370742184432,29.6061643577799,19.5779058683066,4.00702873520216,-10.7076547225507,-0.0333396962361458
-7.52632792671883,63.3668526453757,47.4865246424398,15.1419671766037,0.160640864979652,-14.8659940020601,-1.56127221613857,-0.819456511094645
4.30048097951526,57.7834633593503,38.9590317343743,17.7364601757665,20.7269779011158,-3.80871505325631,1.19670477727593,2.76644144917633
-9.00162561032982,61.6596274489227,51.4168026026775,19.3578163906443,17.3420782515142,-5.80910667719141,-10.5581709814851,1.68539608513823
-37.2665721569666,125.107486721314,19.9496777236007,13.736306757447,-33.5323357927712,-30.485028130045,-1.7315434119213,-14.4837662184764
-18.4718122034546,87.4574497958416,34.7047602853184,16.6006724106712,12.2475492892489,-25.8781418676603,-23.9110743841177,4.23591606416073
-13.221888779086,104.478834058279,57.9346717800529,7.861034108879,17.1460812419706,-14.042686984874,-14.6409540242442,-10.1833194453272
-28.6159064380565,104.024285934203,49.8334416202405,7.0756624403798,-8.53932843134899,-14.7427964741316,2.84153795151344,-2.49513011988305
-7.75902354096136,67.5835970203955,49.024769778468,25.6350801878536,12.1747366552555,-25.8916890237762,-9.93597539398688,3.62714448489164
-3.00756302910557,98.845435515714,48.6468544196977,-6.50475444553707,36.3952922077853,-12.9793586631936,-8.81834781615679,-1.49124404043244
-9.63213590963355,65.8558507531984,38.3412449032753,14.6751878054346,5.18690386350671,-28.7892593107225,-17.0151138552189,-4.81167186124681
-22.7625315923755,79.3723803770636,54.1133676391372,22.2319777838679,13.9910117528782,-15.6946041765837,-2.89391023815971,-3.29916742658746
-2.07606384508578,71.640421656076,52.5574143771513,31.125680725612,6.27400104948299,-32.3159588726019,-18.9424330230955,-1.19894649522236
13.6978583516053,82.0632157121796,38.3641007890444,15.0112428111572,6.92053484880212,-9.23883281102569,0.224789506498533,5.73106083752486
-1.15085233435779,92.9986434904908,50.5435037954229,24.5154730650308,21.0254247929992,-33.2222279437633,-13.3278517530906,-9.71418526925096
-6.82215046783178,87.0601247693969,55.8586759712301,6.89078824187685,10.9388224234551,-29.1593476240737,-15.6023548350143,-10.4207981280782
-1.49718491162356,95.2506195720545,65.0716728075146,21.5801110791477,-0.977445030891349,-35.0507974133457,-21.8056959259525,-9.80228843539178
-28.283050693793,115.386892014011,67.507414031104,11.1257697987328,15.7827649947172,-5.53871463140377,-31.1739838034118,3.54906469231918
-6.9526596308778,84.8576760996051,41.3970246304719,2.92113362866057,-7.81039772166168,-43.4552617368287,-9.8285996105998,-12.2552698607761
-7.82282232071912,85.3917478001732,38.7810079432714,17.1811660169366,-4.95485141841977,-23.5931713623434,-7.10065715326821,-8.05064464771033
-6.97059855397621,87.3166965637646,47.4051144012071,4.53513630511633,14.4299319215574,-15.0006103431248,3.25229918840562,-12.5792019563399
-9.4537431895963,77.0411310535259,51.5605876261362,18.8501475444671,7.63756481412992,-22.6632189491905,-13.6064947212912,-6.66775226203932
-10.7506665817591,66.6584200000555,46.4255870685989,8.48408059775561,-25.7251320897902,-19.7000000999332,3.60822453146709,14.1756760865766
6.92122121834987,97.721216029623,41.7796831466533,20.1805632545627,15.1243155032857,-20.1271659379513,5.53204582002488,12.9134074642772
-3.33994534948836,104.655141301373,55.8768369080107,9.27300097489815,17.4761176906642,-29.0041941332747,-16.4549274864295,-0.0885348961000956
-17.0844107589634,118.503312099677,63.7972801928939,16.7426534234109,28.8476897370994,-17.0543046043061,24.7607771120857,7.19479238963071
6.76002709006028,105.876343667359,93.5547603535201,57.8615390573867,-11.8134488461967,-0.488297438921754,-17.8819697547495,-1.1269492027595
-18.4157508735462,73.79260303485,70.5625224483978,37.298267221178,1.00002935565937,-16.8793285537394,-21.1648452366134,-0.138620505906296
4.56105851794184,98.1107267231013,40.90591750187,50.4003783639536,3.26579335886383,-24.2493850258209,-16.1492184094418,1.88842713986075
-30.2107916596003,103.988142710581,45.953675094294,16.6765385688368,-2.96645993188974,1.94204775661749,-8.57467965841804,-2.96403492501084
-12.6264410696162,89.4343914266059,35.9826403988921,20.460001182116,8.05768272865964,-7.73709212783315,-3.81329012415,4.02958711658825
-19.2338607434482,106.739839012772,45.3944228630132,3.6730984825722,14.5765319706991,-30.4178872988022,-2.36483719044207,-7.28946711135027
-11.492429658967,88.4743050868177,25.5391427501591,-11.7984912454569,19.171167882496,-20.4871016041092,-10.8194313333337,0.231666168780576
41.069917721702,156.244683223994,18.0110593776553,61.9322195427607,-0.573376029335899,-13.9939334908268,-13.5416845338952,4.14077623373271
-11.9905699212205,95.5053435461252,52.5069189132262,8.57625493741591,17.1199759181368,-20.9310652316894,-19.7713306020152,-0.371614518332656
-22.9904368138302,96.367861111195,46.9342759065687,15.6521960506756,22.3121035434587,-18.6359829739517,-2.43285258800293,6.59387059596078
-23.4572870707887,83.2492905009234,33.396019499673,1.38468802294419,6.03744360895896,-5.49600466292009,-7.69783055252203,8.67731024174318
-1.91575123010379,92.7168356339945,31.638579225494,45.6127589195836,-0.227091997087374,-7.18589015519754,-20.3268344300499,3.89709068211286
-18.8513799071094,75.0843088842607,38.4104696939808,11.6156841284501,14.1854449549488,-22.0646914582029,-4.39676182631526,5.45016581953707
-27.6391965884349,86.3982443458095,52.6831451985712,16.4111978576836,7.588154452511,-11.5106045250681,-0.83040409395725,5.86022114977098
1.78210702732364,112.92340724442,27.0181364751888,33.8570510012865,-12.2932290040985,5.78302337713125,-6.09243439246763,-6.79966629877264
-10.7538799556914,92.1148835764412,41.7341475682928,9.31954721113511,-2.84139254525177,-15.823421245812,-4.97947445439862,2.57900889228153
-13.7466031901468,78.997892113483,36.2069685254508,5.91745288636802,-6.27929916757334,-5.43000497447063,-9.73292540929729,-11.3100282127433
-46.1137655210685,110.76525273326,62.541532827563,27.097698199304,-15.5531528849295,-1.20457028053946,30.7303009139022,-2.4226099029407
-17.4962255967708,85.4361150084909,35.3087912333726,3.76296525132234,18.4774856220561,-23.9756207613005,-5.56448581266119,3.25561102474102
-3.76838716772716,85.7165733570414,39.0487600907915,22.9308739036913,-24.2642765427006,-0.391425627159333,-26.3146282870293,1.64433478214273
-8.86170252296214,107.637068818759,44.212408061911,-11.3595185136871,17.6842486208961,27.6071014544202,-20.408547200685,-7.71651356496299
-7.25027401911818,116.515355550266,22.6612608188654,-29.4053461760188,19.5308670610604,26.1304562274216,-35.828138887732,-3.05149400623173
-19.2415871647672,145.269357423175,16.7185321301887,-15.1289673305275,-9.15529649491885,23.9767169024238,-52.8920988863118,1.83526837804259
-15.2141419391103,139.486321614989,32.0675245458818,-30.9017532907434,8.22228094265033,57.3302706853938,-46.2505506525612,-2.31815064980346
-24.9722665726475,79.7079879151713,34.9643704798435,7.52985769313883,14.1835159345837,-14.0654787634778,-38.9449792892518,3.05256563751339
-3.40436297507175,130.988220804392,20.1088448601114,3.96802249877222,14.8068644966132,0.623038692624986,-22.2177294810994,-9.65761632733468
10.3634728330975,127.364695753165,27.7833520805744,-19.8138236487084,45.7175757384032,-3.96965288300134,-25.159798611648,-6.17759070632651
-19.4810704444074,91.9169072249371,18.6830477602455,8.51739390608412,-24.9300705577842,21.2496697829729,-32.8724134981042,-18.3204388026128
-30.3875847918029,128.287891783421,15.6972276942401,2.3557721814267,-45.078293441731,54.8303807449977,-43.8653091973324,-20.685957213665
-42.1311546411231,174.378468495731,55.058934935913,-6.26768390637429,-41.6473670089669,19.1118908828093,5.01032818298578,-26.1923574539832
-25.0964401167701,109.692496764556,57.1593757304821,26.1763452758838,-39.5944103207807,7.63687608336389,37.8923830307405,-27.3402395739905
-18.4430530209726,136.488806104494,48.3745973120249,10.2617902013567,-26.7275568982614,-24.1670233625329,16.7434174398905,-13.7045256561321
-39.5883538862962,118.399999508961,61.0190826374001,54.3504218084078,12.4355462309657,-19.6370354753671,5.05925379397663,2.97635709595888
-10.4940445455892,77.9499408333147,91.7689838633648,42.2626708620243,-6.85585617513978,-21.6617967464195,0.988511454397338,-21.4061389329583
3.25256667948071,102.400471123854,44.0330662020883,33.0497371678389,13.7977995293583,-40.8161430731264,-8.89426715761272,-8.9142110072844
9.91672780147325,153.550767719373,54.9660305882968,22.0307993011414,23.4802157611179,-27.8692091255654,-0.903760529801844,1.05236187590053
22.653583032304,218.609922119503,84.1104752172337,1.46440582294997,38.7445713543375,9.55917559619737,22.989930660935,-14.1176889317286
-37.2239474443821,205.001009317988,87.9198003125319,9.50613101827477,25.169675968943,2.63626905921421,29.9030347390403,-6.70601060172431
22.6533615244229,154.109828076659,61.9079838039088,26.8025206350333,9.30744611684387,-3.61674198915708,52.7465858693624,-33.0427298377429
3.2209499859298,127.474960981768,95.7114925319918,41.611469316481,-17.5774594768276,-37.6065032192151,2.47554142421967,-20.0718828646664
18.7060960745348,184.916449303554,67.8395617418669,15.4445968852865,39.5132181524118,-11.4436038393457,2.40280031734527,-9.21095072491489
31.060228276211,179.286324342461,47.3859255169834,25.3607097573517,47.5506460751289,-3.87581955571331,-5.37937536903715,-15.5840518307423
-12.0781415310357,153.477355043201,63.8833056637377,18.6873078551427,-15.1708937910398,-28.5624922271642,-10.3239701162346,-8.38986318195851
-1.08814236060112,124.624550594949,56.6045449137874,51.45173796066,-11.0431511762338,-33.8675283997139,-27.6099710954875,-3.00717925163921
25.4113871011752,147.705146257026,77.7032456968767,15.598875164966,50.2983907188398,-23.3710926806805,15.7367660160971,-17.8031711989546
-0.125594736272265,156.351486573646,56.1857568836136,9.82218004421597,-20.2827981912655,-55.0380855238046,21.6782590251619,-15.3713577560542
25.8743761099651,209.846354127841,68.5786096988263,19.0792816604363,4.27061512213869,-32.7880753670681,10.1486966580692,-24.0578623318112
-31.5904275387799,163.284573799011,77.8601473426653,1.19865823906662,29.7802440297694,-19.7558238764121,26.6872514762251,-23.4762760751044
26.092767484811,98.6889155038399,17.8214000355604,52.7567465687001,-34.6193734975712,-16.9001477523778,-20.7757031232171,1.71570196608062
5.12249671993021,105.509576754761,24.3722783402627,31.6086738472493,-39.049013753675,-6.95007307069582,-19.7189916620632,3.21603350724666
0.321608449653444,111.716597329161,14.1303960049877,34.1349056671969,-37.9457033926389,-15.7130887023834,-32.5283251480274,10.6895391696403
5.18510361082454,112.694285961292,8.96352568691108,33.809591636538,-34.2645533666626,-17.7007863068522,-9.8552076818122,-3.60595856375516
15.128701285338,136.179260106633,-5.29741953884427,54.195808048604,-52.5758516647993,-29.3139626309146,11.5655553530577,0.361284701799428
6.40862505567315,126.172780059905,10.5840698800753,43.0109933363421,-31.505859245891,-23.5881010450819,-14.5349613085239,-5.23588509406156
18.5489131315604,110.601986669832,9.95431345728338,51.5581660835602,-32.6891342429675,-23.6086030188936,-18.9634647256829,3.58610213145747
70.9803361601567,152.395362252313,-26.8670972244578,109.421024204734,-39.3197161859829,-19.8215373202871,-25.82306987626,6.35397779621068
4.34480810991715,119.802884948214,12.6702118232985,34.4103793360101,-29.8911476098021,-4.9019436297392,-30.600953124492,7.83193460196825
0.923613270824308,131.995797903481,22.5260675242368,38.2372699542743,-38.4161975338973,1.96068030454007,-27.791301037462,5.77757517236456
31.5670631288116,129.829043459544,-1.5169268077799,64.1097255102572,-42.7010405974714,0.0713702412104094,-34.5025403501454,5.17505183316041
8.85706197614485,102.738725003139,15.3635128387534,32.8650584016514,-29.8630937356719,-17.9541094978407,-20.6972767286307,7.23352396083545
41.5288265580206,154.479426715906,-16.8775858864096,65.9497490621252,-46.1512395590122,-6.08429535058535,-31.7868308955077,1.51520362768386
32.3374251878499,135.001780188166,5.14117908404618,54.2270605920008,-45.0445687864115,-33.0728792590137,-7.30077457438716,-9.21726442689141
-9.91612273087006,89.485458841105,40.3505493104443,15.5325840919873,-26.5438263107074,-15.0062688959002,-33.5726165556978,5.89323143546299
6.49944628718022,62.7207460512696,10.7870633400802,27.9653978405284,-8.97319458696191,-15.1884914467722,-11.3457874442219,5.53130267165215
-4.67885481304377,58.6391728166606,23.4476274978708,15.1796610068541,-5.58229625434537,-12.024577790247,-4.49266246133965,7.66593572936943
22.9821246849405,81.3222926919376,24.0389482000374,29.7668110210698,-9.52227283855814,-2.92465245614064,-18.4875348883485,-0.667085721171473
31.0182689555486,71.7894085096376,22.4347396051481,47.2503805628992,-9.29017947991654,-28.4384283044234,-19.0849351228725,1.41702795745564
6.23708409291817,57.1898224456265,29.3962809949354,22.5802866651185,-4.86989111351338,-21.8606819516347,-13.7497068211074,-4.98149703277533
-1.63735930488973,66.7991579483486,44.289535718516,13.3471614048675,0.454064663813904,-23.2652883152772,-15.4845437692935,-2.40825691700021
2.45407375626541,67.8688570263579,24.2671514371861,19.8873357800208,-8.93254237682353,-11.4713675642592,-12.8194611219216,-0.316410471631377
-3.70178352549388,49.8675369076422,30.6161954039711,14.165716474432,9.36791344699999,-17.8443300663153,-13.5781010816841,10.1568636740662
-1.60712331927293,49.88690859886,13.820562449644,24.8283790199064,-5.83343346507734,-22.8157629521927,-20.1738461277598,2.22299261398302
5.91076918649705,65.4530567124656,8.49820826660604,26.6234732487581,2.00899133091451,-17.6166504224489,-15.5629248541036,1.50248366800638
-2.84918634173079,62.7729576009528,24.2147666146916,12.3543335992592,17.8394221230057,-9.16023285197153,-12.3629635323395,4.2955830854806
-4.68328171116563,32.4883287942829,36.1480103339438,29.4285853433274,-1.19225260210904,-11.4200514759431,3.09771242866131,-2.04238131688206
9.5411479185244,46.4384478952118,14.9383200239152,30.5394713423775,-4.08623187202069,-9.9732357355529,-8.14145664223425,5.11393712576756
-16.7360832147991,55.2090334384047,26.2667971763222,17.3819729364309,-11.2916161577285,-11.488869435428,0.367288090997766,-1.95139769501585
6.36842353819863,59.8872691923453,31.8544942763808,23.187982821145,-8.22407399563345,-15.0701865694427,-4.2885338627395,-2.53140362772562
7.35125543526915,69.9712620968536,45.874588724166,37.2891646492619,-5.16311655751319,-15.2999545588214,-16.4545328458045,7.80137063320388
28.9166071263631,71.7713829589504,9.30607066362505,52.052176898568,-21.4924689060275,-11.2521632118924,-7.73002259383013,3.51324410646595
-3.1569286452991,42.2765233569677,30.3050464367527,25.565104564476,-4.71712209786519,-20.4448465112432,-6.40204478688207,-0.79184941529539
4.16538089583417,65.9490161819127,29.7755957740179,23.8651766099712,-6.45828688570847,2.12709289075596,-9.258370039346,-7.7500468859244
-15.7140458867675,75.0905035087642,28.4013580858727,31.4630322160308,-17.7291719260629,-6.33525448965712,-19.372264931455,-11.2495701399665
-6.76269048333927,52.0364484886816,28.1026168203424,27.6757265647547,9.91950714753473,-14.4467710061991,1.45380343908175,-4.7014893458597
-9.14220145825814,46.8763689330273,24.5245444557473,16.0325756745391,-8.11081316628049,-24.5607132068999,-1.06924017561498,-4.39067839593879
1.02918456978985,42.1770488143015,25.5354702362767,19.5879964584467,4.62307211091482,-12.976075530067,-11.2813265091444,-11.4741217901409
-6.91876327486076,53.8596029636651,22.3218338484739,15.992145461522,-3.53310452249096,-13.774833211125,-9.37772364748228,-4.13198998240801
-7.17460889928485,47.237815574235,17.9070010940916,4.4689409438645,3.60786510736239,-21.3185655502234,2.73432023605598,-6.77490205278493
-2.8746416420332,48.7100431800618,20.5231317396136,24.2868838000898,0.849054674755858,-21.1909169899785,-18.6016412453026,3.93796242708716
-11.7797006540084,57.7235362179475,47.652457403421,27.2254360466444,9.41412409338439,-19.4532060066497,-0.691891081617818,5.28030033075709
-10.1052032200306,55.2098942788631,34.9157514508037,22.7140682959157,-5.08740960763231,-20.9352117250448,10.0283974582008,-22.2994584263587
-6.64677244055454,56.7028166686696,38.5679112229768,42.1964153278513,-1.76026118899895,-16.2544380011017,-6.53623788246906,-2.63687069197232
-13.0145644167539,58.0693218010927,41.4042951933678,26.7228976678897,-1.00023729792221,-20.083775935762,-2.82043141024335,-4.77215960735636
-8.59003240818243,50.9905535909425,36.9751052853687,21.1502017848459,11.4009378109119,-15.3160660528816,0.170825345493583,-7.94502231365458
9.30770659741676,62.7627920749223,50.055533242531,44.139645071944,-5.86136427758815,-21.5565465786586,-11.6073044738806,-13.7665238056821
-8.82169433694321,50.166773595409,37.2449897699723,35.8935326245608,4.63205465497648,-20.216502380972,-0.260156635065966,-6.11356498959585
-7.14535649648118,48.4661462824644,39.5433420791675,36.8629050266237,10.7532801347208,-19.4393574028689,-0.00458313930739419,-9.26187415264446
-9.36840616515808,61.3296093340998,42.7814362642658,19.8756447526794,15.4664541427318,-20.7616902297208,-2.05659699225762,3.89292230672741
-6.49553858147286,53.3922847978802,38.3562795745154,34.8088412165144,2.12719729108947,-15.173215110031,-1.94682630064634,1.86470631371902
35.7766463931285,169.126706350124,36.1683828990498,-0.354510570924885,39.8453526746732,-20.320737101212,-5.85185881054974,11.2844779529555
12.5774243592102,133.274242793158,24.8303037832432,-22.4507715845749,31.2027075545643,-14.1864311929977,-13.0775702399823,9.39472051746654
-6.16854903531413,15.1582875926831,3.63352527781189,5.1288526008204,0.204632195717827,-13.9561746313251,-12.2240360088434,-9.88032312322768
2.24426179867466,148.657060288942,-4.96310006324263,19.2056057821674,-39.5303950593354,-13.549549004595,-5.35965376966869,-11.7170402620877
29.0560917198027,160.969777194511,3.39655019900285,20.6179079336232,0.806260752491323,-10.145700052351,-7.62437763228445,-11.6679082101772
-13.0260095214346,106.077288286506,19.5084213956028,37.2657205652211,-15.6889050470349,-17.2088649203011,-19.6752138973164,-2.09616096260957
8.20501059979869,96.7066346310141,22.9602720537339,24.2527799099808,0.723182806227458,-19.6781321656879,-18.3648108263135,-3.00191174035726
-12.0282762116407,80.0388101685386,37.2288255000855,3.36914626857989,-23.7399772742238,-11.458063687672,-23.6834728644994,-2.47990848817365
-4.65240135199353,85.2617843377712,15.9844809916739,20.3324731833494,-24.9758276892735,-13.7221339244002,-15.8311855642578,6.55442751731725
0.605330896394615,71.5181751436429,21.9490064864073,21.2965676970856,-13.4053426898371,-15.2723561087528,2.47694165963154,8.05547078458328
9.0741699547353,114.413570373253,2.83819584889957,26.5536362693211,-30.0037571992765,-16.755023970294,-7.05167635125529,-11.7230390956899
20.6624139622648,82.0549109076611,0.0657860245763414,39.9462467319527,-13.7337636429262,-20.4854416180177,-9.90715359240167,-0.826069018591629
10.2060986832552,98.6977208335554,13.5223541059767,43.1178780258582,-28.5798987673538,-19.4457330801085,-20.5385045651326,-8.13794200647503
-12.8719181012335,93.8302374244365,32.2892652270698,7.23916692308182,-14.7840096981971,-20.9994077389694,-8.89223656156295,-4.7731300773491
11.028876001212,85.3455998868909,18.5823085117608,27.1758198230767,-8.25317384250819,-28.5005556419709,-10.8440352551754,-3.29321939937154
12.4846193069992,79.7314719922816,0.948326024918453,40.0550926712999,-12.5411670715255,-26.7251229500172,-15.877573154618,2.18918244204761
5.63865603579415,95.0149929358113,0.884540712149876,33.7075756293508,-20.6513784743505,-30.5545647767022,5.57287818619659,-1.99787279703036
-2.94798021808054,61.6205670900725,28.0662942154543,17.8140897398896,-8.97874856015074,-33.9285610072986,-14.1959417683836,-2.47398707962279
-15.1466569207435,79.2949768730815,9.99265944625529,20.1301088031968,-15.1305751722357,-20.0608383764224,-13.0432447624561,-0.555415789234269
-9.55972026618686,77.1329190662325,9.49182125365976,21.4704662056087,-15.3477292214724,-29.8647896741432,-19.3558132159413,1.99872810447735
8.58937241256272,88.803985457173,-0.874496068795513,32.7615109220711,-16.0756883383127,-33.5744652967009,-18.1909534144997,-5.39669964375369
-3.06294168669047,55.4521900530119,8.81136515637736,21.8907051357365,-11.1647333993233,-26.2476508526924,-2.11868550833287,0.0631277027650655
-0.695563204214979,71.863235543795,16.633116558474,26.8064044765455,-15.692655838598,-20.0221856885088,-15.5043360419959,-2.67408736448307
4.14946333192014,71.7228583764904,7.28673436766657,28.360609398997,-11.518857431184,-27.9050172987344,-4.9765148411286,-11.1622772941664
-6.96113652078222,76.1958695401608,38.3647993912286,19.1623008356109,-25.8704826186943,-18.1177278152593,-24.8135216342432,-6.56782303408621
-0.173016628937485,67.8826849271361,21.5895058244636,20.4140563387181,-16.2175112400069,-19.1366431994046,-6.64004903916049,-8.40020585271949
-4.47834929370433,86.2269292139449,24.0088837199634,22.5024459389647,4.57027724016695,-26.431036332906,-19.1280467088588,4.07082658962979
-10.6527859278486,101.690391442664,29.0173170358227,3.57526015283674,1.13302475979054,-10.7292332147277,3.26882345050288,-4.60310796027473
15.0180968190559,144.297981241403,7.65215170246103,19.0859850404911,2.47757092584387,-37.0136487076811,-14.0124546767451,-11.9733823790225
11.8517982972932,128.026244517051,12.317243764494,2.08212158868658,17.6297527309061,-22.3242992784525,-29.928224868176,-2.0150894996023
-23.8032329989203,120.351042538612,28.6887259617334,-2.09814864787065,7.27595243579077,-18.4884369788165,-12.7194548973153,-0.821734000041922
-3.08332687719091,122.375609960411,46.724424194515,12.8058119043922,9.18983672737438,-19.8414314070582,-12.613147445506,-4.58616859691362
11.31962721877,128.4261674206,20.4001233531864,13.7232198475887,15.2267720621789,-26.7440501376568,-27.7843448473028,-10.8133684328955
-2.77226258069171,135.095324183451,22.4739867582127,-13.6054495966736,21.8024773704916,-34.8413686298378,-22.9640672037498,-5.16743951570541
-4.00725097465207,93.1252464007774,19.9134828313744,2.03766950650318,9.47652453668218,-29.9531379383736,-26.2936139057424,0.0114660784435376
10.2128530494163,120.662671804462,11.0204913390648,34.2992387833718,-1.56995892076534,-34.5586796019765,-27.739429067294,-2.10742482449956
3.7250670380744,132.47198348261,19.6139175754682,-1.91312856217921,9.06662733470859,-18.1221765330403,-30.7163767699007,0.530127780788446
18.5265724066814,152.295455493707,44.01518224158,-37.3499475003973,63.4197055140356,-6.32212050085163,-22.1776486419467,-0.0559263377589678
19.6625134138988,116.122061922488,22.0452449067228,29.4337193953293,0.56905761069763,-45.6740410979009,-16.6264360082088,2.50598667846605
0.979770352806792,149.025542842352,29.1024829518582,-28.3305064804514,48.7869040802618,-24.477397256733,-5.93187810458584,-5.49741353042647
7.55672579320339,113.126841853325,24.6006677687503,24.3643835611852,1.61718199514371,-23.5595840376668,-16.5890013141345,-7.88885796930541
-6.41860386393447,141.702173288798,27.541525943034,1.92099643379966,7.83915279989913,-25.1625442531411,-3.56079717737291,-7.63288502205195
27.3454155173863,103.687679696625,16.2657819412733,30.8130891847691,-4.67658837597904,-24.3350702562522,-0.701964606548142,5.49746358348122
17.4954724063875,120.350468108458,24.3246312988473,17.7467579759296,14.0560971470907,-26.1247970082598,-1.26522478512861,8.97866948875618
-10.7035346972791,152.126854119709,32.6953407288269,-32.5002216898143,2.98637486543602,3.09609455637344,-1.70827713073087,-11.7685876770049
-3.78443847639707,135.783363689784,34.0964684923705,-12.6850246802625,5.02733606586802,-15.591347808299,-1.44678456320227,-2.97270941362399
-11.6477374744962,53.4904669982643,30.0326782471058,12.2678670781735,7.28122578011312,-26.1765780210455,10.7308716502711,-4.99030487861791
-9.91335544154383,68.7681780965308,44.7796049420938,20.6348295910286,-4.34574238035905,-15.8443159339669,7.25868511636448,4.682970161033
-12.6797029321463,74.4757489074215,54.3300140980956,15.6253843264618,8.84888638884582,-13.2978230094576,26.5229345955238,-4.84158735270625
-14.0294671894941,59.721554008607,66.7280050928775,36.9471681511617,-1.52573798981641,-11.746448856579,23.8706210706239,-14.362972362878
-13.5853188390021,50.7157342413278,62.9169349207884,29.2339496370332,-5.33713573954325,-6.78278616968663,11.3890629945578,8.89125594875298
-1.56075978987529,68.8174941228433,50.642384066398,-9.15514469044552,19.8135205517711,12.6545114394194,14.7848629698721,11.5540781892971
-13.2424174975568,56.6014155717284,60.1573231260814,19.3199979792522,7.68912969980908,23.6190656368519,-10.0805625795648,-4.70128232738913
-30.6909247429914,63.3716220539647,58.8470957888887,26.8662984775148,-14.8461156884767,0.746462432311959,5.42943931663348,-1.68355686736663
-21.2661249706016,65.8222145307816,78.5970300878832,39.052721453662,-14.5839465205721,4.72376608419524,6.11091479988028,1.02206513103597
-26.4019446059799,72.4224081384228,64.5998109109883,32.6403088952956,-19.0033919057356,3.84152202993068,20.2834568582801,2.98147516033326
-31.9133135507322,78.1525743653627,69.0726372653297,25.4282125101646,-12.1396684699431,-5.98524150644157,22.3264266665045,8.79467012025466
-9.71743617725667,50.1251584927462,62.0285377939386,38.4266486967123,4.75449218008626,-13.867210212574,0.560963503249654,8.04325963596819
-21.8470943754625,71.6399351570065,67.4716298031791,31.7131514371003,-1.3889038715841,-7.53623841120263,3.56335115410239,2.3092873893156
-23.6106737229634,50.1665278426798,59.1969809474902,27.8890177138443,-7.93157924356811,-4.91740882848317,-2.60097249434484,1.20646164955654
-26.2960331511705,60.8776170189493,56.8879691231792,28.8265867834544,-9.22466014441321,-12.7928325832028,7.65598599717371,3.33354227701135
-26.4450653401868,72.3454685939862,70.860948261095,25.6565088310658,-10.1118491778421,2.85502254743003,-0.558280733931945,11.2953261818196
-43.4845012878277,97.2648304952079,33.7657827130847,-12.1109175953358,-28.9853302423094,-12.3260459453565,57.1315845920118,-5.51805367124761
-15.7183992355045,68.7324155130755,56.6590918486635,22.8940663900895,-12.2469903236034,-0.877307852345907,-8.90333510939402,8.80011358975866
-33.4800046366964,91.2463897665019,26.3225728599906,-4.51737742972906,-51.7974387549491,34.8830498688113,-6.29353198668415,-1.05884870150378
-7.94135247553818,45.3941933594347,26.3043353079186,11.7859682847465,-17.0118191474706,-9.84299119051595,-12.8115837848875,17.0788143241354
-13.80128375604,79.5468468279912,55.8131805348073,24.403030455062,-34.9598365381997,-8.1039021118454,-9.41864674534293,16.157854644316
-30.1232303664376,83.0740628536009,27.9666787592151,12.4866489195292,-42.4216983574749,47.4636854767533,-5.00664293105908,-5.29009879757555
-31.6107247073037,85.1654895905716,27.3081033578226,-0.247674671868966,-48.7898847983679,37.0722553850557,-18.9646403069376,10.1098647447143
-16.5591800443712,57.6797429198362,29.0716095741511,8.99571297460907,-26.058569693805,2.51664458134538,-15.5260293561231,15.243774444995
-28.2070601778811,85.8384185582011,29.4258949406651,26.0009976083478,-33.677995937163,24.2376553030075,1.174622847012,-4.2512425886503
-40.993907735071,86.1493032663077,51.2177125170255,11.408057236362,-42.5800554099878,19.2012306920782,-3.91494147910311,9.3708998856517
-18.6317184832168,77.156039470881,40.6674169481088,16.7998811801595,-35.8890482089169,15.805320086813,-7.20892734826509,4.34719812938354
-12.3441722113594,58.827851369864,41.6363308521014,34.5058093882674,-4.09502691394793,-9.86540401590195,-4.57149035665473,12.6637964718623
-51.0597935374239,111.530577679971,43.8513405711567,-13.1136531474858,-71.8601893665313,52.1248486385716,-13.9733145721649,-8.37100984551837
-38.6502564872159,92.0170045181579,39.7951705494976,18.2475064652869,-39.2346766925509,19.749671309419,-1.86072988002603,1.62628696903513
-31.7229893489421,69.495700368247,52.0065458884579,41.2802916538597,-9.66281993146474,9.33288258915549,3.43274898866295,22.3872151588485
-18.9854773720006,68.5931774881787,48.7232123366385,50.0660791303456,-7.65960831250665,-0.26024615461214,-0.424357079972793,20.9607681698925
-22.1952904080628,96.8260246685561,32.9664946653298,25.5626201726553,-37.239980077788,22.6387960593062,-16.8326468601692,9.98602203184776
-29.1536271693071,70.9260467580312,41.0590507147462,28.1969216978647,-20.8886624294496,24.7134775717575,-10.6953118528684,10.8062855445961
1.61176711186978,55.4387219613401,23.563606942624,30.5794768945492,-16.9436400351179,-13.8756319676636,-5.51834723712809,7.28189564296222
-40.8189307922237,93.7299432656806,61.0129221688705,15.5815487616586,-49.4720366186826,19.3252879512299,-3.79884060330729,2.70829283067768
-110.65506532486,184.746373061312,7.20405876914315,-57.9441770148958,-118.087503015429,64.4608611770114,66.4271687460489,-53.9423805322015
-33.6632969567579,69.9137274232365,13.9834585136524,10.9676000520372,-15.5342410746254,-24.3547760157089,3.99393515097411,-5.30235872279382
-14.2431622301995,36.7281245862161,11.579149375754,3.50488755389563,-7.34910071434765,-12.4548474060123,-10.1325136955458,-6.4889328511796
-13.3926649016298,51.9435154247915,24.7886199781225,8.45062981145051,-7.81984386923609,-16.937410862763,-21.1429439872182,0.483899778384881
81.7897434741596,154.492095320085,-21.4974883878733,19.887049377318,49.450176420235,-2.54995781731923,-2.66312611595516,6.51933307601819
-3.27330355814854,34.0472802278689,33.693433985221,13.9771115225108,-11.0751519958947,-12.6225495667162,-10.5589232515165,2.51309618576484
-13.3084980003112,45.0911560359217,18.9837397712072,4.84981245637598,-9.04217432595762,-20.2929051270914,-5.68359164677585,-3.46984306329807
-13.6388762482479,34.2059763304284,21.23463108785,5.20206460208278,-9.92352386351129,-14.445608306548,-4.03369777271466,1.12398665834103
-15.2266493887391,36.7108279343281,26.3696653806009,13.072977621869,-7.94354279036787,-14.6765344391228,-7.39458479511218,0.552265516221218
-19.135626606323,40.2086830561861,19.8661595287085,7.36430484305869,-11.0378292418931,-13.8923476714662,-3.66770493813829,-5.31284255665919
-15.0639360105516,40.376661997421,17.5063878571036,3.93076143389225,-8.5620938009316,-19.5392854832923,-7.04787406273288,-2.67123140453589
-15.3749802079271,33.2326416166959,17.7129540361155,7.15019344878505,-2.79030736111944,-20.7867032718748,-3.1066768862468,-4.24324864062174
-11.6538016342391,35.5274996026455,21.6943652835125,9.90168748036082,-0.0865909122299319,-15.2266771959709,-12.3381596838872,0.42743453628224
-18.6974814013358,40.1838331743422,19.5030178949046,10.1828631722513,-6.81135057106219,-12.6285390814004,-16.7177566923048,4.63561703750711
-24.0270582649161,50.1071932048697,21.8625407511661,0.0373083786071439,-20.0105787858734,-5.70435971377189,-11.8563022480592,-7.5928921256345
-13.2536826781049,34.1732570607047,16.5016147950582,5.21490745704509,-6.36170676298169,-8.08110194037632,-10.4196446571077,4.54288167323156
-0.177634932066147,50.2174502703141,10.2427860210548,17.6221086928021,-19.1002939188087,-11.1648382219064,-11.7298652088419,6.86238337420312
-18.3421399744428,40.8565339883426,13.4772592339703,1.66114742470601,-15.3689458829794,-8.30073064029319,-5.41479078825707,12.311620859899
-27.8178258507722,72.9530661207846,39.8920822421783,15.8312248748323,-23.1154906883199,-21.010025186679,-17.0287681547934,-6.67090140063147
-31.2705921385139,65.7162117465046,38.7877302220244,12.3336255178151,-11.1093105960254,-23.5076907066509,-17.8559794656957,-0.654869420749453
-15.0527022933894,70.5219407992646,35.8109702415589,20.2388076327974,-9.69604779460517,-24.5442673969254,-14.9221219336732,-3.47621092516448
-21.4419276030493,89.1785465274199,49.2804376376655,17.1588367346903,-18.2612171249995,-22.4564148053386,-16.0578904585864,-5.86054870077507
-22.8369527126182,81.8215019396142,43.39123953621,9.41335274503557,-29.6884119235249,-21.4721218381021,-18.6221719256755,-10.3806968436688
-13.2507604570455,59.3002681289965,48.8632191231885,24.9555207530652,-4.90027725253017,-45.4703624633092,-29.7308170156225,-12.2438848137035
-13.5644661099939,62.840406065663,48.847572898959,18.340603693181,-12.9542613258703,-28.894298515267,-30.5079815365124,-2.67615782684133
-19.9625327796716,69.4199348857094,43.2176061966996,18.5098295029034,-14.5908916822517,-38.7911908985368,-19.7959140048747,-0.831527944761923
-13.2546217170945,74.1864460646093,49.736064084682,17.6730831280467,-10.3991360399082,-27.5872162693858,-20.4784723880254,3.72377026463277
-6.67661171768021,71.3864924237988,47.3193165294061,16.8634617044632,-9.12122692746465,-34.7121740175211,-21.6238256700589,-11.9482822311906
-14.5994570226041,72.784758881577,46.7340142746169,28.4044640772934,-11.994059849532,-32.5064384034933,-26.4002427976767,-13.7262483891459
-19.3848876070842,73.4192099663002,51.3333433324273,23.3935966308627,6.01816435818056,-34.2280499950671,-22.0644245883111,-6.25513341987296
-8.44426909544424,77.1199268196755,49.4657618424577,30.2499265679216,2.62738122190601,-37.3753001500496,-17.0216103229232,-8.69885811514458
-30.1092626407148,88.7941100634305,71.3136317382537,25.8530656773321,-13.6919404414161,-29.3253773549368,-13.7634500047468,-2.11672143562968
-17.8603405915751,62.4933110875432,51.0525149848456,21.6835445325161,-7.03639607539895,-39.4465793830612,-33.6591759212887,0.333056965377386
-20.0476230686723,87.2913565999053,54.5855055606031,17.9003630319429,-27.2349591513035,-26.413877388544,-18.5394755977847,-17.6113939768101
-14.7720223044349,77.4380102840385,39.294345979334,26.4518051259004,-16.3041973770835,-32.3305939733629,-7.41259587679192,-10.8316226252084
-19.1473034708174,79.4733224981565,50.004794981857,22.0668270548209,-21.4459526117074,-28.6995864227684,-7.48313522410445,-17.1711839348604
1.84536368445794,98.0483076068466,24.4895747405801,19.925826995509,24.3822878379142,-27.6805630926148,-38.9159357377557,-14.587364032803
-4.64732517374502,149.766185055211,45.0769273634245,10.4656140834914,4.49226785992708,-8.99819830832179,-42.0111484983168,-15.0006705486643
-2.45587125655284,105.240179094901,46.473907627333,33.5383083803469,26.0292141771288,-24.8400517204963,-33.5861062016336,-6.01502909154619
-16.0337162456813,144.429172337656,86.9262322204412,70.3318539979768,31.5417962892364,25.3112636122489,-22.68039315201,-7.80279814936257
15.1353679328492,134.345746465815,56.5135743420313,27.8696345233865,25.4031403161933,-22.6469993878988,-30.7597494685824,-6.58744522285374
15.3956835222355,144.085488035421,89.3308499059453,26.1988432683347,57.4666669903433,-19.1491715830696,-16.6531471334175,-3.4714334501426
3.93179446813708,115.664746825762,54.7078498322725,40.7898273246122,13.6763412969573,-27.2681871186763,-21.6944493325632,-18.7369915597262
-18.6460192081603,137.349563335034,64.1020384405169,42.8120748837732,22.7095851157547,-6.64967747695852,-18.9886937178697,0.698068491270295
8.39206734513885,100.323422332867,48.6978165516372,30.4553747277342,24.8977979735432,-23.3621313907383,-28.8801303228689,-3.20314726813774
5.20736655705376,106.326517939334,76.528427796711,50.6164599582426,27.0362563803663,-9.79009692448009,-18.9214470694806,-7.84406047151017
18.302919620297,123.366710929699,62.9347862251882,42.7686226680575,25.6621687277111,-18.406597482735,-30.8829504844138,-8.95225648534062
46.7086278437551,145.871544980867,37.4412795249113,84.3619226077429,3.00849647092917,-11.7429435488246,-15.0400804146056,-4.46038043126694
50.2561070364827,190.691055746484,55.5709827795973,30.7688557397799,68.7410351823661,-2.00894312105229,-34.2728775147532,-1.54971032839182
0.0819087948067719,112.078538588818,57.1194589465358,22.7338235022322,36.1960628970528,-18.6176307668673,-11.9793492600589,-6.53516524953509
58.9056422025985,196.398281270257,40.1277887025401,71.4511065627505,29.4995362584165,7.43053172963589,-30.1222007930683,-12.1241712736264
-13.5418924439855,141.239599913504,78.4816595523911,12.7415661252169,50.2106733422488,-7.12117271969396,-13.7685039051555,-5.31020568680596
-2.56523190162268,82.1259394425059,7.91941476791733,13.7165782832945,-16.9942193494341,11.0601932879899,-10.1301949372274,-4.48577310926337
3.36502051052093,74.8794529763812,18.6936039933804,7.86970288185591,0.817462106131926,-16.0765445567989,-5.58038179794291,2.38136942551165
6.31256736738917,90.2202670949718,27.9245984061074,21.222332704377,-2.14893029500683,-24.4111415013474,-2.12418015052173,1.22310754679501
-5.97968391028149,75.3081914261721,29.6281711756234,4.12634804662968,3.56330290674976,-24.6877726725296,12.7970467198263,5.5614154848336
-2.30387585289682,74.8738310261601,39.6627731784713,10.4583997046151,2.8754558223693,-15.708213950456,21.0263538248821,6.92331282685801
-1.75474927078216,68.4643272809936,14.8694467485153,17.9236088524725,-19.710136085764,-14.2507109429721,5.93528023771652,4.66755513286127
0.100959136707263,51.8246935632576,20.9206827629019,26.050079431412,-8.77262929170162,-18.9525091463692,1.04655315877088,11.3615227514146
-17.219286963886,73.9705254748307,17.5701153011994,-0.412098637287417,-28.9759562023676,4.14925990221567,-1.63753428249192,6.64298665072772
-0.367468519344111,22.5465296992562,22.2971038753263,10.8355924872789,0.624020721614653,-6.20142229068238,2.34748707156831,-0.451107337917806
-3.01733626857415,33.0997437023022,19.102809451644,1.44892948236894,-6.0839918020159,-7.44223703965762,8.47933571504676,-1.40104602599874
0.402127908317702,11.258165950493,29.2615562095793,13.9116903460492,2.49541590532082,-0.10992409012767,4.93730173638659,-6.13160059483881
5.16737370617361,59.4720018465192,46.7749079203767,11.9281489773129,-12.3205738748896,-31.6796707983103,-20.3422917963897,15.3895381290565
-15.1665958800211,93.9784336921736,28.4129627651233,4.82623981129361,-39.8309662519727,-4.72855277941755,-19.0347393574477,0.0818871897446818
-0.744109045346765,81.7796272589984,37.2794267614171,14.1837028380858,-31.1298246383983,-6.80455929614619,-27.1911495946766,2.45632766441423
-15.2335748060999,152.664440347918,91.2203036790919,38.0760206474042,48.3182511602009,14.1881600562756,-18.5314542131134,4.20279592028214
-2.92807824103342,94.3294471981285,79.3219386657784,22.4894604207778,37.3300743329417,12.2505648024963,-15.0602983715425,7.62782025924018
-26.8377639127259,109.294882049948,64.4363324707255,39.0715712761108,16.4133825814727,7.43653218467999,-10.7634924669235,6.45160008057453
-13.5300945233154,90.1197541112083,72.7408559265989,51.7141249445615,28.0130209056166,3.05099513210938,-4.71393537126824,11.2140195602441
-17.4235572905635,75.8661863839661,73.2282498769186,63.3116555291453,30.8693266243311,-7.39686905366101,-12.0637781120135,-4.93683233239051
-24.2700228330192,60.8149464415064,58.4656550151198,60.2863743346111,12.1593623701355,-9.31879798357287,-6.3995401265774,3.80458771713553
-31.3090166915723,82.9826890869738,81.6030680640439,61.9450725879201,24.5204199813837,-4.06213182175899,-14.7211576201871,4.10741458573146
-20.2227156062598,83.76557095036,66.2897319976368,49.687391565899,24.6508073820097,-0.715657071609768,-15.4911865780639,8.14552497354965
-19.7238959861802,78.0112866693854,70.6119729289564,39.5658052959225,33.9262252587574,-6.32120216124114,-9.60858078570576,0.22227208246929
-20.9734951696188,44.7479819627388,64.0817882900123,52.3910363580205,8.51551794340628,-6.45273863538752,-5.70993952288855,-6.53788134585027
-25.1444563192985,58.6042262274237,57.9893550372902,49.4651909161977,5.95205618089991,-0.758877285003146,-11.8950378615161,1.98637973715288
-18.0150669759632,64.2351176409973,54.8029285006069,57.6792083215571,5.55013977608096,-6.04572788892926,-8.13248587379645,7.8662545775461
-0.922992331571912,97.634535637708,64.9948896632438,46.693464448641,46.493304256978,-3.17441128432971,-3.67480164486003,-3.77547392956853
-13.5170491406313,90.0600568393289,73.2863753240513,41.3961826622197,36.7916051775784,0.148243502519094,-13.526550950945,-0.0763236156620463
-26.5507337522621,69.4775629479712,75.5477693396177,50.2058741513247,18.4655942947461,-8.99211825264494,-10.634618547211,-3.70284342787749
-7.62342874449333,87.9600837719897,75.2520879981831,59.543723460756,46.2192793368201,-5.60600995334636,-0.908534627482767,6.37920006098144
-20.5793463557182,63.8226023448946,81.5111470132938,67.4087399348246,23.646394430076,-1.96461981537568,-5.3409277937293,-2.47700188602002
-8.9763704191437,103.338694372113,95.3578406286975,44.6471343131664,58.5066491082296,-1.4362015059081,-9.02129766499161,-3.54466909888596
-2.57349138352958,48.6492105270605,36.1444954551158,10.5715265640456,11.7759647768975,-26.5795868286452,-15.6469318740172,-14.1473764785527
-13.6229122936804,46.9576196230127,32.0182876625802,28.873087856583,8.86483053697576,-20.2032919172204,-11.6241056666682,-13.3101937686956
-8.15567328686545,48.7241259969096,39.6212320045184,22.2925712822675,3.05501032930363,-27.5544611174461,-16.4316420441531,-13.6491180109233
-6.31776610992003,33.8223306581397,29.6711900290334,16.7746428902483,2.15282245183156,-25.4855267760282,-10.6085721578765,-23.3710516868389
-2.02355701143513,48.9597107227202,35.4494500538263,27.9306053693053,10.2940104634204,-23.1566918705434,-15.5833329103348,-13.2653645842302
-7.02034882313129,44.0563615362208,37.2443330678703,30.007077405917,5.32011345809775,-22.2194678895298,-10.2179642267266,-14.2312248918352
-6.31832513716957,44.3551620681701,39.708239439242,20.2260746790979,5.38071652993992,-21.5736197995422,-14.1143752629939,-15.9604226662375
-7.973760887524,41.1405548432724,55.5751412148451,23.7736979078357,-2.2086645182073,-29.0611717419331,-10.9958743463206,-13.3402174095388
-12.8681247712906,46.589470041341,64.2641245551973,39.7539785253443,11.1320118149237,-17.5525558892154,-4.82994481450375,-13.6512498479597
-8.29692918815231,52.6147841917615,43.2965406620775,23.4261924260308,8.99181309732809,-25.2230985573854,-2.88519419814214,-13.4324963002146
-9.63717517440325,45.4865900821763,39.9874127431809,37.0457016190996,4.80273945789791,-23.8399685299002,-9.02308485879795,-18.180362567819
4.18927930341595,54.9560794428007,49.9917688774644,19.0034989975105,25.3699135254386,-17.704457741617,-9.66423388125715,-14.5358514926804
-14.4847336173029,59.1347383934742,52.9291704140309,32.0511379623413,5.3955128275546,-17.0508545633745,-19.226720176754,-12.942256542965
-5.78912722832551,44.1578951076415,41.3662626164184,25.2708511789769,9.52052442271193,-26.4109869869857,-15.9096315623145,-13.2943102767363
-2.91545047832306,46.2900141703028,37.9239529232554,21.1296611966912,5.90805426812862,-26.5501725277768,-10.3934557410864,-5.55992669308736
-7.05840989278363,38.780509754657,37.0541695794868,22.4654313519022,2.91715321284692,-25.8411073012798,-12.082885048485,-14.5233221996543
-11.1394868271845,50.4362493513202,55.9543097700651,34.5161870761182,15.012360985507,-23.608106087463,-10.8787545882109,-14.2749006388116
55.6714978567831,247.578897157939,-23.0731432038226,-12.0454255025836,26.6139063622977,-22.3989013918953,20.4595784671218,-9.71060809232978
22.2135422155573,241.416862650216,-29.4081012644488,5.72164086527876,-22.7140670184887,-12.1174746723223,32.5797048562057,-25.1945718600086
2.46813551238758,259.458899814818,-17.8161090457325,9.19804623740085,-46.3784299551835,-1.94027244782704,14.3068135460484,-26.385220658701
-35.443821179308,194.697269565902,2.88656509922287,3.09478246029951,-51.8091048820914,-31.6696754298017,17.1665548815195,-20.9580654990657
40.0267525850375,232.309111267051,-8.59907718459227,16.4456527908431,23.6441764703027,-43.3098259084396,-1.01912782684674,-5.95400829886897
3.38743256260919,174.17324669241,-8.9539332924739,45.0700590487045,-22.0510376158049,-59.0554955705952,13.1530453746205,-11.7108659292994
36.399507033414,201.692919819048,-25.7320873902298,43.9007973320085,-9.04794156261908,-23.9757326259732,-16.9214827372389,-6.85971147837338
-16.750828924099,197.895333499072,-7.09985641485679,25.2576670826632,-41.1587691814506,-54.4387606640296,40.8322859492229,-21.80839588454
-19.2839331432269,232.910862028077,-3.03814312110019,9.91213620011167,-48.6956378104936,-8.42047485447355,8.44978993463935,-30.141586586066
26.1832809012648,232.963365669582,-6.91880983465945,24.8218609099371,-11.3982268726483,-31.3492149550285,-6.01596488238533,-10.35857663331
7.76046661885739,235.779782180372,-15.6141904984747,5.95138296399729,-13.9420773763379,-42.2585333987724,41.3756637580089,-26.5148357305406
4.38791119614253,173.399157956661,-5.10567404694804,34.8768144246363,-16.8220438036258,-33.8460844372955,-26.6519237791488,-9.91866130737175
-10.2018686908415,160.743416664482,-5.03032644946779,35.0040092305365,-31.5510829516027,-49.03610995368,3.44700521876427,-15.2330347171655
38.8485306468983,204.01542004504,-34.7125015825294,61.4733324242813,-26.5569278431163,-15.8201891906137,-32.8073557021967,-14.3202480503163
5.68828881081568,152.582490244453,4.15409371555171,10.7051861643087,12.6754118745353,-34.6349477877911,-25.6150455012807,-7.89389391553233
-4.78241281550816,209.629671474439,-3.52466066667268,16.1227439634629,-26.2692666948831,-20.0576060107627,18.3367682223782,-22.8267850868087
-13.161471803262,190.55767631598,-20.8298128851418,21.4055872998023,-43.8474437143718,-45.1657292886809,19.3188574340776,-25.7877985714386
3.22786132330802,218.497576540942,12.4330917304545,-33.2504942868421,32.0529853958095,-17.0549086168567,9.10937654289124,-16.0497938968594
8.84975190379577,214.802139308984,-13.9395870759865,10.4182161495784,-14.0830963446979,-29.5364526498706,0.404199369935111,-14.6896306189417
-6.7449267643954,198.6870508575,-24.2813618324785,20.2811671640572,-39.327601455787,-46.0644020390388,23.3586624542004,-22.9393330002235
7.41981877916203,253.731935268143,-37.9403045798954,46.7273217527028,-85.8829104945298,-19.3141406349716,36.3206582146206,-39.084588794954
24.8986790676697,158.615967782168,30.8504076008824,26.0109804891876,8.28622289260142,-9.43030404188154,-18.5219626113558,-4.25013128151205
45.2779485574028,195.60315003327,46.0881762952423,13.4730888228208,36.5196001228835,17.1075579540191,-16.4496177130167,-10.5358461199241
17.8976189912319,162.622933946166,41.9949227299559,27.790947715153,-17.6080795589145,-3.7477028856138,-5.39734880106756,-10.6306471052106
-4.52859205446281,58.2213456013231,23.273319056465,23.1174699605138,3.96378136219722,-13.2814977930847,-19.1514557881572,-1.06775923468039
-3.23518788109745,77.8355115229233,32.236991326685,7.44168442847942,26.9639049794106,-13.0090024477524,-26.7032124180447,3.49447541675844
7.47780146208554,83.0257068275182,31.1908758395083,-5.53642924230501,44.6433980325054,-14.3428025811022,-13.4009578941414,-2.10307296784464
-6.80769545017349,74.5313150887473,31.495051639837,7.78700324489205,22.047843482976,-25.1897223878625,-29.1832182128406,-10.2139934599133
-9.29325694857073,74.4568640800956,36.1269645944516,7.80835068863664,21.2277268293198,-17.3501215586792,-18.1148307591672,3.96167610405935
25.1045198349039,112.932964392207,32.0518985147145,-11.5905050098138,62.5060152386549,6.65157928935752,-15.7462421137618,-2.5401122732181
8.3444044344405,95.343241594621,25.9988020868726,-1.77535635854505,32.5852764258887,-12.832725005486,-26.8123840682975,-7.1341528828136
-23.9680325007901,93.9689592396543,41.8116976353687,3.726086813437,14.5651665317163,2.55179641130369,-19.2720862690386,-8.27813961464992
2.8454906158975,97.2559609309638,30.5805404588835,2.00916775501589,42.3687293946676,-9.01649827372607,-25.1307630869124,0.0726468384987884
-2.19755515324414,81.232497292871,17.5600653705382,13.9821740939736,11.9416592801378,-9.82235034978193,-17.4143909354252,-9.76045892344575
-7.28378885999795,74.4891971687878,42.8905248538366,24.0158081595303,17.3974000792097,-18.4425442026246,-18.3182853659774,-3.77260370817772
-12.6136959622311,112.752342152015,56.0685452436385,5.95286186911615,24.1056970719249,-7.72181777253208,-24.5493741000311,-3.57247696730563
-16.7115954215122,81.7561808310147,45.6112794587224,27.2221633026215,-0.894923948520898,-21.2778526720791,-13.1156663912017,-1.61222653204933
5.20118317610763,119.930950536935,50.8268826610144,5.1634542828652,52.0840844059857,-4.61305237902444,-29.3021682485288,-1.21126863996355
-13.3265318708907,99.8150354761009,56.4063052199689,11.5291556543261,27.3287474614563,-5.51481999259187,-31.3781075997262,7.95234945766062
-14.3689716005724,88.3783428868415,38.5257480739575,10.186601112005,-0.0832216816345731,-14.2618163702487,-19.3269728314283,-5.24869256794135
1.16198015158591,55.5523506924081,29.6014112618881,33.2679279130318,-14.2756975218775,-16.4741175143016,2.45431616294445,-0.184483680139255
-28.9832108313148,65.9561857296882,27.2167627454668,9.98679287525347,0.669184548643703,-20.942763409321,-5.6281163020059,-6.36811839278646
-16.4628061357195,56.569253399327,25.3341846946991,2.5419429891377,15.1733717440614,-18.0171965588247,-12.7873012710528,-6.97298414290809
-24.0712622784295,53.0264468586822,39.2840666265054,23.97420029956,5.38352623605027,-19.9570466481615,-10.7659953039702,0.316470814172058
-8.18256047517175,39.0231549558658,44.3793188836116,16.4518453740638,3.95119559437543,-17.36594634076,-3.30664045907269,-5.90112191735413
-23.7474602805182,57.9086465504084,45.9974355693095,23.186764145528,-3.96683877093965,-26.9002136283465,-16.0341069426691,-12.5838317123732
-15.5494380334506,46.6612981840747,44.5794415632107,9.58330972155072,-16.0799782715637,-20.6921473866822,12.2664650825029,0.868919893151611
-13.8538367015879,40.3159768676541,28.8786610628479,14.7942520687882,-0.515194870101169,-25.1577917517829,-8.15216141442831,-4.37648717446373
-12.5547587275906,41.9271356422833,33.0095681084404,14.2946354241241,-9.4123646968054,-16.2431763708154,6.17869677652567,-10.8098676234528
-12.3628168385016,53.9800838375764,33.0976441369368,10.4054564676577,-10.2649556924553,-21.7944728344869,-10.2457833844593,-3.07033179973598
-12.8750408769457,44.5276938808419,40.6574674212779,13.9750978091277,-14.3733098042706,-14.8251503039754,-0.182836135712896,0.443736770188556
-7.62752026666369,28.9538161960663,29.1461942910964,15.7473458721224,-7.67794995627497,-14.8763494443613,0.533815416630675,-7.70850623070368
-6.58232695518585,33.2870403324206,37.5861817236945,22.5204443746326,6.06478425655532,-9.13768064221626,0.517295966785282,-3.34978793220644
-4.34255819217591,36.1203734786205,33.5171632223955,5.21954055303268,-6.94849373861153,-19.3956203752813,-6.49489133289595,-4.9490085752817
-9.79033876897587,36.2700319442273,31.2586346045754,21.6269179880971,2.42557505489859,-12.3932571345454,-7.72620820534672,-12.9485723939441
-13.7111035377869,43.506947645714,46.5324254261255,18.1373379504146,-2.95220665836776,-22.7638204231471,-8.02215715050063,4.38100505116996
-16.5037118653532,64.7989151792714,54.6363991358104,9.52892074649296,-2.24956846943909,-30.0888033836812,-12.9937876747757,-0.143140816081112
-8.47314207617142,39.9369842553388,47.851031102355,11.7028434773675,-12.080478407164,-5.75674990598437,-6.1011295918157,-11.5781414064771
-20.0950104066832,46.0409377599928,39.1212560356281,15.2906891913628,-5.77130230194825,-14.4894467840107,-3.79898903753224,-3.99337794344149
26.8837026526728,102.679718181145,-6.97676726676214,51.0866125186387,-16.4721281549978,-30.8498074838345,-12.8315015444965,-5.57770768533142
16.977741267205,98.4056419346704,9.47940977607904,32.9900647941218,3.36321111086039,-9.88814019187396,-9.99186024192138,-6.66285385484328
31.5003674737579,133.314964425034,6.98194902114596,19.5150178059393,23.1156813014518,-11.6013157156033,3.36854373405227,-7.88842979432465
40.4173819497593,147.501751760683,-11.9597262316869,51.1767204997441,-2.00511548024479,-5.57495750072762,10.6936577360841,-14.7099897600745
7.73109108903321,134.900875261329,4.15692445857391,32.709139423509,-9.17631340799696,-29.6259419874966,-17.3565871448181,-11.8913996571464
-12.4366658005673,117.160779447886,14.5029063196645,-2.59575860390628,6.17969108001677,-28.5914569540843,-0.223637316406444,-23.1327901434604
14.5614112615179,158.606957404866,-7.13832650237176,22.2481543440211,-9.90416658749655,-18.241012563797,-8.38494782744446,-17.6052763076989
3.62201875538712,129.152485887678,16.4367636008419,39.5931078776598,-3.48717032108918,-52.5719679193956,-26.0192117653335,-5.55326246227177
-1.20183336891434,133.470187459712,12.4980811326764,23.6426093444744,-4.42653357108281,-46.1009643941856,-6.73556933715737,-5.92979023839618
24.9069166335761,105.878089006872,-8.42910906212172,46.9562383342322,-14.6762750259902,-11.4418301224348,4.91939249819421,-8.58423563057626
28.1886987050454,71.6367798482626,17.2408585425794,31.5680756893994,20.2894978989937,-4.56045429298418,5.83446653404653,-6.67922786572368
22.3508646491337,72.3130310820848,9.28117424293782,50.6022634717151,-8.78654992455346,-9.20932991311431,4.05745181051523,-9.02478793720043
-8.21016504216693,31.1504046355278,26.6917472300689,16.5372322434698,0.506348026004222,-2.28198359582436,11.2421967071191,-6.76361346429428
30.3149286022085,119.304189637199,-5.01654866765139,54.5503758943444,1.40249411180639,-17.3389509242835,1.79417241728824,-12.7055791894373
6.46514700996742,110.787856109658,11.0182075140711,25.6945018153603,-1.0980623718407,-31.5087375707526,-11.0658289794713,-9.49141621416889
4.38479183460606,83.4641250448961,5.96843283334448,24.6375786876769,-10.7744213595665,-20.1541165116165,6.0769768243416,-10.2219707234216
-14.6858518814583,117.151707654486,28.807165933972,16.8190975478098,-4.30816388813115,-48.1995208954207,0.849524686766099,-9.21555171110585
-9.38912901382046,121.817071521612,29.7259120799429,6.6254249987065,-2.22295931165828,-38.03289751907,-17.0578836023325,-14.1609576890633
12.9225741669056,95.2429047679441,-4.24260669393529,19.0010689702126,-15.2309838523183,5.4101118179198,27.477120774697,-12.1898058604706
27.3959598680413,126.247762073051,68.6753235644332,19.770205714734,52.070101057306,-7.97514075853356,-21.4133344204064,-2.84675403325781
-16.4009911114008,92.9454766678227,72.2535369530118,37.5529185994893,-7.0568068309709,-8.68099866145565,-22.1191884926151,-12.2665988220485
4.29845275534323,103.296657869698,70.0242893115616,58.3680383477836,6.13411543466615,-18.8442984138249,-22.8150064686686,-10.2332864463059
19.7842261501237,123.618616678164,52.6016796910456,92.2949114946314,-28.2456069567466,2.12238452715062,-30.644618460424,-4.06764940330676
0.100703620951054,106.805326324587,70.3698568276965,56.7817174194151,-15.3701907171255,-20.8532006562304,-14.9916953302276,-13.4317529312179
-2.98462833024983,80.615282507106,65.84306756548,13.4195648528292,3.56711190827022,5.4143155317287,-9.66787405530351,-9.74909091862509
-16.4168535196434,101.296826320919,84.4851233591164,37.1235894559328,-0.876729681581811,-6.14018137267505,-28.330734405295,-5.24051271792746
9.61369565673646,100.448060731451,58.6504498651035,56.5751943924377,-10.7011819163275,-21.1184311525091,-24.5721602916636,-3.43654973709437
15.4087751229279,126.055115283355,82.2152490013174,34.1110898668874,30.1906302552885,-3.82615022679319,-30.0317304887111,-5.72312927487814
33.6132910909046,76.1878472335425,43.6170436336841,37.9607884319038,4.91887752067823,-15.3073894883973,-2.46049404710464,-11.4459157713788
12.1034603197337,119.277083825084,57.7679532183135,43.4921478040905,-7.56316137716756,-11.8648649050812,-26.0026068219559,-9.60990889418611
-18.1428809199543,90.4315554490482,77.8301900945643,42.6050961405792,-6.941493768032,-6.50063654472365,-22.3334941843715,4.12229553748565
3.5802019396982,91.617555840445,60.9045874484085,63.4767687473849,-9.33366324574671,-5.83876318751461,-10.4585534941391,-11.0444679063322
12.1591946228272,157.234600533421,60.1733750728014,86.0880843363031,-32.9303587341681,14.5221945930766,-35.0528511752911,-8.22581512440175
-15.4520859227709,122.93279452944,75.9451595932943,46.3751552335549,-37.0477330097097,12.2610734593886,-24.8700306674089,-15.4059029398957
-4.39353081869598,96.8960530341418,66.846177146757,44.8053576710817,-10.1232433851839,-20.7882384956317,-27.0933208762183,-8.29624208844209
18.9364271568053,100.323826586749,79.4385860533635,47.4033233551195,4.55182530794245,-18.3017572309814,-15.1462078249945,-0.755112088185554
1.85130343201077,53.5779630169744,27.1184129589581,18.6367138895039,-2.67661047393741,2.04959859165366,15.4005391185916,-6.31378789117564
1.95078959580849,59.5603146935841,34.877599810909,23.6372638234083,15.9921354224232,1.0135022831973,11.4810330909784,2.86422370123854
8.63608540490264,55.8278429661937,32.8062255330374,28.2590081588261,15.8851245561949,-4.82586786048123,14.3416934365438,4.6134981028075
-7.57905359534447,46.1558687409618,63.4207409159505,34.216425400267,2.53024095766678,-4.34844918913216,16.6595058182416,7.89950581209552
-12.7440699215568,57.6265161630338,65.4049074725432,31.916334126482,-5.8732024096493,-2.93765579315374,24.3618094229425,5.21171939642144
4.00853464945034,73.3676801826715,66.0763423825232,38.6126401419854,21.0936910266299,-3.17679555911626,20.2417254811251,7.32159798402562
