-68.1431888962858,52.891294265202,25.4876234877362,37.1145570452434,16.7116939193772,-27.7562861674306,-21.5509364504241,-0.547745703442543
23.2663733357997,33.7927059748925,61.2553518678689,22.8482397942384,-13.9511235166603,-19.1104918177569,-6.12713916375388,-6.62781282245302
21.0651898454601,24.8392676504447,70.8698481400041,10.9273086959783,-18.4743148997308,-14.1020800937796,1.56861799245404,-4.04171533124411
-47.5676834324426,53.8410896051805,16.7114063930685,15.6249046583297,4.65517404189424,-13.3245919107454,-20.6640902411168,7.02020072912103
-33.8612495547785,40.4026008010192,12.6323430328176,11.4648089055695,4.84903473868199,-7.75401942187049,14.2618535855605,-6.65433102748894
-34.5356450458919,42.6463090098547,12.5977660524174,8.73055947965364,1.16689766575484,-6.59939402159426,11.6361423854936,-0.178499893260245
-34.9953466918643,43.9239105227298,12.4119530028012,7.57049365745308,-1.89830060361289,5.53230083610435,29.0663861123117,-11.9406199522807
-63.5445955966898,79.2793656872845,14.4013099576849,3.24088395534494,-14.2167078493031,-10.8538420464918,-1.22340618015751,-0.395386133469162
-81.211503754359,104.168682366921,15.9153095906697,-6.65153652667962,-33.2391663985821,9.65320510673534,-11.5571314943031,1.43822483957498
-49.9467057673627,63.9574725159493,14.0209888716173,2.88308958737331,-11.2348377392953,-7.95623031001219,-5.74537559526469,13.7986504388442
-53.8056565895722,66.1495132988828,15.4135200621586,8.35031816773456,-6.03457019551574,-22.0427422812424,5.04663729320295,12.5675472558725
-45.9883355608685,56.5595465156404,11.965684662386,8.58614642975905,1.38427449102843,-37.2903277163032,1.77653813388969,6.67717320761126
-45.6196840773417,55.5591590860036,13.8777232824246,7.86615744292257,-2.79801891084608,-8.7509860936074,3.00584257366811,-0.164694312909487
-52.6323516003567,67.4921457705801,13.2629933532187,1.2281763341016,-13.1751377765093,-5.09963467350271,-11.8609093158915,7.63380075998915
-53.2479573607748,59.5408819097352,19.2612927513743,18.9936358990941,4.25630692205578,-13.6034211664191,-4.4557587314993,9.08255536636281
35.699224986813,-32.2727872560751,13.297369879516,20.5143348207249,20.0386461432218,48.7018601167716,53.2219068629688,-69.839046814167
-55.91575034764,54.2621362766891,35.729548956686,44.9944106634316,15.5253671554912,-24.9718355140873,0.846979968474786,-1.8210385224296
-50.4602388965107,54.0381153441633,35.6509583083827,45.4348225187254,15.4302999558077,-13.0316260508077,0.723693567472789,2.86925165460787
-54.9678661957268,56.4298977211842,33.7293778982154,43.3351643012821,10.9501915763595,-21.7645432870747,0.414993564959508,6.82831717028178
-50.5555608059201,55.2540413135881,32.0879545198916,33.8491423635068,7.56687771205375,-23.1487725777282,8.67270716608948,3.29141366631382
-52.4410407560483,52.8128922814802,38.3298163874707,46.7740044126348,18.1201311218451,-15.9000924211368,-4.13793632262404,6.64809927052181
-60.4435011382221,63.0461711828807,39.9382950050575,44.5427275834013,10.3015145759667,-19.197720675446,-3.86152425849675,3.73117507415727
-55.44212524195,59.2555718917235,40.8378582823989,46.1462050926981,14.0048895446616,-15.4141603331454,-7.38903429938092,-2.43534319598149
-68.082454959749,66.7922017910637,55.8638197770763,68.4759139557316,24.7709732494681,-13.59033677316,4.75886624033769,2.52319531927791
-58.038165560921,66.1971971408104,39.7059614703803,39.8851565492723,7.40988809791647,-3.73526469369061,-13.0798164762242,-0.474101871964359
-58.0585577996406,58.4108305014165,40.678054827969,52.8277923247622,17.7372902999073,-6.35227329129799,-9.62335845224546,4.89609394044283
-64.5853367009661,62.4053071169714,47.6511685567616,55.8617180072552,15.3647639190201,-13.1923413280371,7.00509044489667,13.0216956293094
-56.4566309883449,56.4767521403842,35.9487482406409,46.5062260258751,18.0162080769631,-19.325801227484,-0.934792432913019,3.24886217816144
-64.1180340169567,69.88120946185,39.5394088542057,39.9555625601773,4.31733115009417,-19.3217990699282,-3.83986471431831,3.36145425677773
-57.1364523863215,55.3888523148378,38.2252568547283,46.4564941341852,14.0732596509687,-7.53557974712533,-12.5664581794411,7.92586958351573
-64.1270345640686,66.7671207391782,37.8504412432917,42.3415569916264,6.58141146367066,-7.36252106475237,0.861905835819969,0.917143109601028
-63.3047991823292,63.3906558753851,41.933533881417,49.1661287878392,15.0182584340833,-9.85939370879501,-4.33249123786277,2.20088833078975
-64.2329529671542,59.0697240287789,43.4421318227442,54.4016223133829,21.1334100485416,-19.0955208723839,0.712968647206346,10.6005203209849
-76.4601639798818,73.4447927951901,47.7061106719191,60.6132033734165,19.311372398615,-16.706301747606,25.185031330748,5.55989511329652
-62.8648254929459,67.0665734093252,35.3589735655526,36.7086914561464,5.2195841793588,-18.1823621329092,-1.07295999799261,-2.03580291478827
0.245414968767484,21.8599432496797,27.551768736783,10.8638467848072,-3.80971387030188,-3.9665501989328,14.3705677707831,-4.98487537879043
-29.8647624749877,34.78846663369,28.2683990785811,25.7873846766469,2.52581351057106,1.61386833439398,1.65029490794738,6.22334258224391
-36.0681226833857,28.7965576199462,27.5952806083473,41.2303950708013,18.3182400850944,0.712867680448553,6.02149734175746,6.46994466929128
6.55490213354379,13.4307956529797,30.330651983841,9.12703207105853,-6.92586202923589,1.58172871117146,11.6207750586358,-1.44742666629257
-34.2505565714351,37.9795346623224,35.7922781428619,36.9776492054302,18.3359093762262,3.50774715284934,4.86835010120876,18.4635979895098
-34.5987639904925,36.640446525185,32.4383422949491,32.4722757814369,7.05414371583578,6.20903966290259,13.6775739200219,8.79273560563098
-27.842479043222,32.7585437313548,30.5924649540979,31.4364470583943,11.5013328664794,5.6392222772763,2.0733156423804,13.4754534592601
-37.3082718259052,34.0252709689854,32.5297781349294,40.5278148210967,15.0704395607841,-4.86705585773972,3.13758118802711,16.4493273849191
-47.342511744918,35.9643631587456,32.4762483093337,37.2139241389565,10.1367595256541,7.56466250070501,1.4183764246911,16.641986124064
-42.3234732073795,32.5916185083111,27.6603555516463,30.6925250358144,8.91826614102693,6.44640898872091,-10.0036380739312,2.25661935165999
-42.8117320830558,46.2530973602941,30.2367252724197,30.9971107650559,5.63654946307266,0.512262069153742,-8.48474389106226,16.1251737015787
-45.9326375402662,57.7483210095143,32.3238895266648,24.1496177898068,3.7301912978756,13.6054569944938,-0.935964915475384,11.9713628631799
-36.4906226849561,39.1892574191174,29.0550234681809,29.7637764621486,7.12417390747561,-3.04283963480889,-5.52196013945348,14.0664986240131
-47.0217251856944,43.8049102724249,30.7994687364919,33.5096900066992,6.95545378885561,-5.24510039640342,3.65817847864077,19.6141678835838
-49.4873886706006,42.2609640222784,32.9744784561426,39.0409252727627,8.22912281866809,0.265877491123644,-0.673949955754302,18.3225163153309
-46.8721026875867,42.3168309135724,29.7333933991073,32.433147744848,3.70380594090605,-1.14314384641146,13.2257502250928,5.92627043151702
-57.9418387040432,54.1029617217251,35.6073833802978,35.0291221581151,-2.65382764408724,19.6193796789849,-5.36375324495233,22.7141554211487
-46.4689135220054,39.0924869095934,32.1372907283853,37.4900917633419,8.09561243235527,5.02778364629608,-8.17058660193638,14.7172074613109
-63.0905001383775,55.4324794687885,39.8965555727551,47.1325434055952,6.40855398936085,5.63837170994648,23.0457690373654,22.94035890333
-66.3870380642512,63.5142819386479,35.6860880392199,37.8012844113956,-0.136310570824575,-11.4049734124622,29.4249760602215,20.5280224766531
36.2396205297154,38.0268523389593,25.5195880245106,9.57340340355257,-2.16136702207311,-4.74727489353126,-5.44929205658194,8.4534734816553
34.1568813920718,48.6282652869419,24.5422895819433,6.93592310605301,6.96481107517488,-11.1710394648888,-14.2760039627942,1.30513144887161
26.2442094376812,32.5047516058506,24.6529265603187,7.91129725809836,-4.60205036878965,-12.5057935000805,-12.1018981720914,-0.390537471398753
36.3007903491122,44.106731934031,21.8519474422479,2.64782485152717,3.78528807990906,-5.76342697646127,-5.00602395042268,12.423754982734
44.8163134383182,42.351845897068,32.0078930043389,13.8354687738716,-5.1089997172775,-7.27998948713385,-5.76013588420631,2.63755534163284
38.049374935773,35.9489161809558,25.3523326315119,15.4692746839485,-5.74285478562149,-5.46203381894183,-3.64205371775721,2.75232190565631
27.3167809146908,35.301514061463,24.9236954468871,1.28545036679186,2.61478935791057,-9.50357463147293,-8.51952161484185,-1.73379653310927
32.6907590083685,34.3320554183702,19.56248775101,10.989126421384,-3.7667268665419,-6.49213478255721,-6.47202056569538,4.20912802881599
27.0642765793469,28.4776984276069,22.4359470255359,10.5394640641524,-7.99023662721366,-8.84643639329823,-8.26227192978717,3.88005834273652
38.8100820401617,41.7257745762323,21.4331189036075,5.73069783800175,7.98359927086684,-8.23422406227673,-6.66772452641615,-0.531735146244564
41.6736413654374,38.1548428883971,16.952186557171,26.8244265377904,-11.6994715543735,-7.26657103228428,-5.09706003505972,-1.35235580536497
24.3071911046264,24.2020390407263,31.7076992199183,7.23328769799615,-8.62208973870265,-6.40072245842098,-6.51759037450597,-0.546341677759514
32.906782297534,25.6826736258224,24.6571665966744,9.34449091912797,-7.06621286004316,-3.36688102292871,0.5400274467726,3.17544226066593
32.6401072143816,35.1003251351795,14.7663996383184,15.2151775251308,-2.13745231168107,-6.82199311306337,-4.31403861830923,-3.51865085569769
20.4107497919064,26.7165017829497,18.0117684066991,7.32266745818753,-3.16101075057594,-9.68753939683403,-5.98300356334942,0.446724937643573
31.2474030073738,34.4569633314144,15.5346210444488,14.7799193522816,-9.1445974617812,-9.54714993980611,-9.17138942579963,3.61023529997079
35.4503529373542,32.9940892365979,18.3031001039843,13.9384519327003,-2.43975404939246,-2.93419765328538,-3.92927195843145,-5.9440684435833
24.8975658396687,30.7020380699997,13.1343656685399,16.3450843191122,-8.5423722125544,-11.1904401069875,-10.4649518524331,2.55333251773861
29.4446382788355,33.853664888505,18.1991434412717,14.5417908386055,-6.58396368400345,-10.9874960714108,-9.40931012317223,3.15946026623496
29.0826304096524,34.2624882963607,40.2990873315331,22.8089543580467,-11.3958695917513,-12.8548254765322,-10.2006376233117,0.707600071805116
25.0964212573643,30.7008557443198,35.7695939542045,19.687462785074,-9.38102327190965,-11.4813068228047,-6.36854704795269,-1.54634042951988
27.1996945391942,34.6697009779173,61.039516099203,6.76597389487086,3.27906059255172,-9.64796166477788,-5.73669972840945,-2.04930679662532
-2.86240956553095,10.0982694117764,6.91484476791867,2.07915725019244,0.916529303453817,-6.96009411015338,-6.25718366500469,1.58904026792185
29.3898199688236,32.0867802797551,47.5647566830698,21.3911327135343,-14.2638186581291,-10.0535015580115,-4.57965928504332,5.90155354764064
30.872864945404,36.438943843303,68.0080736947099,13.1504898265122,-2.58176848429231,-12.000836806048,-5.87995836413093,-2.47613883882714
25.227409859513,32.4526679175866,46.3690486826618,14.9253184874385,-0.880542765158493,-6.41225004858205,-4.00758652273172,4.81097464962884
26.1352169122579,33.387852695454,65.9692653217623,13.2193407182735,-5.58697867296026,-12.7413828533321,-6.05035165430294,0.641222838501109
30.5170816768963,33.5346322595721,56.4172482602028,17.2648445822661,-4.56557865878331,-5.56537314672808,-4.17145859004339,-0.449004958776984
21.3053244405443,28.8080966775012,53.9831864376367,7.75651194694395,1.79097953570252,-1.18504956298,0.614842199809533,10.2504823277488
14.1248898224682,25.7604087854938,40.8257946067257,14.6007158828235,-7.24119601970324,-8.10130046342628,-6.65199972695999,0.453238277324363
28.4527064650054,31.9608225195697,44.0901256407982,16.7064735093816,-4.64018140064637,-6.8286466215369,-2.14274463503586,-1.12428432081395
25.0762342758748,35.1494059318152,50.8293048549162,15.7589302167999,-2.35237255479376,-8.63727870507115,-6.19296472336926,-2.64652021729897
23.3749217818526,30.2723184894429,51.0415533012641,12.335103799416,0.413287492134052,-6.78979175857296,-4.27275799642398,-9.68501757563756
26.0966471345799,27.9492215239989,61.8337516115426,10.1147701486609,-7.17986726379776,-6.72488209197413,-2.29991221135358,-1.5827196057766
14.0349293651821,20.1036423820947,34.7560634068631,13.9990765702246,-4.0249953529809,-6.1803709672052,-1.31032344217826,-3.58109157807931
18.2131268115876,28.4623859697522,49.325853151018,18.9670153710992,-5.9809910975696,-7.71282930066235,-5.72800590980747,-0.165339759119729
28.709922281518,38.2621673132654,50.4624000423135,6.95427744321833,10.449532796856,-4.33648118745059,-2.78541742537787,3.19182068134602
29.0828079144936,38.6607000314963,57.4843337846273,27.2951977661268,-14.7437521681028,-13.1721032499763,-8.336361829029,-0.518286506331787
16.3671758936641,26.9540733755171,39.2588826030936,19.0591779568775,-2.42923264480426,-7.42276608032999,-4.1935361349744,-0.291424909244347
-28.6239736496215,22.1391737454831,11.9752594394029,18.7122611059205,12.2508795657763,-12.4191044435315,-15.8378699338142,-11.1870848982072
30.3724717892538,51.7582433862944,9.83534429439366,34.1147803449191,-2.28077786012505,-16.0266326837106,-10.740557822215,-10.289315701125
32.5674729080906,50.8750990799845,22.4053070744976,35.2473913455431,-3.56645723719442,-8.71903941061737,-2.05649621558341,-1.06843227307555
21.9612693315057,40.6050142360349,32.1908086671416,19.8544186937689,6.32329321002781,-10.4337338494541,-5.18045630837455,-0.774448976481093
39.0160595276483,44.9386285502096,40.8409405515187,8.90265190816624,14.5755505826895,-2.94958520814232,3.19564110415799,-3.68000588636917
46.4977607316284,56.5728023104758,31.7673088435967,22.4214532897498,9.38247049075291,-4.05062897572617,0.360008110731215,2.2342471045769
54.6467645904825,76.3201734991228,20.3261944863302,6.10239973690099,38.4163200895864,0.0018239672617626,-1.26030100278259,6.11432695885922
43.7023724471992,44.7902272710358,16.7691163846689,25.6553988402419,-0.578901780032863,-3.83132389866182,-2.96011304578921,-2.96854678667532
41.2944412026187,49.1726870064692,35.7820355158624,34.8780006848745,-12.8310495365289,-11.1731409955496,-1.63515199430851,-2.13785487938193
34.4528018676499,36.3271541355842,35.1520525175559,23.8652965248717,-10.1838535080368,-6.31460566956965,-2.98286308560575,3.96351982948632
47.1284580454524,53.8891616659958,36.6675835188681,22.6613270481631,3.03088325598638,-2.34081800848073,-1.76271203813027,3.92014781267288
31.0290584675344,46.3631919598007,34.7873007631581,26.9026175789384,-10.4220636023956,-16.7399189443803,-5.18389562335854,-6.34623378503284
44.8884577208256,56.5843216120113,50.6411533723798,-11.5785649557089,36.0389914143703,0.285366191703237,-0.972948008067312,0.859406492521365
33.2592157743978,39.963577200453,41.5504615994851,20.1734409090005,-7.67636754319759,-8.60118571626298,-1.44427115672202,5.26225950518952
40.4679806326839,47.9573505721102,29.9944295898608,25.6855085866243,1.83117668996363,-7.48518182780621,-4.27093039357115,-10.3308075810239
42.4591634014523,58.8473008594451,36.8705840264164,7.26418170152629,24.9779584144757,-5.79706228461668,-1.95503934611913,-1.02515713753751
51.4972822866815,61.8817417512778,18.751804711804,19.1751999891123,13.6495871668653,-2.08253153372051,-4.69288907342326,8.00708144589193
63.2912347213822,69.66458941364,20.7133751089535,44.5731418025232,-14.5886236320254,-10.5291524345944,-5.01254863769627,-0.399308004559083
53.9897544487583,58.8949353728525,17.8249988042368,30.2003123005803,0.38271944214308,0.259666397845042,0.252015186238014,6.69431736951982
65.5948422710897,78.7042423684173,40.0029371264302,-4.02305148630654,43.5519140763069,1.77474680949447,-1.4311900027336,-0.420636014484288
58.5421947292036,67.6921741760676,0.0189872597664859,46.262687805051,-2.98653482618522,-8.14568754894841,-6.01446473220528,1.84481965048643
-38.6395984569064,40.3578306701543,29.7750505500205,22.8512675238604,-2.24973044947695,-9.47206671486982,27.0728786342159,-9.9691040916345
-35.8389131768102,41.7219191524182,25.6028904950924,13.2703445991425,-9.16291393902692,-8.12015623586719,10.7770691958086,-11.5464078740982
-28.9995548962536,32.8320720746589,24.5558595655944,13.9254298162352,-5.02935625307169,-8.61830049600722,8.40124878976759,-12.8406010192439
-31.2221266339226,32.5600432164672,28.0517674489211,20.9806067896058,0.452255520708007,-15.4309528082334,1.72136840863965,0.750295890104485
-29.1861485270503,28.7450250889059,27.812934730195,22.1044665578933,2.89675946238709,-9.11487756247689,-1.95845667244384,-9.04206044579546
-26.0598714709173,28.8045287325785,24.4446853439299,14.8506781830243,-2.49074060501376,-8.47479441275747,-9.35635837288453,-8.90979649106925
-34.7428749480219,36.9059350541259,26.9652862645976,19.638475964703,-1.38975224153921,-11.7940593957911,14.6515168160215,-16.2322987253022
-30.5556416913206,28.9832639991191,29.4906493859952,25.5029668986398,4.92562874089901,-8.02141527453811,-6.88109816897725,-4.55068202585148
-28.4226949332143,29.2731436329137,27.5131271787811,20.525260748395,0.543871674308615,-8.12166647575232,-0.870546466584267,-3.85209843444224
-23.9668659536526,29.2050192412551,22.3634436532681,9.197536443169,-7.19855867521123,-9.67278363625193,-12.4841929160292,-5.03464482797118
-45.7100574472504,56.8266871995247,26.3260778869131,5.31590069722517,-23.7604617554208,9.57617340448249,2.74378010526703,-9.01944315565793
-33.5597523412745,34.2283763127746,29.9663035116518,23.5785374513855,-0.2477170102553,-4.96192442341742,8.26829403517695,-2.05706348814346
-36.6169958930165,41.2085356106466,25.8927961643405,14.4104496938826,-6.92742589185009,-8.83498700353027,-2.92865647623429,-13.1110653032695
-27.6874031519376,29.7225330614936,24.0777317221542,15.2229547810962,-1.18813085007638,-10.5677322960749,-8.20700030910278,-18.9296420291988
-24.5203450506045,29.5683804459425,23.1321503900073,10.633420913963,-7.31448700447679,-8.60578439049191,15.4953061077458,-7.89130403658614
-26.9963789667238,32.5939192727662,23.4678218406118,10.851338682334,-7.73089010574856,-12.4497842786906,8.26231987232118,-4.3990249922
-24.0899989047577,25.5117417307929,26.0348675251973,17.6357182442494,-0.596259483570857,-5.89223538754948,-3.43687461087559,-3.76451738588737
41.3437190924182,29.1528267797705,76.275502315562,18.5216883425703,-23.6479088095969,-12.5747477453577,-5.55364393058935,-0.718487396158117
38.4518216219671,44.2422791782198,26.2093894544084,33.9499607568077,-14.8142955661827,-14.1197056745965,-7.9511552496145,-3.92593083072436
20.3289952777109,25.9586454573366,31.2540230307607,11.4308528810615,-10.9865425844362,-11.6207948129766,-8.97520148783323,5.16058071820968
24.9593992058869,23.2297383436208,46.8625680256462,14.1261582054302,-10.5467186469864,-10.0083678159833,-4.61073524422769,-4.45445464866804
23.7941335044843,25.4396130797267,21.6103168376065,19.4076981012752,-11.3230930960827,-10.2751100582048,-7.79119535614847,-5.86006195770983
25.9964163540525,23.9005064789934,38.2134181128076,7.68907687059046,-6.48075679984258,-6.2588130373697,-2.16542947858551,2.34708124815404
18.4842272317883,19.2757791539907,37.9332909848465,5.32459044393516,-9.75762402342808,-11.7372022382585,-6.60038348711829,4.00037467451791
30.2913702996136,24.8834183718908,37.6660194606034,14.8222429354171,-12.8371465341764,-9.0971481793496,-4.99650378970157,-0.646362060366454
23.2841964275563,26.7317783724636,20.6623735945529,17.6505507250843,-10.4447696186766,-6.81632343255887,-6.54072989619106,-0.71195603388985
18.7529454048349,22.7981943644803,28.0595098721244,6.70566277975321,-5.4013985458006,-10.5120212504955,-5.17724480857717,-0.428640830870859
10.088841616299,15.2215430391662,22.0536676815295,4.74365058208006,-1.73775411187842,-4.77585196846196,-2.59560053252888,0.285573108548097
13.1186911728928,18.0144389580544,23.0685483640186,5.10817632025949,0.815800604359885,-5.10765142852639,-7.27168007567982,-7.39393727137661
17.4973455213197,21.7338140646263,24.451892712028,9.07516490103955,-8.08275903262596,-8.61827302127023,-6.71917690711008,5.10962852328232
15.8269431988954,19.9985881044887,31.7437695031769,10.4108679321957,-10.5193440037975,-8.59656656255838,-4.88042327911839,1.15500491663354
10.2865553044103,15.7201278369638,30.4672814001605,7.00372278733146,-5.65558858496015,-10.6873355706122,-2.72332178436593,-1.83685423817267
14.7554985275214,20.0115980912855,35.7882105440777,7.76129660161875,-6.17276238953843,-10.7199060656324,-6.82023541695317,-0.774147755844144
12.0892849419703,16.9937755975537,32.8285717300932,9.85325500181199,-6.66276855465066,-11.3558645441973,-3.1804027595367,-0.940986996675165
16.184946047896,20.3241397228113,34.7427369573047,5.85218462844355,-7.73636354916607,-11.3315735250593,-6.6702742441324,-4.97816181049929
17.6394508326559,16.2094951604938,27.9286052935799,12.1567665720786,-5.93836983816772,-4.57089376874746,-0.201005323051947,-7.4405374510655
22.0309542380607,23.0874121637681,32.7909070649426,10.7006741284759,-5.54546660656076,-8.02125237123795,-1.42914030519446,-4.12050322284111
18.447733483811,15.4388073248643,33.3858856614298,7.45114836938312,-8.29835082418048,-7.18248878419453,-0.495716013697409,-0.793742661998168
14.9605483629246,22.21414858778,31.7954270235221,8.55646592844203,-10.0823417286373,-14.3910326774199,-10.0460860061743,-0.617195544942699
58.015108220562,50.7543935187011,13.0910373199404,28.7239279520441,-4.05710610253994,-8.46035240144732,-6.84615868595213,-3.16671171760977
33.6594054183105,32.4294771642332,8.50578348327509,28.1846960677485,-12.1897130755588,-6.50283345948213,-7.81776640698082,-4.84232381037658
21.2682557245607,24.9866753160427,23.1647181071588,17.1328964900626,-8.5892440448318,-8.76619988725601,-5.01758155519122,3.66619256168241
40.4132290055499,44.3750269327161,4.30426573203419,39.8033546817241,-12.8519500992036,-9.07710175858007,-7.06285325467387,2.58326019155909
38.4429403934468,37.8254023128789,42.6402936932683,26.6853949146011,-16.856792545953,-15.509734701181,-12.6661718204287,-11.4008360460478
37.8638153009172,40.0845437040354,8.72772677463262,31.4944191462082,-14.552090493759,-9.11293566348901,-6.33195673454569,1.72839143507456
36.3829274849355,33.4911229520692,34.1339663005752,27.035141577547,-15.7173086752639,-8.42163048894759,-5.44119483007901,0.801076098581282
35.6257582323238,34.8904295750058,19.5652494787005,24.4756550222037,-8.5855784333822,-5.43510208010246,-5.11925115107217,-3.23654439388315
32.6559288255814,25.1536695321023,23.8464405084435,23.6042883111326,-12.3725834314068,-0.00784938578574692,-4.13385015441255,-6.71874718193788
40.8460991266938,42.3452673627128,17.2715265668206,37.8854234791383,-12.6546004620393,-7.63255133499647,-6.52709032050405,-6.11829245073208
32.8352084144949,41.2466258184704,21.3337616610267,28.9291429070361,-10.9346923098348,-12.4291520389689,-8.51650731672195,-0.920804629366573
22.6597201315142,27.1647474618647,30.6895817864691,18.8335084635158,-5.69709271014196,-5.78843973320622,0.786718415348609,7.97731335157715
32.0603392659789,36.4678792855419,24.3415755758374,24.2501171944603,-6.34605848560691,-8.06938621643449,-4.17757802688604,-1.68237195887446
30.2130157719866,32.5569738523279,28.3013455014183,28.7377184377822,-10.6735874948221,-7.35941567915504,-2.63806015492519,-2.47879334753836
25.9586617194614,29.0724117243524,22.3028079818675,14.744164667314,-7.97799639804395,-6.03334394261305,-4.03058468114756,6.44058863737806
12.4112873980902,34.078009243789,26.8205404259891,17.5404356102788,3.70298072022028,0.39951214196441,-1.3473693855056,-1.25819410069584
18.6581511577374,26.2961669250374,13.5395583232411,21.4659993164775,-6.41363672572602,-6.73175651439434,-4.94585199765961,1.42629456921702
26.1415326429603,27.9666701926535,35.3329645144504,19.0431963698151,-10.186426574799,-8.32266206090926,-6.21969032173904,-2.83855371321998
32.4301274777104,29.8023043569554,23.2404050508961,16.8501339659863,-8.39072487378827,-4.50549047282849,-2.38033432073585,1.54160342170075
21.0560664617929,25.8925213222976,21.3704727837437,11.3696665827941,-6.78603703043372,-6.1602199151931,-2.30278401062983,7.19592535277125
14.2333821850561,21.9031472309628,19.3186949909225,12.6151461839222,-4.74696942673272,-8.0759238966628,-8.5772293276387,1.09082257181874
-40.0344882269627,47.8708504903898,18.1935776311882,16.7760308282533,-5.38007898745036,-1.33447290782018,-17.2012148297832,3.35802216641698
-49.4240370873015,63.383419319145,15.4733895414567,4.27182920367983,-20.1221693397762,6.41515083477423,-17.8778242042264,-0.909685341539718
-38.4284253702502,40.9156849707275,20.211252206913,22.6502200732741,3.00353735003938,-10.4222720435963,-15.0680683785394,4.76408789203485
-44.097760453487,45.5643546020967,25.1784819649077,30.3753933601227,5.01360130854084,-4.26005538203703,-8.9201763340494,9.0329648501458
-41.9353870754542,36.8985707794721,20.097687515758,18.5062567870452,0.904133001055045,-8.18996549914003,-22.9568737336056,12.6303777967283
-54.8075790478105,56.7688356726056,17.938136654041,7.31262437677794,-15.6661298374486,7.13074262737518,-20.004920239006,-2.9271006399427
-38.2734544261267,36.2542988593062,17.6773452135007,10.7029174193038,-8.1321916965289,13.0364370432911,-14.4226531491926,1.62805285305059
-37.4128232825236,31.034242720129,19.7853888543802,18.8927610161151,1.75763769627471,3.50362778292168,-18.5280027817281,6.21772792229854
-47.1217404529966,49.6432100806868,16.1569948759642,4.9619481343493,-16.0835099714382,4.12006219366656,-5.37762923120966,-1.65480943841853
-32.9779933446556,25.5431501939731,20.0264502513225,20.1699203312615,4.28196377138981,-0.355237021774928,-8.15264605930013,7.62798067239278
-44.1721572646881,37.0112747331193,20.7110187355445,23.7479164908587,6.81874278201278,-18.3435467068902,-23.5252734533635,10.4220082892916
-40.0315741949614,25.8230380090703,28.0335744208525,36.5450087663389,14.9675093064031,9.42257220414128,-1.9752369050824,6.98539684926134
-41.5624107803678,35.1761434867478,18.736089382287,19.0887513107044,2.86877670573904,-2.47039775567561,-16.0048893161934,-10.2539271071937
-33.1678963727198,20.5770230123822,23.9395037331338,31.2873194175265,14.232927329472,-0.0167181213797383,-3.3924884711178,8.4126526639079
-45.7262977163319,33.5693841334101,25.9535088389021,33.7719159773448,13.9827989228097,-8.78529205048754,-14.4511743363146,6.35607484684801
-48.4064622695221,38.6124326363818,25.5688370018673,30.9971373344241,9.10180736361233,-8.1581294961373,-0.58781115494033,8.97273862844239
-44.296758980427,31.6214752334702,26.3794066823805,33.9308223172304,12.8919641037323,4.05856164049468,-6.10638038638257,1.64277448957931
-43.9884807347618,35.2459007760959,25.3082300105269,27.5454574895882,5.03646619203415,3.06287694871258,1.11181551497804,14.2086323989909
-39.5238045357443,26.6042370439107,27.5563625093171,34.9971807053535,13.1846114388597,2.0541974811789,-2.70597083764337,22.9694852492092
28.1304617568868,24.9752170945462,51.5726830163787,18.1264982267449,-17.6834694135653,-8.818912027163,-7.48121759158868,0.62221802988979
38.2442449987926,31.7673449464055,45.0219505888616,24.8410316322855,-16.8154422456475,-6.17033771546058,-4.86028904324998,0.721854437236644
26.9089783536253,25.0887199257234,48.6115963003556,18.5463527348557,-17.0552218058396,-14.3561198695868,-6.19446407080516,-3.18597640612506
28.5478476332007,31.128560956578,39.7470692008518,19.3409882828229,-16.2764962535749,-14.3886403004367,-9.87668549601564,-1.76631356086854
28.8381603431825,27.4332549328861,45.0904566352784,15.5347910908821,-16.3792860638433,-13.7238448845138,-6.92645841157385,-1.87593070114112
23.3142791848564,25.7284282008839,43.0339808226608,19.2193774287476,-14.5180486916788,-14.8337545910077,-8.50815512170979,-7.38772044569539
44.8911378020232,38.7757901168634,48.5214745080525,35.3197431154539,-22.3428133575951,-10.7753712013565,-7.21927623213506,-6.38307600462146
39.9565228256554,43.7788556250287,38.7390185769624,21.8449846886891,-6.33351036102093,-11.5474677211107,-6.23583735920094,-9.69757958433583
26.2527633158409,27.9700561329701,50.4906675063086,19.107272843539,-12.3005275178262,-12.9282756708695,-6.77972980406093,-2.12390897529041
24.6504650628251,18.2391103730508,51.7055344059239,16.2919992426797,-13.9241931185282,-2.85362773228041,-0.457995744449211,-3.21392046980045
37.3486248624073,33.9461953380447,31.5707301920112,21.4223664951218,-6.39331028735843,-2.29271291473869,-3.47851307451685,2.27304807330877
19.2745768771311,25.0974082804914,42.4421541716991,15.3630938211743,-11.6508808951842,-14.8436491739571,-8.0376980109415,-5.58249770259663
28.7808788706079,23.4361947424349,64.592260453218,19.0348968100983,-18.6218242339991,-12.2313277375876,-3.0791320327172,-5.35755410947335
34.0629167190863,25.1242744837903,63.0412319911771,15.508541071284,-19.1191830179597,-15.318694653709,-4.78983321199077,-9.96076983046979
11.9577443925282,20.2062570125395,41.7960401234069,15.6341439558545,-10.6838951868008,-11.4863980136754,-7.71788942793859,-2.21122466049893
23.7077082217467,24.3629154190516,40.5547565389558,19.1046151998743,-11.2396085147743,-9.30195165287682,-5.72451453505073,-3.79181063139276
28.8502580194469,27.6693173541536,50.5487789450464,16.6076883074193,-10.9749010640042,-10.2049848507346,-6.10097960120592,-5.09797036369181
28.3735184144756,30.3876271750205,41.0491790501253,21.4586274317249,-15.0998521845638,-13.8334503191891,-7.12731370117525,0.0870225968792109
12.4542234095756,8.42081182532529,1.7930300285947,6.43217634991906,-3.77951965741031,2.88613410726309,4.17560506485022,3.51172993326722
16.612291850264,14.4165890936687,0.84500769291395,10.8181892570327,-5.11496835908052,0.00542889421606686,1.70422161411515,3.87689572374712
24.7191361448401,28.9991549560601,-5.65684015611422,19.8982005847801,-8.39445156985499,-3.61961358578856,-6.04404951019748,5.68401394162474
21.0150018723685,29.312467238703,-5.15207947304815,21.0908107490009,-9.18536847390275,-7.62729282328175,-5.9984825116852,1.77741086546874
21.2914784560986,23.3949864953898,-1.73916311556907,16.1799355137037,-6.28713694733547,-3.29323508073329,-3.38077808347967,-4.66324597052365
30.8194430347937,33.3943568180076,-7.24943332191376,25.741471677941,-11.4170583115624,-4.10677318077315,-6.03484093277451,0.0326829773569257
18.7102218965007,28.0847370255788,-1.66170787452661,16.8224042100969,-7.30709138202912,-8.99372906204158,-11.4528711388903,0.813537589937336
18.271392204759,26.7865554813094,-1.70215695289924,11.4614538271792,-4.28718323615611,-5.69526923117547,-5.16405879792759,6.25300005727314
27.6992803171936,30.9413217062891,-9.65621968297261,26.4654598261529,-10.4326587116044,-3.49278470990409,-6.69454705167253,-3.96141635396887
11.8619616032512,16.5401814168951,5.96193616593183,6.80794638284339,-3.13689777480825,-7.81376051662123,-5.89324068342898,-1.36470940695744
19.1847490975034,17.0781921566191,3.55451078510853,8.96587494376314,-1.5947157047997,-1.11065771448283,-3.03359739430714,-0.733600199494302
16.6711616639388,20.6361624254658,0.643794038785478,13.9087714099093,-3.06229769922617,-2.65960998997425,-3.20492763920518,-1.8055558308547
6.21642071023078,8.54686701403523,8.78918769421348,1.65537857156987,-0.737608843430933,-4.00710870710866,-0.826667297389159,-5.73571115984452
9.81872702468224,12.4559190205833,7.86725327035785,4.31921282265563,-5.70326399121162,-2.26007532618746,-1.04387385462824,8.05188836078013
10.1177364111336,13.0356865927418,10.4891260975553,-1.96192070106576,0.0866216431341335,-1.61665133969621,-4.08156767057753,7.42422948361251
23.3247386291568,18.5476776066967,38.1328907194777,9.30391926786956,-12.590564246629,-15.879585784305,-12.7142795333592,-6.12731233729909
26.3847031916031,22.9245575051064,30.290207852865,13.2251550681773,-10.2316555238328,-14.314423397074,-12.0042178513002,-6.3406252262977
19.8648546422003,16.8039729134802,34.7734836146864,8.68624985842555,-10.2182564852119,-14.6839269459433,-11.7516486815507,-6.7316656715559
20.4174784443298,18.8938409599612,29.7661929937382,7.77544980333567,-7.38198738755052,-14.180610952816,-12.1499184619716,-4.62325502092357
29.8953692753132,25.1769217193044,32.9839200836334,14.9285125891536,-12.4324020921602,-15.0467459489624,-12.8581350683206,-5.99809107336876
21.3565620645348,15.4485402276087,42.4726843678914,7.49905763644771,-13.8600804168259,-16.5822855415115,-12.4961899444629,-6.31980771733749
20.3181273202892,17.1053147739114,31.3803887595246,9.76792522528585,-10.8780273779452,-14.9097766557815,-11.9618267314219,-5.23254638138114
20.4319517551995,20.3022586624868,49.4570890142234,12.8235213965332,-12.6827377693094,-11.2125069449546,-3.83626968471948,-8.9237327709568
17.5403076531265,24.9623490937143,52.5364038488904,8.28167730866496,-21.1940874745281,-10.2237460006762,-1.60856759764535,-7.60678769414659
20.2240810888057,21.2974802427284,43.8706795937035,16.9146171712694,-12.8261717964188,-9.63040793128813,-3.88934828527,-7.5215096018724
15.7164766664125,20.863442599671,35.6114233384163,7.52174749139448,-10.7387629695043,-19.4307816394345,-17.0719787013032,-15.3624455524591
16.3374720499318,19.7518783798306,42.1857531167477,6.49995342656101,-12.6381468070483,-20.3665403257903,-17.1924665930117,-16.3757724730213
17.4898370623434,20.8669047226756,41.3652262366085,7.57347723710722,-12.8031445623519,-20.2474001151375,-17.2168840517115,-16.408141446184
17.0084368084197,21.5218842986939,38.519614998534,6.67083736576032,-11.1513496257099,-19.9782644505929,-17.5643043580042,-15.0783093965431
19.8922579366842,21.4531967035081,47.9577944483872,6.67097642419349,-14.6505620290745,-21.4160917190163,-17.9055280753044,-16.6017904428074
19.568303944783,19.9637101915514,50.1299508279782,8.1437112580914,-16.9686604804755,-21.7106953621685,-17.5313598545157,-17.9825720760592
13.5680663940962,17.4801848992262,42.3508252858835,4.62703592165436,-12.801917033048,-20.7591906631026,-17.7126643720993,-15.3839028286745
14.9553572017888,20.0239009929334,39.8941318464617,3.96046031047305,-9.98276255299448,-20.0886811370097,-17.724857280887,-14.6372527763397
12.4580503897586,20.4736848412615,27.4420394082728,6.30102527809324,-7.81321087735677,-18.6065986692346,-17.469414937578,-12.9566681412754
10.0294873981236,18.3231087908555,27.625512797432,5.37521397282981,-7.93434543306754,-18.666408477089,-17.4256213088801,-12.9265555470875
12.6622449204167,18.2900027154748,37.374511783502,4.1732067415262,-10.5762498743916,-20.081540306857,-17.8088003409808,-14.145608543553
-51.1131214728323,56.8040996648144,31.658167709966,27.6257941589499,-1.78962363926339,-5.02199314037376,-23.2132489485045,-7.03354316072564
-46.9392250444876,49.05987046054,25.0541574700595,29.2598380718351,7.95680363329049,-26.1016789797133,-11.8795122839107,-11.0001592859713
-28.6855965277349,42.1008959288909,32.2978141686565,25.1625156542601,15.1527132093682,-16.6415123313476,-11.2356673078736,-6.87230776746582
-40.9959612945526,41.1231375874652,31.226863312975,32.386516685365,10.7667253676212,-18.6806811034563,-6.81154056739376,-6.61606925994041
-38.2211972854207,42.4771581549013,29.9089730823045,28.8159121242799,4.95553545139158,-22.2155972386428,3.18647955426265,6.48783204693987
-44.1571991766707,48.2571213198573,25.3671433540324,23.5765246358236,-0.525645539711388,-6.07766488695855,-2.33909068493975,-2.9783931050291
-39.7827840035788,41.9597183347983,36.8631877350708,37.8126199021666,10.4323530099574,-9.20757151062541,-4.2971151644283,0.736123071388103
-45.0036677281678,39.6552865099955,34.9109678495843,41.0589619293932,16.4497363259201,-15.4054729353073,-7.66105601441161,-6.58815437476975
-44.5562980919624,50.2835298128366,27.4679236788332,24.5820621129623,0.0710923306273631,-2.02327968554277,-2.05835614470182,-9.30806608107557
-68.1026322886224,62.4848803336196,49.1911180664105,63.5127109591819,18.77230134817,4.73911041442225,-2.1376499388886,8.77928967843225
-64.4402361529581,55.1203843530269,45.4941781986277,57.539175256935,17.0717196942245,4.82506736651558,0.845865810048624,6.4576232216682
-45.0562024592535,41.6270054614059,41.1199073141951,46.0148462245933,16.9066024722574,-0.81231876392354,-4.86833454322413,-1.23313658134721
-52.2731331224972,54.8508832881875,40.6438436051582,40.8413996592902,7.57350499113247,-9.22885997650846,-11.2147599993534,1.18969369983492
-54.1136837209307,51.1980774159133,38.4157270445656,45.4777484235987,13.808008545274,-4.54413002467732,-7.34638994708849,2.43186194531452
-54.0302183359321,52.7593323514289,37.2764217448947,41.5094702285375,13.6141791379196,-7.54586280200483,-13.0815818267882,-2.61937535295978
-57.6298661861936,53.2910192957627,48.3614898810352,56.4050286100477,18.7403398795246,-4.00619074400295,3.15994021124016,-0.0150697201418053
-39.5534623213193,36.9658464390212,34.4676446073255,40.2626474452692,17.4985139383854,-13.5372716206944,-1.96531405936332,-3.33575993463159
-49.2032858751317,47.8622158060859,29.5396000150755,32.879526685625,7.4770819570545,-7.12737197106683,-4.05633254309403,-4.90968832287359
-41.3528915904727,41.1553182908058,39.4620202106119,41.3997172124928,14.1091456125443,-7.35920443848886,1.34066757397707,0.814262858294838
33.8351943629492,30.5835737820435,36.893704448269,13.9259209492976,-1.10908414257652,-4.05495450717815,-3.03856608077007,-6.95576803957578
24.181974781598,33.3112769194027,34.7453827316534,17.2763393232307,-7.116562301465,-4.7662091311963,-1.55952741392545,0.960921802138347
29.3365502422882,33.054976618619,38.5984405341785,18.3375052474179,-10.9908702221647,-8.28558876299318,-3.30632165224093,-2.35948157863251
20.4161377792688,29.3089569195069,27.8992870758425,16.5435439593641,-13.064813573749,-12.0259380307479,-3.80168391385228,2.1842452994457
65.730867299742,34.4918558715158,14.0610542969825,26.6160848185717,-26.7618262755673,17.7987999638948,7.93807494300288,42.5029366958153
44.2792832089232,34.4100986506136,57.6940415425923,11.5461472512532,-4.2851478835992,-3.55602285238759,-1.63731344390766,-6.7383065968462
30.9299063255186,36.8064371336552,27.4114393475459,19.2835353593768,-15.3894055286269,-5.08790049161006,9.24205066702787,4.49141547042089
34.5753605779071,24.7196209705129,57.5726982863555,15.3203434547009,-21.3713392469,-0.093655387314846,13.8866463358974,1.14360922183714
43.6047163610272,66.7150776011177,24.741908020633,43.8528892483941,-19.3323420359082,-11.0980178084206,-1.70930953098277,12.2932982190563
-36.4652949542314,35.8568856933674,27.4181205957202,34.5417929587344,12.5929193590572,-7.90601988820507,-11.0352210582245,-1.43638704190373
-42.8225040101606,43.1281297965706,28.6746949386166,35.9600042434551,15.1553601570797,-16.8614174964677,-14.4308702283957,8.52552747988425
-41.2508282102762,44.0728822337702,26.4191435594733,29.0215834327074,6.78315982695064,-13.093071103097,-4.86291546908473,-7.80340027896565
-50.0070362297145,52.2251808967157,24.0857602071061,33.253981303212,10.1801498586152,-22.8594613839469,-5.53943486577636,5.62918845306788
-43.4772509878213,40.9756676516822,22.1306734327694,36.1965068804846,16.7429401731881,-14.0749317245055,-12.3842622675142,1.29303899637219
53.0628651572113,47.7868435225476,50.2095569318492,35.5930169906692,-12.284547055026,-5.58299226773652,-3.01407125239093,-8.85211384287326
54.3388981009692,60.5133085450896,49.8888115018875,36.625961223894,-10.3725339842701,-11.6492533306853,-5.12950100763187,3.76209373339851
31.6654504893528,45.4331526211976,47.315081521978,26.0274177916575,-15.5911048369261,-17.2019889091685,-8.49413264556369,0.0391109715746689
51.5895149700962,46.0268590428078,39.7481411736189,35.1320079768188,-13.5335472170897,-4.25667791984166,-2.70246498434216,-1.86310885335351
51.917481432606,51.6806766730657,36.025421541489,27.7907653350471,-10.096951041029,-7.48426894058987,-0.865044369222128,-4.56475938956577
52.0914876826229,57.8734648753544,27.3962992873097,28.019053999042,-7.44370622746438,-12.4999787557531,-5.79173892045336,3.27045952329878
36.0037928551575,40.3030770730486,35.3238704546168,16.6745713339759,-8.04345001772089,-9.56342315567354,-8.11645490458182,5.42815383894858
35.099774515256,48.4866769033782,32.1524037059235,25.1093124387289,-16.703234990098,0.843386370242957,1.14797582546215,2.806267524558
27.8417451354898,35.1050809977286,39.5311177645106,17.9571771141018,-15.3754575060507,-10.8197050957514,-5.57579095036097,7.64479676656894
35.5598713082977,44.5653873977877,38.4930795444358,22.4003631729911,-4.1476637957314,-9.79518336854031,-5.49657627096031,-0.483823110016961
36.2070354694196,38.9220164178747,53.5554430396363,24.3521721405874,-13.8966442284081,-8.32702168537372,-4.02306310543678,-1.36442107596473
31.9791353459986,44.8156477565719,40.2945318239295,16.4183783477222,-9.78573008244033,-14.986073327033,-6.60723590411619,0.380103388454849
49.3425629436103,47.4476617175549,47.2230809758138,25.8944467680049,-14.7555068396242,-11.8875162660851,-7.90122796663336,-7.11829711956481
46.7264827627301,42.3806847476534,40.2246944404094,26.6727697571688,-14.2657706095337,-10.018086551053,-3.42633004080462,-4.32079322092318
59.4439707799601,52.6954387339268,47.0843435256884,40.6647918925965,-26.5889772649257,-12.7147162861377,-5.58136861981291,-3.30936423583018
37.2931782001733,45.5722134919629,46.5614394209495,26.0764510492385,-14.1666529125115,-16.7068193781702,-6.4017577437604,4.17236158724623
33.2373011480579,31.7321224972981,59.8205013455035,22.2007481720745,-11.5988611394258,-9.33683255317793,-7.39945570206262,-9.12420903580245
44.239440265157,38.3005759750149,51.9931583902479,24.1960387956077,-13.0161267626059,-8.21719703385417,-3.63275094462365,-7.46721684162411
37.4521001080648,37.9438754544964,46.3040567500442,19.3222710428779,-13.5685020352452,-12.099573723116,-7.40462531882449,-4.89106081333757
35.3647133665896,41.480035800141,54.8958737868977,26.6538999120638,-12.8244951426424,-15.2010026075028,-7.14604081386173,-4.55962720995933
-32.9230649108324,27.1680421973899,24.0147526266396,35.7836810791235,18.9438203801337,-7.97259292475013,-9.70375330168932,-7.03795844023526
-34.3912181658185,24.0783706184369,26.9607230989295,43.5131154121718,27.8521808715544,-5.09227870608783,-1.52763460756077,-13.6953830680126
-34.9161340403517,25.4040065593949,24.9326061022838,39.6689766802077,23.5035051377258,-7.93655178624054,-2.32089359821543,-8.9376390209624
-37.6112556404186,26.1116427363438,23.1913538493091,39.4738351635822,21.0300058121056,-3.69626235645269,-5.88096611523494,-11.8700392889597
-36.0433818924608,27.5984023232122,28.9386319395215,42.8604556438768,25.192102749954,-7.67185016003753,-4.25444656917073,-6.47176854276265
-40.4994555979775,30.6272599012354,32.7509277585479,48.7900189690303,26.1636461886861,-2.15542815462187,-4.24197040928681,-10.2868670079061
-37.2949646573019,30.2351975318095,28.550386827463,42.9494640226905,24.5797135989599,-15.2304781601685,-11.334122168703,-9.41970452816831
-40.3168035540855,30.8048785565951,32.9344206623748,48.0828671224609,27.9890460094085,-8.82643570472027,-6.23657881214909,-11.7332169760874
-36.6099145398784,28.8196503041191,23.954356257398,38.7386474104745,23.2206371552648,-8.97908485091458,-5.78049460064347,-12.1701983461912
-33.3507698574776,29.0109275578177,26.2613753904116,39.0556759025903,23.0577764784468,-10.1411206009399,-8.11693693590919,-12.0746126012335
-32.4091285951871,27.567575766512,23.4646830795253,35.5594566156763,18.4734289515399,-6.11493539257142,-7.71129603625986,-2.81606383406506
-40.7968398084624,31.219167609608,34.8120078085783,50.7044424481724,28.4886800425487,-1.34061792226834,-2.00917843578066,-9.12142231123828
-36.6212148150833,28.5159110095951,30.7865463864506,47.0677803539676,27.418294689363,-4.22012986740935,-0.111883747286751,-6.92221651556796
-35.5872422111496,28.3177882199037,26.7991341970006,44.3171152872597,25.1776005410213,-5.00006435563516,-3.01978795265009,-4.45493049101924
-45.9816191100063,38.9185160687713,31.2403047396405,48.7426115701943,24.8648839507411,-6.30348739439288,-0.0472014522820872,-10.7121642227405
-39.2963960043127,27.6031723825353,30.7162762771053,47.7613708878036,27.5203980486618,-2.97982696886409,-6.33575969287428,-8.58381414724153
-31.9483902958274,22.5622981827951,25.8747679691139,40.4558855478737,23.5763721531845,-0.819659884187185,-1.89953448641348,-6.55419523350105
-35.4565227138193,26.9815077850573,28.7834884211621,44.7018275266855,23.5381635931628,-5.27460692781078,-2.38079442259556,-10.7606311722835
39.6878570991239,41.2302925971495,64.3072226140487,-4.22654655162083,-0.542477221449633,-13.0948729503575,-8.81973377024957,2.69100315122102
31.1154714069212,39.1873915599185,57.0154913742857,-4.35627175495036,4.49800291774258,-15.2702365591018,-15.2274125284465,-8.57585591613628
34.057732387135,37.0370745355309,51.4599776254373,-6.1102666586008,10.6271507795836,-7.44698041530611,-6.60421771314968,-0.387460787931513
55.3079887816528,65.5521686006776,34.466284741914,7.20433853517152,17.6679857565366,-9.61579573301524,-12.8752739478322,-5.10041350958554
52.9097303742903,62.0134462349038,59.0109917066075,-14.2041020835906,27.0005071529032,-10.2716378393788,-10.2750211116875,-5.85333306825417
44.4078699867854,50.1787339117673,50.1450605692463,-3.7740547025261,7.6487760082226,-13.5556803208914,-9.50165386982247,2.47995129171272
54.6734984850318,57.7421433469164,55.2249753094509,-4.12325384693935,14.7613554258687,-11.3250287154359,-12.202454849229,-4.6196304275322
45.3039397621071,43.7064768968018,57.17191785913,7.40905570535551,-5.33185403237423,-12.4508099901758,-7.90510517447884,-4.95128420383616
40.0064219914445,44.7334618601375,68.6498428950407,-7.40717132073803,5.20742891782313,-18.1254611564788,-11.9081330688024,-8.9036471131195
32.0449693606212,29.0612887717875,51.7141479850908,2.955424356646,-8.65107309265971,-13.1993424472911,-5.95473247233686,1.25040139571034
35.8482034708575,37.5280351233355,50.1186209445372,-8.61311285923446,9.91431735839125,-8.68381020396102,-6.91555037973195,-4.04158984059066
30.3581175759734,32.0219688328493,48.1669427388755,4.64258758554912,-9.28366367224602,-14.4207426700732,-10.4500648300403,1.85350279742247
31.876702067668,32.4516858926937,51.2776383832193,4.86979604629151,-7.22598798981036,-15.1220324403783,-9.26864491129746,-4.14114341236312
29.4174242555913,33.4118188714187,63.3605178864446,2.76835123778921,-8.37600595632768,-20.0291617718538,-15.8729792447014,-6.97976549553496
50.2438735472992,62.2106253297677,55.1733463450518,-12.2133946953996,28.9484709622377,-8.18525500884375,-11.4921823942676,-9.40684316586625
40.8435007205767,49.4868584498631,65.7826350612889,-8.82823822983918,9.94924431296842,-18.3327749582218,-14.4307673425488,-5.07023375276002
29.8656887696151,36.8496569912303,45.659841126987,-4.66583340390164,6.69062046369635,-13.5650645566631,-12.966791719521,-5.2102270259944
50.4390889743287,53.2827139412061,48.0093695451849,15.9825585946117,2.59631832305779,-6.36147857233511,-4.50510685512578,-1.74834624218568
37.0964883858459,40.7214467298928,55.2589459703438,18.7998049054142,-7.97880590664609,-10.2501474990599,-3.94803670032898,-9.84171512285968
31.5019657939492,43.6967179024496,46.1620799530124,10.8280295270491,-20.9584165478676,-33.4972530845001,-6.44223041483988,-3.98207354979621
29.5747529399222,38.2682289725085,58.6517878041507,1.80834032778259,-0.996759541978731,-5.72165613756772,-7.79580549117572,5.4082165757365
29.4528721517436,32.8416281900674,51.3223979169608,2.62668402932926,-9.47947828610103,-3.59408179109798,-9.98102634911425,-5.1592299107933
14.6737914076754,27.8156034430329,35.0744563580021,16.4582726862465,-8.98429189481032,-12.3849215607314,-10.4637705426739,-1.51258114499242
24.7929982734231,21.9076323102162,42.9103363630342,8.84727650940197,-7.45336889653205,-1.23368428854327,-1.80187104818809,-0.578487124125214
28.4894540898473,26.6722773498961,25.0235208737654,10.9906394540652,-7.23873947544713,-16.1841716465672,-11.6768239501675,-5.56532613216112
24.2906756314448,22.599654254932,31.5364095489168,5.86230880123576,-6.13372073902169,-16.610796559779,-11.5352965268759,-6.12878191274574
25.1595352479556,48.0129250567291,39.1119227721697,2.88234603109905,-3.77724597308161,3.16324612923657,-15.2307209938274,-0.746380602093427
9.35555048076539,23.1089618150231,36.6027844943265,4.66709063293735,-14.8183801262408,0.660535621534176,-12.6981471955112,-6.75574432820746
24.0811575164638,23.17060168569,44.4783387207247,12.3388857575503,-15.8138534147934,-14.3733149517501,-6.02707959352317,-4.23406224211051
14.7737120857586,19.2004870484044,37.9770709338596,5.04260074022522,-12.0731269182967,1.4560042490455,-3.18795353312936,1.13708564649946
-24.347398226462,22.6828821594434,13.7819710406492,22.7517719205214,12.2777408369014,-12.3354507673679,-7.95526748294727,-8.55450870619919
-21.8576936615351,18.0172304931045,16.2180226325457,24.1106137869481,12.1883556347019,-4.35053436980275,1.89801925376168,-1.55274642889767
-27.6037197173769,23.7460286013973,19.5656063492035,29.3402232805197,14.8132478760819,-7.34133349058037,-4.41487626958327,10.1009824907857
-30.1880757057577,24.9951422255888,21.4348225435367,30.6802938661661,15.8903646703514,-7.7580584118623,-4.78151605912729,-1.31724915561063
-19.7766138235581,18.8848346046937,12.3137365016483,14.936711755922,6.1169067233839,-11.0772404902917,-8.37237420090749,3.36526424020454
-29.5116456716486,23.3868127727109,17.5463792959484,27.7857052881701,14.4878617267624,-11.9221748399558,-6.06365390497476,-1.2729371010857
-18.1540490273056,14.7801594803482,11.6930572007501,18.8976916541998,12.3061587326157,-6.50591433887629,-5.03071059925245,-14.4406407706446
-24.2599560559701,24.0586082913038,12.0212960788638,18.3109656694838,9.40628811569244,-16.5008362128334,-11.75856921413,-3.26348323574685
-18.4168185216576,17.1437962675805,9.82963123696515,15.1795273685793,10.3744104211221,-11.8564508723531,-7.7845501920318,-14.3084372265851
-26.423573936874,20.9918822351162,15.0145035304736,23.8207289647577,12.2134480266186,-8.67727363003596,-4.53962579060449,-1.27122169388531
-21.792958449072,21.8579711169601,13.6099218640308,19.3966349130285,10.1925888554776,-10.3814399303543,-11.8507349956319,-10.7890932711366
-21.2372313989411,20.7295525386625,14.3668000554552,21.983100019389,11.144983310595,-11.802951707943,-11.3159091801389,-5.62831154120448
-32.7281128188902,27.9962929857983,23.4233765656019,35.434533966546,17.3880008416311,-7.1128597003641,-3.39461392865897,3.75728871261196
-31.4547107683299,30.3059627935789,18.8816036902116,26.3762471324659,13.8332767684734,-12.1329453899512,-7.52586912917087,1.34866803554608
-30.0002292522629,24.5444159336388,16.6592109864022,27.7578152816271,14.860165749226,-8.97487329431181,-4.88538403080538,-2.68496276862666
-28.8318398827623,23.0272746577751,19.7795030063329,30.2833307375436,16.7765472893002,-1.42637842478424,-4.95560456675559,-4.62384757306305
-26.605875068784,26.4517382076734,15.1440994291289,22.7266872391476,10.6278082988043,-13.80980362474,-10.0470181148428,0.747279730115213
-36.6234488661259,43.7597337896365,13.8834316366476,13.4896250159982,-0.0418369876355148,-17.9941866485163,-9.37662338005315,-2.81980353207508
-28.2779601306111,21.6709600976457,16.4600562948143,25.7016220100074,12.2302684507744,-11.7889744768483,-7.64635294856387,-3.20647301104316
-27.0453477732214,22.966598503694,19.1141244722378,29.5415605657537,15.6026125179619,-5.95079289519771,-1.83521282379696,-1.01732018643716
34.1212235023419,45.6938979322005,22.5515804688571,-1.88949692363792,19.8868878016285,-5.26041878298143,-5.21210332304436,0.512841254157358
38.4044224668955,48.2901560164166,26.1222110870957,4.16567604112573,8.82679236647854,-5.80624581045956,-8.04554687482777,5.29634560982853
44.4582872885352,48.4056141290631,20.0104799190454,15.5434883838892,1.6362405695394,-4.94942642149692,-3.69548659847584,6.58916226578904
34.1369200326265,46.6859906950425,31.6260263349789,-2.34480513270215,14.307121173792,-9.60618732449612,-7.29295421034174,6.47659523757617
32.3946405149682,40.2442217271465,32.3831602756402,-8.22458301073378,20.0362235309971,-3.02240409122928,-0.794464652982999,5.28526046091593
38.5273076651911,40.9192734194794,27.3893377006099,17.0469656357057,-3.74570891298193,-9.74110283672979,-5.6765799465112,3.98798644281698
34.1719095171944,38.7845077028478,26.3280421521729,4.89146537300617,9.83004025957421,-3.43841427499069,-5.42278158701126,-2.83042384630219
30.0635047455287,43.186828299193,22.0482876088151,2.00396235449813,11.937858341003,-9.20553279980915,-4.87045137707257,-0.282682581804197
31.215211195182,35.5304592989882,30.3854595627469,0.491087460739136,8.63307701405931,-4.1370563239025,-0.332380421864858,3.24679925216909
28.2605175152807,33.4140469681617,26.2325400312854,8.00251902908087,3.27251845441867,-6.01480976267855,-4.47095598871916,2.7803679353958
28.2232329197324,37.20897528237,22.578850786221,9.53758881236044,-0.0747226049485801,-8.89078127626948,-6.4736400934298,8.61415375575034
24.3529066080031,32.8806592725891,30.3930501847211,10.2963207688685,-4.44073067574942,-13.1861533982522,-8.09837737440934,4.69397043057586
27.7727360087306,39.2373425753117,31.8030177456576,1.83665436264908,11.5310752469034,-9.24864120136166,-7.04876902246327,-1.48325108339894
26.8920083742251,31.5869487709791,23.3303100635608,10.9880209793051,-3.63805409361397,-11.7240090099181,-8.22471537951438,-1.28975352074785
20.4929757364076,30.6886413142676,36.9415406198167,-1.95096977890503,10.1141477915981,-7.62999314929475,-9.3890354871753,0.500777080462806
29.9290296423476,42.0845604570716,30.055927704986,-0.397226189388403,17.3325463146513,-4.71701577865371,-1.38132869649434,1.48130462405689
33.1633421527037,43.9587621936501,43.5712708197588,8.87565987076389,8.65313405466112,-8.23156823232988,-4.60289513868551,2.55064408573974
28.7568104300344,43.111699870712,41.5015678156631,-14.4828568087341,29.2523603632719,-2.28231190033179,-3.62688455362438,4.30116136524278
16.0833371231118,21.0178596959794,34.3277076717513,8.47910874093673,-3.4467637416769,-8.01586980011024,-3.13162223635435,1.42587804419247
11.5470496893177,10.0687887976208,25.9121455596603,0.571227752581517,-5.95934312609712,-4.42987901954631,4.46624226219757,5.36242272615962
5.25414222502997,11.5736457430458,36.9889835904431,12.3014808850111,-2.79850449562695,-2.37805509617651,1.78229867880131,-5.70285022822541
3.85717021295917,8.2413115316306,7.84663148369302,-2.40779707067669,-1.10180073506997,-0.606340841140445,1.31984431560046,9.47870967470496
16.0779030913728,11.0509233500883,38.7000484167641,1.39413825723019,-12.280661343532,-7.67058402641927,-3.5022736954651,4.47732707861426
0.376524731080325,9.48548792020645,4.09208880399774,-0.164613271921945,-2.11683311443819,-4.26215406063031,-3.83776332599029,5.97781081038895
2.83069378845772,3.82820567416593,2.69306948911659,1.09350104527139,0.341335606566852,-0.751628340185723,4.25993742472739,-1.08051823640492
18.2111878475417,11.8092660211822,46.1665092931605,4.25976561080622,-14.7486236521635,-16.1830437790574,-11.675642430587,0.798451927190183
15.9159113556611,11.6139866070699,42.4836555444271,2.26012770309483,-11.0343048128242,-15.0553163744433,-11.1136801325823,1.27973964072223
19.9196822663521,11.4133160539723,53.414259234051,3.82382105437309,-17.2440357456582,-17.289548454014,-11.9808933143908,-0.183237118255321
28.7196009085395,13.7938282189377,70.7986366079319,6.47492324800237,-24.9554615807576,-20.0524122743598,-12.6745623495699,-3.3803249328997
2.12203691283147,7.2086589772668,12.126657786666,1.40721862245449,-2.38574427830175,-11.328569269028,-10.6304733470311,6.95428975151862
6.29527314687819,8.71480874972165,18.0596252496158,3.51997027991058,-5.95753450868368,-12.4549989436486,-11.0195083746089,5.80520890813466
30.3668000031378,14.5878196957289,74.7637990789623,6.37478663521655,-24.9710991484027,-20.0468994310551,-12.268772616148,-4.73219469513405
4.26512384405642,8.53498881408491,13.6523877479845,1.52021367524361,-3.59456281174613,-12.1361876781437,-11.4989101302204,7.85903877716674
18.4241248112682,15.9286014921612,29.0510482526969,7.12668329397374,-10.9664491364204,-14.5952170488902,-12.389042466117,4.81810002379867
13.9908594093598,12.0561733415671,33.1898353848957,2.51453135491111,-9.34131775489754,-14.5803460363679,-11.9021102943193,4.23832342662551
14.7788781766176,13.8955079133806,41.7358355556518,5.36195363028091,-13.8442224658298,-11.393988401378,-7.6281242857908,-7.86359551670812
20.1162706618345,10.9654801676402,39.5724172668458,2.54629539026077,-14.9813787927043,-4.31653614824301,-1.26476300607724,0.208477348538953
19.6951370903644,15.987902424623,37.1800092229638,1.62213014491981,-9.54898128496226,-6.70823207258616,-2.99492353340657,1.95202940711507
-35.0706287692159,45.4766412199986,28.6633784673973,55.6397291365441,19.7820995674614,-11.6384890064895,-9.87460148149315,0.704646094351484
-42.9321712171264,47.7599184483603,28.0752465786317,41.0339293363408,10.4876440054792,-12.9979864019261,-1.25016175068556,3.96279559752466
-40.8836391981458,47.4626965800637,26.2074811288554,37.1615130517378,13.9105491278851,-9.74938441755609,-22.4497660873293,-5.25002848701609
-46.7780787587327,54.7573381560403,24.8708315373687,41.3516339586585,8.99988168341249,0.546661185755663,-16.2254963224486,5.3541238088022
-39.3828199407232,43.2237209123304,21.8116064693628,41.9103792719011,14.5721938216751,-19.263228066591,-12.7177322772472,7.01921157428381
-40.4338180280732,46.5048888147566,21.5908443492909,37.9106329140428,8.24561615260429,-9.98327392065457,-3.08879543208269,5.89243345572199
-37.0065982339295,44.5347396779003,19.2276394313041,35.5392884476034,10.2221725199141,-15.6749155512562,-15.2804153411568,3.05469896502007
-31.11258837112,38.2695233184693,15.8774609691246,31.5719520324106,10.0746577301672,-23.0094005669028,-20.1327951750202,-2.65687656601021
-43.590423224525,45.1372910698618,25.74552992531,47.8160818691658,16.6276364875646,-8.20897825521437,-11.1621891166387,4.71747901122708
-33.6367098546177,39.0658371262664,18.2381022935026,34.7839831853864,10.4055656541189,-6.25189802394126,-21.9522831511523,-7.65987493466177
-36.1917673298785,41.732720881151,19.1371849016501,35.7561764362002,9.5664085979146,-5.66239374799524,-18.3641698970727,-6.67063201674428
-31.4499405785646,34.8788096319656,18.8040149725415,38.1727320080973,15.0065308374984,-11.876688925001,-14.8433933861524,-8.64473995859088
-32.0131126659695,36.4871944575707,18.4666211216864,36.5060566736995,12.7925759190598,-10.6747577336857,-13.2759347166765,-7.33918332986688
-36.4873296760742,43.4456608821468,18.8901918689811,34.2161238986627,8.20195200009698,-11.8349222463381,-25.3824829692441,2.51400511806985
-35.9420797009456,44.8332800153521,18.1202492829914,30.7903718779084,3.96532144352417,-10.1239668133843,-17.0980905396076,4.8082159502587
-33.3879078506318,42.9697886485472,15.5366545423149,27.9407262760572,5.01045425061364,-24.0121252689934,-21.5343687101564,7.34606578054779
-37.7235865121344,49.2976181276312,15.2704419616477,27.1503474264817,4.90611146518557,-27.7564761492305,-21.3910209257907,0.0565460468166034
