-37.7235865121344,49.2976181276312,15.2704419616477,27.1503474264817,4.90611146518557,-27.7564761492305,-21.3910209257907,0.0565460468166034
-0.558534244795856,86.4293682563094,77.4032668939357,33.5854373035056,-29.4701936097826,-26.906304293908,-19.4205202280711,-15.150228296855
10.115838100758,72.3114442491305,95.7105628482838,24.8749647629005,-9.87891987802496,-18.3861335688055,-15.5888129529911,-20.0756784623652
16.2775673636599,97.1761832051407,88.4708935099159,35.5048342756196,-33.7666853892333,-14.594847126145,-33.4201682541217,-13.9920532164455
13.6828390097507,107.929956290329,87.8092082284824,12.7793005149761,-7.81812801600465,-19.0559172583307,-4.20518823026138,-13.197392142716
12.8416300834697,97.404949742701,68.3695193195305,33.1047702493292,-21.2772949478308,-28.4236038466233,-9.34596943927568,-5.6403073914597
9.25423166457398,78.5108570728249,87.5871773278348,41.6487791900402,-23.220137470555,-26.4915289677468,-19.867245550197,-9.11832128591688
-2.33110790565315,82.1406746865531,90.2056557472059,25.9378633457008,-17.6979894722748,-16.6430316343174,-25.1605887617213,-14.8398641567853
15.7944445977124,113.037872981743,92.6119295777388,-3.49352902064745,5.81985090075101,-32.3829793049158,-7.31045228523655,-5.13308249634628
-2.83616521999574,91.5699586687332,109.902050676414,22.265764931706,-15.6632098414607,-19.7041314910528,-12.8575882811405,-15.6807904722712
27.022947267815,113.655008198455,76.2368959860222,53.0172660400299,-29.238896965964,-18.4018588244887,-25.7544912237224,-17.9305115196068
16.480164133305,101.364578364442,86.6552618689549,49.1250890078943,-27.4666624944278,-19.7299847795,-18.8579639273249,-6.27261981483424
1.86751389105336,106.242677980685,101.240249753345,48.0448340600873,-18.0166042727258,-29.5882660414191,-18.1614672469835,-3.91329881946643
1.02595680850071,101.725839125658,103.281662656915,70.3951657564617,-30.8803721181451,-13.6624358957728,-18.6538232822595,-1.12530446204944
5.89187671743196,90.6348809475131,113.000222283473,23.6222930342239,0.650172864977097,-19.010368869614,-15.4482619723395,-0.685653527210581
18.573011262292,100.711617089642,122.557498011878,56.9140489483768,-47.1841833654263,-25.6539531872158,-20.590102784264,-10.6001391822276
23.9886775324056,71.8394139173132,125.86480235773,53.3788070726982,-23.5979927968919,-38.0146242237343,-22.3856090278855,-9.98070947169091
23.4841306437669,91.7623444598352,101.748745582847,52.3177235619903,-28.7610296038337,-26.9671416011419,-11.2701452039356,-6.61854453486978
-1.50812771049471,98.990392369201,116.2388567747,40.6881314804117,-34.0202673229495,-2.39903000559176,-31.9121326373531,-7.7629133143068
1.76422081680651,50.8508919695591,46.8585378005057,20.1663244893202,17.5713221640451,-1.2608937286256,0.141636513516734,2.4166109299171
-3.6357306071272,70.3829362945401,52.4364595846722,24.680615082562,3.33447024253378,-31.0504653530453,-22.1222205799314,6.79828097990727
0.512882347762316,79.0739920618752,49.9039950556265,10.0928329324955,24.6267431678083,-10.3813338699557,-8.67068809392015,5.00720529326711
-15.6902135446683,59.8319014298795,43.2285246164749,41.2495525373118,13.351369030913,-6.85752540107181,-4.53850010912501,-3.20737656976462
-10.2577539136023,63.4849977335299,36.9621738859987,22.5285909423433,-6.72405255569377,-1.92880861765353,5.92464277197253,12.0910543977692
-14.7003553029286,59.1571000438074,46.8890899817626,19.3315051184762,-7.18496132716408,-4.46072195501118,-5.11102912828246,-11.0839956878211
-5.8839898197232,41.7415440963415,36.7317665681766,31.6225579011306,1.71122257072023,-3.09121573108488,4.55725620213082,10.7434089057957
-43.9274762712356,58.3468462284144,14.1123932915632,6.26397762503026,-1.03734121120367,-30.5599650978089,-1.95708594953019,-14.7361537194137
9.91759879060431,149.592280749823,31.1608992266121,8.59148261968511,10.9380684979976,-37.3232646870669,6.312765190334,5.65641580663646
-2.01622508985967,84.2576197759859,35.703986092603,26.7775300794372,1.60439231649131,-35.8463472457579,-7.976621567329,7.74945057014673
-10.1003808411478,134.502199915354,20.6071520505663,33.4607889579932,-22.6922974974576,-44.9345421131914,7.25414025066913,-5.64515462625805
-0.9891909443137,151.024502057998,26.7423813068667,16.1070117587126,2.93262160313758,-30.3844427181555,0.76467932086926,-7.58661840763362
-3.93582476725474,106.027259627994,34.7864620476234,20.6256073551212,-3.39596478713279,-20.1791672405106,17.9831354703954,-11.7341893764698
-7.296996315072,111.820788060596,44.3209325293731,8.15691287443903,3.44993580447274,-41.3087048767684,-3.09038119217145,-6.76201108929709
0.0578088607453948,142.66555000279,21.0318374669318,30.1584520108044,-3.80062082309454,-35.4124208625547,-0.679044670061179,-4.27843156009805
-12.1000935093864,154.342208967927,18.8139537356919,24.8180604420664,-11.9226290897323,-42.0621812785236,6.19893848773953,-4.36485562609541
-13.3172253122088,169.109192127836,8.6391563742535,40.9031776286626,-38.4211262876172,-36.2335592130794,32.1978779705736,-7.49295710933638
-15.3346538440681,160.916765870923,34.4556628030808,17.250581528171,-16.9942761457624,-32.1977185485997,23.8602736656921,-6.58973710047371
-11.5954839819164,143.956165198803,41.2068176369594,11.9557614578166,-25.7054785069154,-41.6053170028764,21.6661519705068,-10.2880255225162
-0.970496877048868,150.142547836316,24.3685143144458,17.7715932750094,10.0249991351505,-25.8189856430968,-5.07559785600161,-2.4000285103248
-5.13575474025622,156.779499215501,29.2614035737901,15.0593103414387,9.34887914017814,-43.2645408912028,30.1618497168623,-11.7892570709628
-11.5103822902664,107.657797766831,30.6321075125511,35.9578395214789,-4.83625483121996,-38.4019236858541,-17.8514496327809,4.99177270748677
-23.2908254811946,132.40129520872,41.2480585135245,20.2990034841105,-18.2555513583847,-15.2834548247851,-17.625344651137,-0.19876967748023
-41.7202596298607,121.444739479386,50.6589625120398,1.03510455666563,3.46768057094613,-29.6906027079309,-2.82357543956132,0.608085780708332
-25.1675432454423,151.275956867881,54.676802278737,-14.7003082831903,33.555648280884,-38.3397452810863,22.9531531628576,-4.22026664444432
-7.63634907021173,116.308324656079,30.4734915806122,36.9918467281431,-6.55212203152253,-42.0428718653978,-4.45925583311809,1.55172553024177
-11.6597738660084,129.857082175252,33.4004172802036,38.8878066998011,-21.219537762308,-42.7277770277609,-7.11489583405569,-11.0791349119468
38.0502362606712,46.3660655358221,37.4388014794597,18.0286650692615,-3.57997783641321,-10.047668225284,-9.39930656326712,1.88917085135688
-48.5421480411514,100.714130761076,91.024706764541,76.0793567428452,35.1697815551384,-9.09102700556473,6.60087242727226,1.79701575926637
-33.1995275511244,81.8665201571853,99.4979526914981,77.5885244323608,30.1328006143533,-17.6952261283954,-2.5179690024457,0.236746562732449
-38.3047326529195,80.5331330789379,72.1781525123201,70.8631147098652,18.6968007763105,-10.9825603538279,7.83144668193295,-5.10068481337717
-49.4639219083794,96.5195128718907,98.2796818854855,96.1791196424186,26.346002243753,-4.65716740793681,2.83178774831526,-7.75159752588772
-52.8542007550213,93.5748281667717,85.2386794366864,73.2900312017736,53.5503878412818,-2.23309784136734,-0.654938800545309,-0.671759488780409
-44.3224801955831,94.9760669685122,88.9089035460295,72.291514520187,50.5694041575046,-2.62656363240181,7.04835251036657,5.91619315416852
-38.2713993026276,107.796117471817,71.5491648367488,94.9824201060152,28.386432691708,10.9614069465683,-3.12447774988329,-1.9462970817116
-48.8387152967901,88.5277676002089,89.7457090021223,88.8497159003679,35.4106631051078,5.85642010413613,5.81382925371375,-3.62722226691971
-46.0484606777153,76.9951319919001,69.5074766117753,78.8867071167512,26.2433901696633,-14.4726922786281,10.330957934282,7.49468536359737
-46.7897791278449,114.881438854875,85.5701547284631,64.3068059178317,45.9098696676314,2.89848174712695,-2.04434355127892,13.2058308888556
-55.614328364106,83.3778825082981,80.9159057923832,83.7789684164081,24.8910703820779,0.31031873192258,0.580091572785464,12.2144841686247
-24.3497785242284,98.1588592443719,90.0440021331467,78.7481634815083,43.7040361979951,-10.5875836686624,3.52796412145032,-1.2398706548209
-41.6597661119791,90.2574486361787,78.4617648852336,65.2623746964989,22.7097222002632,-0.391071090376701,3.09540024376853,-9.8723966977248
-18.9049229969218,91.0676659733189,97.7503068139545,63.6911089690127,16.132996615795,-10.0937851584949,-8.17064168139755,-4.21305658938915
-41.3736304843601,79.5186742812115,61.6637172096508,59.5378953536341,18.7401996249418,-19.9790791640477,11.1503958236184,-8.67949500678017
-47.1082417509019,69.8564909321166,59.4873855460764,65.3837272129369,21.6670111244078,-9.27694773582314,-3.43980763782362,3.46513307003836
-23.9890848095808,122.422573853496,53.2301634863718,39.7494283582277,-41.6443419748189,-19.1208369887324,31.8423236542016,3.15792371922298
-31.0838176568888,103.290069119132,66.6074314620486,46.2017101167838,-5.28294992351848,-16.4488035656745,22.6817655460049,17.8142960873642
-17.001082828207,88.3417091464624,73.7017443814098,44.2603150197877,4.93288428766944,-20.6207999206623,13.7114104521477,16.4938492755128
-31.9417334257064,85.1436549135629,59.2832633948461,48.2131631100699,-9.81994053045104,-16.980170470206,6.21582503921166,11.3063978289351
-22.6020624709124,91.5613154482408,76.1940952818131,45.5197703744486,-15.0494873091175,-19.7453594982776,2.69364771799004,22.4918653642481
-13.6316804560545,87.9922331559456,55.9324781076077,57.4019246322042,-5.45217745888841,-9.0067247542125,9.59757869140413,9.5073157944496
-34.634810790231,83.5165638111859,45.3024405877389,23.8736020392394,-9.66940929587459,-8.80335674048338,4.97156088538082,-1.99177169056414
-41.5568965718497,136.260803568872,55.3894668607193,20.8959284879142,-4.33988868143167,-11.6415244376833,27.604279121492,-5.2472855152479
-29.7460328887742,128.228452624291,59.1951204595221,28.962392293752,6.40057156620293,-1.88061811696881,-1.53690983450451,11.3681369748602
-31.0290916120416,148.204775040733,48.1419751542751,44.9075622940544,-31.7695016740027,10.685248747456,17.7406589826973,7.21338722767973
-41.2997775012988,115.809101095666,63.2820086691211,26.5084409747992,-10.7762725229409,-25.7458047409794,29.6477782879642,-0.00108621522756165
-23.3358062760985,114.275652807419,46.0386580672703,42.5947341718526,-7.31217630293505,-7.79446562453273,-0.457616329205351,8.56098284891245
-34.0944618609356,98.4783459946699,50.1805656630336,29.3212231924051,3.73617253736417,-15.5532579030188,5.71937627998344,9.87879348563416
-43.3269219341326,117.28606880926,62.3201322488916,15.2116330349897,-8.87217343607679,-22.5062295585643,33.7813127078965,9.51889630286983
-22.478070332317,100.619935616029,50.355782848174,36.7188928174985,-9.75812698098392,-1.07398680176173,13.9936944261425,1.65700561087085
-36.9548274963164,115.519904788272,49.6747170839087,24.708069803097,-9.06513719574145,-5.80813454319478,13.6077399576939,-5.75601078955827
-9.09568145181888,77.3963230398212,36.5498803293212,29.184508838317,-6.42669426941266,-17.8619179963176,-8.96709430459547,8.53026967637187
8.32583694063943,99.5999658104838,20.6206014065348,13.53069342355,-17.0666293530499,0.214065437047606,17.7121057062851,-8.24902951106616
11.1390164854063,93.710769358212,27.5518998233108,51.9859169193541,-8.56589033185842,-19.7786017870987,-2.56360673152774,9.97007648892254
-5.54542916926128,72.6559051254922,35.3343780037683,15.0588840148501,10.734072206606,-8.85743151088641,-18.5860151270928,-6.74544886496032
12.4151351463858,75.8807203266881,51.7869264625258,29.0103406011016,16.492977721315,-13.6193856851349,2.9618493336323,6.93666582686043
-8.93218054602107,63.7727347264407,51.4970220087109,32.9931924713479,-10.4945651619527,-24.2458313658241,-2.06359689307995,11.4574011874305
12.4855659606564,74.6891504688857,49.2752140363607,57.8346691493925,3.26048651284485,-10.9808160518921,7.31340580370725,4.66195004320493
11.2844084754139,68.3837244635253,34.1287447725017,50.4002224986156,-8.47846522841006,-12.2655931638269,-3.80799036861729,0.568961876374169
2.24711479604946,82.5563674325601,30.1794611341368,46.1036809631941,-14.6026763285017,-14.9822414164481,8.27568264827329,2.54372701550186
31.4464080762693,68.5034708885317,34.4651503284248,48.713403335639,-3.12621584823725,-11.5238155553723,-4.89172046541161,-8.57696673899707
20.0860272317505,70.3128181111562,47.496199614846,30.395989468076,19.4582867678181,-12.2976996421373,-4.6511926180297,-0.381905808190801
10.7020262310655,59.9070742898816,50.8033414982154,31.1271534225961,8.92993678710871,-12.1370331684681,5.18333621612344,-7.91329760301399
-6.10478875259161,59.2298292319748,47.5613052230602,37.199115412886,-1.18615631799619,-27.8348145251823,-11.9814352937971,0.571169870094951
13.6967363084933,49.4225325141214,41.0728002602459,42.7603597717536,-7.65915112528475,-8.84049875722799,3.79872680033808,8.05409421516472
11.8442468964768,53.0538917763665,40.4912559948304,32.4695466335955,2.15239860199266,-13.0811110431183,-5.31265906570413,9.72258286427381
15.5209030235975,53.1771958279667,46.5468750544602,27.6282907716103,6.9781741098855,-12.1042451948345,-4.25043023317253,2.7971176431955
10.103926172866,63.8909945655595,55.8306754376985,38.8353892352887,9.81286046574604,-11.0592148666151,1.88135839039791,4.12210173468206
28.2692279054241,66.0516360829622,47.2434934584622,29.6394226415794,2.77749036092944,-10.3815353195378,-1.55781713381279,-7.02114884889029
8.22001374648538,57.6296648496892,62.3004610418777,34.168896146312,6.15638175933968,-22.5502291251616,-9.24705105350457,-1.1473646261967
9.60469433523511,68.8848340129273,66.9734627560519,36.4044634343318,-18.5552402448163,11.7998336542903,-13.5578445011956,11.1864255057577
18.607369357988,76.314910666109,63.4228928496564,60.3038386756653,-5.38902151194443,-6.0591948095788,-15.8174284535884,17.4303411872283
3.26754502500013,61.6847003717059,62.8049112401242,51.143457312952,-9.20104677422246,5.43048225069169,-13.8705010529137,13.3256562220363
1.83907278291308,62.7598913352037,74.7422953883012,41.5126096750669,-3.37381439222273,0.518612497467681,-15.2310465703702,7.03621391773862
14.0306718680024,69.938543388204,60.0940467146641,39.0094784648621,-11.1537109683693,9.89840501892191,-12.1984880764199,5.18151868730384
10.4851344290464,48.2342154588019,60.6678342173808,41.7116384724901,-0.544235125659116,3.52464554658403,-0.640909674596197,7.25227682546113
12.3177267641468,56.3111303465118,72.0354021267962,51.6837638016875,-7.23704481614954,-1.67929066157263,-7.89583303476466,13.5842188695454
-2.29399961816803,48.8051294779414,81.0714623854295,42.9683482147227,-8.7675605702571,1.67555031763656,-12.5076950652698,12.1759888899566
8.24225711549553,50.8728849080522,61.2420802797495,32.535348825083,-8.9746887291837,7.25848120396006,-5.38704940814835,1.27996986699668
-8.25037766593902,47.0259685476222,76.5257605682703,44.4080540682209,2.46230995088156,3.36295313725118,-8.39296442588463,8.5213073832547
-1.21402458026591,56.1033227286778,60.1261360608821,38.0188857311053,-8.59440357965455,9.09513753341426,-8.57044231611414,11.2554435150134
17.1318812979408,54.1685730244348,80.3769724357103,49.3114715573232,-2.19324967228578,4.61539903121012,2.87487686583386,2.12117024770928
5.23996830111755,48.460193924322,64.4085084220753,30.0727050034569,-13.5146919974798,10.2116804492457,-13.5851365863829,9.20996603161746
1.44171133701502,54.7526714628564,63.1377352683263,57.2710586187901,0.49841999309804,7.08332403828695,-3.41717106688416,8.62122461975936
16.5446238801162,52.7703385820986,59.3209884763767,42.4431851432623,-6.0567147377783,0.129281636555912,-11.8203413564501,2.77671180100282
12.9551600413117,62.2879578742275,48.7714041195504,48.3961608674737,-18.4384881910823,1.20441789150586,-15.854674729369,4.17124269287746
23.5114467723726,52.5805564147127,45.1523962129222,46.0804257884066,-5.02414757810748,-5.8144880601053,-8.96837753350093,2.29881232453253
-26.5070718857631,115.362374101734,58.7677049670551,-7.11219310316535,44.0318234335553,17.4658415910462,-39.3007964511706,-2.27550623784542
37.1873826529773,147.662082527068,33.9776377964359,43.3966930991976,0.525116393789152,-32.1392232569081,2.95068399239664,-3.47685884303552
38.2498084188182,163.546257982371,43.202305896064,97.5320717942946,11.8646200507825,-18.201561100785,17.6040774922324,3.26692144824849
36.036300954148,111.581568927154,104.413569193544,68.7143805478826,-2.48854344781528,-33.1716195943771,-9.03143529467214,1.6068665141565
58.5768695852974,194.009884200714,11.9811544267466,40.5858313403858,35.9234572696856,-8.96514991735585,-5.37180585530369,-6.18222830240042
3.65025281025555,93.3265926443757,41.2845336218583,40.3510523084831,-5.01458789710467,-25.8575303414546,-4.19979076052273,-0.963090918370609
28.1614471187123,97.8787997190848,26.212230271836,58.6005955778347,-19.4053839950322,-22.2185977005255,-7.42559347855785,0.411082572220252
23.5920468403241,97.4080968379244,35.0846939640899,66.5764307266763,-19.690386592204,-26.477816925333,-4.45470572406397,-8.18906403623796
26.0004107857222,123.114181488245,40.9745846461264,26.4975738497257,41.1112873933708,7.45717975313457,1.33100572212492,-2.25552089882774
14.0029232698774,93.8025033925764,37.8306863670741,64.4499826168359,-10.3225409448834,-27.4679614373823,-5.39838360079452,-2.12276639750284
9.90837041044463,93.4632899593222,41.5662844616137,50.4770853397838,10.2908454861487,-26.7697218558058,-6.21251012957046,7.88111739905688
18.6046030755202,126.020317181742,15.7022218409881,48.2692710550925,-18.3499334067546,-21.5253023150909,-1.83977604080653,-4.07121072397543
23.657553357426,89.2845532546206,19.4404941505336,69.1205934120609,-11.6277294070241,-24.1346248243938,-15.7134782801397,-13.9279934538024
-5.60535735916076,68.2187171714492,26.7424675125068,27.9963669806606,7.03978410871784,-25.4047026654979,3.28069500528335,-7.52728070187588
15.7980032115942,100.612644402306,11.8047064504308,44.6232926794846,-12.710860028898,-24.3363753001482,3.38403737643989,0.904396517183588
3.87405773546257,95.6212049805725,25.485494116081,52.6817266973769,-20.6325860070167,-31.6336711367984,-4.17885298709773,-0.733803957572642
12.0178565025414,103.383141979973,17.6805353564335,50.3811117843187,-9.65353561655901,-36.9348505700203,-2.3050728630022,-0.518582140506746
-9.16407472717832,82.101936029097,23.5927886154105,38.741717390797,-4.55310046036585,-24.8968933239603,-16.9016295314974,2.22119525916692
62.9920095289378,166.080502927939,0.975637873866403,76.0664841033333,-14.9056815274225,-14.8618890073318,-17.329199577275,4.51444701206729
0.762654080939316,115.164100083193,18.2212564856871,45.5914270740535,-37.4787778041473,-28.9315206386584,12.7979626553293,-4.11115590260218
48.4570811281797,130.590641009493,-1.73252195172122,81.9448610451473,-23.3728476985495,-32.9128246227529,-3.73947027396231,-4.24113898279413
-39.257169581651,37.2257577827063,31.0160323595742,30.0987239603942,9.1392010844546,-21.2374075575104,-9.9076105503984,-4.72445344182378
-26.2388535535309,65.2802581471143,35.5673301014609,22.0486375462171,21.2029470378225,-22.6022100102671,-5.76037105132218,-16.5136528917041
-34.0396579907528,56.4801404265122,36.6133662711829,25.6908199953489,9.53682875015257,-27.0510884926627,-8.75721598971444,-13.8967723392687
-25.5146061490835,71.0266241166598,32.8679306876354,27.6968885025593,10.968533226031,-21.3172314601597,-2.43112951610281,-7.11907400498434
-38.5073002543048,47.9092153370066,39.9124538878629,35.1093003708619,8.78029363307497,-22.8017454502721,-8.68259782203002,-9.07391577214608
-27.9909521784062,51.2828322153612,36.0628504606109,27.2112106540315,11.1345534083857,-14.5697941903727,-5.97132871676602,-3.46609589410589
-30.9605331011897,53.5498788204902,35.5716228468458,25.4505150621492,10.30788406953,-22.6536777347546,-7.4095647653319,-7.77423538399623
-30.1939876547457,49.4017996946254,40.4729776844131,29.0710113402967,3.88939351340858,-20.8922337451482,-8.9271459660191,-7.53218906652848
-30.4917828476445,62.268165725988,36.9950013654943,14.0783175688394,-6.10583960921062,-22.1020206115302,28.3569669397556,-16.3765116177542
-36.1006918476422,50.2883044891918,30.6911641994241,24.3039351240426,-0.75555026860628,-7.15052019601763,-6.65040870581919,-15.5970570149506
-35.4059481495245,55.7878866656989,39.004233112563,29.6139305024946,10.0294735154055,-13.8013272891876,-1.2001974977126,-20.1797152003191
-27.5636121173338,62.6240099865803,31.7208451563109,19.5357186946866,19.8015595836863,-13.8768239430132,2.58320828409142,-19.9263365110857
-25.978029808073,41.3321912527392,37.1310111517248,27.065356553403,15.2911962918181,-18.8402293581624,-10.7970281926396,-16.4118351023857
-32.6507630503744,47.8918691042091,39.6235090038328,32.0597508373342,19.8293922018344,-19.8003961062625,-3.80670791454828,-20.514048889978
-28.4429628737328,49.6652934566618,38.2649126832849,31.1906497374879,7.00239345574204,-30.1230501595917,-2.06179085334171,-7.27126123366212
-56.6290322881759,87.3430053789142,34.1986641240311,13.1429406333673,-14.6580354952414,-29.6496136102637,51.1107642147261,-34.3462192837203
-17.3498098938731,95.1381191205854,46.5156391642454,-0.209262094857363,37.4340741826083,-28.1558866707782,7.54097923817672,-8.62996188467211
-18.9022894604631,56.3898790882582,42.5435709046395,21.9428557930392,21.3348610110882,-14.6075030173692,-7.68400472804791,-17.5331985235547
-23.8125170053968,71.5923838511414,72.3633431716304,31.9222891398752,-7.10271423642704,-4.79797924386185,-13.565120991278,4.47391567391258
8.12641161033148,84.6135475148498,58.0929992350341,64.4538327742833,-14.0871553853651,-22.0213162596143,-2.7977738599232,-3.64397096608949
-2.78601271980598,69.7210985996098,54.8983221797433,43.8857980161448,-15.2596245445148,-5.26856811537038,-20.2738222167628,14.4564395313358
7.3298137652235,62.1568325614718,49.5851173972954,47.8947904802968,-9.46426432564948,-17.6268973006475,-6.86247298190494,6.51981183975477
26.3049803531586,78.5603476707434,40.4503815805364,61.9971829372885,-18.5786227486354,-21.2877777082169,-10.7330433707181,-1.49333647509091
-10.9057821654644,69.8524252067677,60.2198483775293,47.5115911936886,-4.66060479511155,-11.5662989278121,-0.616916974489508,3.08093908248025
7.08291068964953,63.5064016296067,23.73065792458,41.3864210891503,-17.7235609469342,-11.9146734775828,1.2067083767513,5.19655436847947
40.012954045824,83.473743435687,15.5298184930771,60.3100656468603,-27.8012693142057,-7.78151128421079,-6.36621766385623,5.76240308474806
4.72497255294082,64.6461876052722,37.1523924487186,52.6565361315064,-8.15145191491518,-12.7523959167172,-10.7242086244661,16.0067148906522
4.79402186559012,65.2913455766649,57.4184296745369,46.3771458436212,-8.57560913822633,-2.65267992067034,-1.78776693925292,16.4398271218109
-4.91937718428567,58.5916047011609,49.0242530283352,34.4358580731703,-10.7531959888282,-10.1852535007926,1.16397882388765,15.5415437407115
13.0413396449252,76.8321537802347,42.0564266964369,54.4862652593939,-25.9723206853971,2.10507550712945,-16.8742110984773,12.184534722429
-12.4089722524366,55.9545608330456,54.9045014484516,58.425842872251,4.72992618634141,-9.03435717495675,0.394609424400573,17.0197321575819
19.7492513304213,84.3405919984293,44.7759072829308,66.5216496318364,-10.6280008826715,-6.34934418089683,8.6605107145853,9.94508092889931
-5.35591885615965,53.5827449242997,49.0521606742474,46.2406917755384,-0.332741628889877,-11.0097350983305,2.31747882980499,24.7340889184046
23.9315780926288,82.6256871450083,37.7028398495904,69.4954215156061,-8.27814855029222,-2.08656912246425,-4.22390705326353,13.4649494015746
26.6650447111063,99.2663813894248,19.3542678887409,80.4028529239004,-21.4493269229179,-1.06025948945376,-2.04200886584499,8.23408830161066
-3.81238238927765,55.9560611513481,38.6857296576922,45.9970024639932,-7.00125629081161,-0.297923693153738,7.74158504450845,14.4676651256321
33.6508460390588,107.339314444141,17.7911452177998,69.6447588650094,-25.0788290185018,18.3264973822985,8.91386409070672,17.4366157973156
-31.0461149002923,43.683576210556,35.115034653511,27.2892138072648,8.44436910256302,-18.3317841557479,0.8987150047855,-6.52237822806138
-26.713567850136,35.0331086390368,33.0812424775186,27.5602255903981,10.4431479390667,-18.4623821721105,6.16589376017825,5.18305187233412
-29.1179242467104,33.6605901616048,42.5191519132781,36.4176398284679,15.5842154957146,-18.5481467385716,-0.198347661309563,-1.86856167341408
-28.8244377995452,42.48148022102,40.2313992044592,25.8680838797885,4.40439300386095,-23.5283649349644,-4.01810713778526,15.1071123793728
-36.9415493321829,52.2175047501218,38.6270037002401,25.3530063798022,-0.29860328839517,-28.7801573126962,10.7534359143913,-0.929574241466576
-25.8729783910401,27.1874398768304,33.3825035532752,33.9419720903651,17.5968661745256,-9.50726723579799,2.91100621283589,-7.79381162436144
-33.2737050191547,38.9123810021004,37.1012292926023,31.8578173582982,11.6112600019446,-15.8746602460944,3.96599308495503,-1.6396666671599
-34.8876981453572,50.6333425073114,45.2069734033452,31.6533993701243,11.3534903817177,-22.5652939682742,10.5634722337975,0.432563408557384
-34.1887787711945,39.7023315865935,27.510820155589,28.2560592244485,6.98335227554331,-23.5130373647069,-2.33320431440415,-7.44850953780985
-33.4782081174929,39.3781601636783,33.3892141210336,38.4460485971872,17.1931995638997,-17.5781489455746,0.990436582710692,-2.54914313194065
-22.8134969003183,30.3251065251978,29.8973605695112,27.5001850683353,16.8142976402367,-10.5596380014643,-4.02806646242897,-7.00011313524175
-21.9531701609306,34.1960577799245,27.0792248451943,19.891561786897,6.09248186656626,-19.8850224679567,-7.93877493052365,-2.18951630662973
-30.595031938507,48.8371332575694,30.9023319929197,13.3629872717698,-4.70989798757156,-8.7731630215449,1.08615309308774,-10.5910301742113
-26.8101629061043,35.6741950014156,34.1573578024416,28.7032581692685,6.96178477599749,-12.7081221372659,5.82163412563589,-2.62119313304129
-12.5662487414487,28.5635134738282,21.7477641217512,25.7401279363377,5.71782717907218,-15.414119977675,-6.77371473696377,-11.0598070054858
-21.4106234691229,33.7245765147617,34.8873720138628,28.3150257053865,11.1735130116247,-6.67343586082791,-8.39255033368799,-8.61138141838942
-27.3075153542931,39.185516575611,36.0688752967926,24.7595644844325,6.38436065906655,-22.2287318348356,-6.95490399843923,-3.57570562679003
-18.1094932483065,35.2045208104009,32.7397046472778,17.0838431611023,8.54964097364629,-22.7548007961966,-3.43340455331746,-11.5935956254648
23.7599806349474,62.7576398629337,88.1275579337641,25.538830810745,-28.82370648109,-11.9893313845341,9.85070718466613,-0.393902925870753
24.2352095576972,72.6169212210571,25.4055042943615,17.3282705247781,-23.0083566429728,-15.0410567094162,6.94408555233371,7.63908851781307
24.1995563761334,64.3877504891717,15.6735627640492,32.0796664324679,-24.9620042593999,-13.6459670157606,4.813280454313,-0.962995856922944
23.6026307017917,36.6568287985283,55.7907266029279,12.5659847250379,-18.7102080063488,-8.85422154207322,7.43824666534141,-11.8961936904079
23.1149682316667,70.4434098233389,22.593972162974,31.4655420894237,-24.0826323463689,-24.5013851929588,-3.93387763287873,2.43253372780754
13.3646541581335,66.8520271328307,49.4425975636966,7.42746706773766,-35.0626846306806,1.11738250745955,0.836769607177999,-6.65881291824466
24.3055728312856,64.6576328780727,27.3368653306317,28.0377533838293,-20.4175589318437,-10.8927410565273,7.82659581204596,-6.00661757616509
30.5991530752042,77.0265999002214,56.5066168155526,17.2532974099958,-26.2739690128941,-11.833023271233,10.708078359459,-0.988147464659149
36.8641611214318,68.5371715599701,49.7685974634109,30.6793031747867,-34.8920352452621,-7.18591293734859,-4.8962662425838,-8.53098844961804
22.0791935730642,72.8265752928433,40.7450515233904,15.9286194458346,-39.2839742906814,-15.9481313984145,28.3409446931136,-15.2711628437413
12.8820894427406,62.8482043430233,47.0806219176693,13.1690679981686,-26.9918250043591,-0.213241201786511,18.9248351300442,-8.37094574397668
34.0815941096966,58.4814671847379,68.8280662656094,17.5019392431972,-27.942813824634,-7.23988679510602,13.8102513137232,-16.978711667178
22.8062350686596,53.3430807882928,46.3071172199382,19.2517300888284,-23.9251621770853,-13.5583446710037,5.73864458524556,1.29406595687082
30.6269325806421,55.4304915770652,65.5282954001118,10.5754922443521,-17.3019273849483,-7.56946638206542,0.507606182208631,-5.73794014654152
71.3454970758992,79.0016893118321,27.6371041612978,48.2032980749498,-38.3275491412886,-12.4374136787872,15.2513904389063,-9.4520556382339
22.5535047257356,65.6740249735634,48.1038231795151,31.4683935265003,-26.8759329141276,-13.2567136685348,-1.37981621531778,11.3948867100372
19.4368842972457,60.0213816908641,64.5003672554596,6.55148273301415,-35.3255792659854,-9.35780240062388,3.49568785422806,-5.28604307392421
30.7411438241099,59.8180473254858,41.0386736725909,25.7479939546771,-33.181193037326,-4.56119981854047,16.7021510327068,-4.21022904634313
30.9037070933791,63.5273187372754,46.6886435254665,19.0009945823976,-21.3911522901587,-13.4935455515674,7.34484690908264,-0.415034816461985
25.6018518415331,67.4463332571927,43.0206707375855,15.1910781634932,-31.6014236514277,22.7185061163102,-2.64360867071863,-5.77906203841957
40.858031050376,66.4144856374441,53.1307408796145,42.8884296575119,-17.6978420978144,-8.81452657935515,6.68262058559253,-10.54462211615
20.4857810671869,51.207511379777,51.1152575033166,12.9129978447316,-15.3920910097705,-16.7292703188904,6.91882290124139,7.57246842998372
37.2402737805422,64.3737421525109,41.1986668207752,19.6983200852168,-22.7686616294526,14.8186425869399,-9.49105292307618,-8.86226635132739
36.853776435232,88.2100629394425,30.9626831358334,47.593417117376,-3.65357808595202,-12.7828592627851,-0.910428320697322,16.019921970546
10.0967272599384,87.9642749676203,46.1163377438867,53.4945228992649,-8.32540551379319,-30.2131343877104,0.458970425725652,9.82551063178031
40.6842066092843,87.0566647677711,21.8388806200873,53.6536475802756,-28.4329884967661,-16.6921341795419,-19.2657304347045,11.8393571191601
27.463884736853,66.4456291201701,23.595369928096,29.0453939043804,-25.7332422363319,-10.0490116216043,6.77399458521167,10.8624942487122
44.6511318566051,85.4351848170727,8.33929094344411,45.5746271529541,-36.2273939110487,18.0265969332326,-15.7652111140614,1.57886637275294
15.9744228601012,78.0776717209915,41.0135421820224,34.7812732546657,-25.1229669059124,-16.2471739642176,-1.29513859105137,11.3920342923567
16.1409528329772,56.8495293015576,21.750951115284,28.5978421213431,-14.5839842351685,-10.1695512522548,0.670636685267234,0.299546264674683
8.9668124793198,54.2024418314467,27.9452384445872,23.3321103153199,-24.1677571720207,2.04999952842982,3.0875916773153,7.06410008286225
9.75244172958122,67.2472069815979,37.825927212667,34.3335357035378,-18.669270546079,-9.75588638178805,7.283138942803,7.6550162595584
-17.8994395457075,125.22558556718,40.0576031680459,13.4527119725167,-70.6947175889444,33.3205398320833,-9.16979383488658,-0.425379598593054
-4.05756064949686,113.895665090547,18.3951169300481,33.2235322512427,-46.8068585256022,7.89349649922825,5.04526222749846,4.22703150491954
1.3920521197311,79.5694716823891,26.9420559198501,21.4964281219121,-37.6130168264597,-5.85693138785664,3.87188038526603,11.9786224110462
-6.46008540028124,57.217618709477,49.4585159979475,19.5263473040886,-19.409876874845,-19.3077315941145,-0.909016880780081,14.0844226859733
-7.83545851746704,91.1853688823974,39.5710663388787,27.0722206333923,-34.6342944296556,-16.0886684166668,16.2051769503821,2.92680345908502
4.54081014580472,67.7825620084702,31.9243003760145,28.5251554773054,-17.6548985961227,-15.5183219791554,-2.35485054741939,12.191034269976
-1.23618276648969,71.5583092095815,41.3176147869764,19.9526321700229,-18.7092530743131,-31.5697372259271,12.287035452091,7.69367014556426
-14.0222055310404,100.291814168002,31.4305936260145,58.3450994033632,-22.695188876273,-14.0917625794516,-10.7036103539937,20.3599882614285
-14.6235474521724,79.9415874710236,41.0720968676519,14.0373705667642,-38.937444562992,2.00422665725496,-5.69108274966245,16.5732256874426
28.748529708627,72.4157786803901,29.3026927309187,45.9113076064471,-23.4386954498654,8.5222540722694,-11.3868767931352,-7.69001446787836
37.3574966515023,75.5020611081415,22.0213313152342,44.1065426004873,-22.7709375034953,-14.5418406380909,-0.377632699439751,12.4831958067637
-1.65706480213114,68.6913470210611,50.4074363844495,23.0567392267335,-24.2313119566199,-15.912215879415,-5.48771973918365,16.6020507088722
3.54117023621826,62.5947660465472,41.4203637165525,45.3120271688111,-9.90690826527019,-11.6420487192401,-13.7775957165464,16.9211253407082
-18.8440334786416,96.1799367234167,69.3913988272312,-5.4935008810444,25.2585728971813,-23.8986427438385,-9.23516481141855,-10.550264242395
-21.3851198102612,106.381816163222,57.7513140327782,-11.7814795881174,11.3210423575158,-20.4331753431349,-3.2755640318862,-9.16804579570703
-8.81799413131998,75.561860482551,80.7480546133147,12.5420128017165,-8.55998502680951,-35.8526567156526,-12.8294642195382,-4.78502741199848
-24.7129460108445,80.6475963283347,76.7838659057309,29.6913239626511,-18.7064721146638,-22.3359422785302,3.02914375940879,-1.4890305395783
-31.0299153050535,91.0308163884331,95.777051798694,29.1151761925073,15.7504268601517,-16.702086108874,-14.4494686177096,-5.77851661733343
-11.4395195881772,62.3405179058274,59.5281679598328,10.9581572823925,-11.3845892388512,-32.5252921574263,-7.93284447817195,-5.07707055760148
-17.0565719916123,71.8453055057823,70.8483874812412,6.0146068574939,-6.91037484126637,-27.5577863383754,-21.5421246566413,-20.9682021936578
-9.26303127353139,65.6741369691128,88.0472492060254,22.492194378683,4.20982449408595,-27.7756221816332,-1.93539323255472,-7.6267230064633
-28.1976308905551,81.282874807748,100.549216999182,34.9325152963989,0.361924072650604,-20.53594357468,-3.4426180888168,-5.57315920016455
-17.894947612013,104.553299119724,87.1486954722089,6.25206864674345,23.1873146330376,-22.4770552733513,1.26904768059057,8.55979723921089
-35.6653853325572,110.050795224352,84.4969797544337,3.8402166005356,-2.58781925072327,-23.4547460025754,18.3412197481901,-14.0319481297809
-22.3589222507021,75.096564340022,84.1273349247382,21.4417678125983,-4.89324492943898,-29.0647366477199,0.563004383722353,-9.02899040301579
-31.2638752243318,77.6515203245437,87.5595547167654,34.2221446097529,6.39856546658518,-13.6998978360851,-7.88470778655123,-2.34362979732702
-12.0472317851893,99.9851292596715,85.2072937642389,0.439242099434901,8.88003170543575,-14.7387766110363,-32.6950984809556,-0.459605256718506
-17.9625840460168,80.475395395514,88.6314220916911,28.1866776084448,5.79087118945146,-22.3536757304134,-23.2886509329617,-10.584778102783
-34.8251693515953,100.788667592867,108.622191340641,24.9874045670979,-9.30499560556571,11.0621092327585,-22.8248653458959,-10.8740448020692
-22.5315448600776,89.6834461443909,78.7234176876568,19.7150102137346,0.468853594017937,-27.4797922245286,-4.51712577325394,-10.4388305009025
-22.0675600458198,86.5813409720046,92.2138799441108,21.9819627122565,14.1079275119126,-5.11065722364925,-3.61147883945597,1.34083381107293
-36.1280604438389,90.8440044608704,92.0418251620934,33.3267872373092,11.9096373853875,-18.0876600882721,1.79831130417753,6.74851995536136
-20.1698607779644,58.9570637290672,77.4756539742861,33.2671717734261,13.5620481055084,-16.5629572742343,-6.6120154812566,-9.07726492622752
-20.6477396865644,83.8915078414526,89.6344007629535,48.8303187907006,23.5092995633259,-17.3950595351979,-7.76816961740058,-0.0593045361404593
-21.9532530877924,74.0288536540045,97.3509472522865,31.5174985761022,-10.6716514306213,-9.94942114787507,-11.031994217933,11.2891847439394
-31.2383825801431,80.6610074233566,70.0300010901748,16.154639775734,1.01529213778823,-23.8484597445525,-5.56786287645089,-17.6856894943202
22.9338430279493,49.3014903174733,30.11613385795,37.8829600308296,-12.8296547374032,-2.58803073801821,0.613022037638908,-1.23982422288142
20.2470238984463,51.9935125446452,19.1401837981573,32.8166542671942,-12.7566683476662,-6.70401013492959,1.60719693178849,15.5456388760671
13.9754274826617,49.1405618938778,22.9198204695551,28.7680205419505,-12.0857147291358,-15.5218363951089,-6.41993762384297,8.35377358045172
6.7069648100553,44.5883312191089,23.1465439716513,22.3582036723271,-14.1575719881148,-10.6248672309444,0.50540768332677,7.04026278460404
11.8561227661102,34.079590424235,29.5166401949227,12.7879952280739,-15.6288632366004,3.77038709881104,2.23954080350198,0.402061410172114
9.07861656329722,52.6902609617341,25.7323592893099,24.9952538771154,-5.52680492129137,-14.3551344773557,-1.64456457166664,0.0186277675764903
8.55349778739338,44.2930615319081,40.7850028374187,17.2892450695583,-6.21315757856457,-10.7706442729242,-10.6939031758658,6.03522194778429
-0.267484411618849,73.0153092203719,24.8828021368036,23.5482588467072,-19.6819120653179,12.0170532618375,-17.7142998590309,6.77383650090605
-0.714237384435205,35.8979503438472,48.366449549827,19.5309757845136,-10.3778993778306,-5.14858668776919,-1.73451166724776,6.10109505364568
7.88059544350338,55.2154653315674,33.9778868296317,32.469277730874,-11.1337107234165,-9.52670735063037,-6.84072300488868,10.1422133436079
-5.12767720021511,55.9708384314795,34.6070467687757,20.7319100328957,-18.9498829142804,5.06804301818957,-15.5841573865576,12.8134399349014
-1.08430620510951,44.5718055431899,40.4600090048523,28.2239969344532,0.42659020902059,-3.41953865640855,-5.47749733660603,9.84825433541902
18.468090508022,66.8530893834023,28.0941591592719,39.116588202977,-9.47763714066884,-3.73187610469183,-1.66606286429642,12.2550195110108
10.3332550748209,81.9519255097682,18.5325528670259,31.1519051251386,-31.3965185231409,18.7033857261969,-15.081467672311,18.2314864602402
3.24986679063244,50.5775333652055,30.9519489293703,20.6843400617865,-11.3184634800011,-11.4292142689801,-17.8474663520713,15.460276491458
10.7309737112458,61.49928485148,22.4213682206237,39.8761024912037,-12.1529742509079,-10.6073126709923,1.26751438005515,15.4198224377076
12.3660578384736,55.9727789203242,27.8727669451907,37.322853462324,-12.9387522769124,-12.448422994691,-3.54553990510667,12.3387104457541
19.4049097366623,46.9413299815075,27.9921076399011,28.469804111019,-5.90812526058653,-10.2101241277379,-2.79779857298795,15.8219507752009
25.6481455267164,68.0844604124939,23.3908984922515,30.0843122830166,-4.06760112081268,-3.05152278300469,-2.07073222493297,20.9771121482749
21.7281150327482,70.8091357004956,30.0786139530958,53.1344485433779,-17.0343565086131,-17.0292472622618,-9.62950429646878,16.5951701329929
7.70640015144007,55.0196748781842,36.2534723771783,29.475882194111,3.36511844079447,-3.4619599496195,-8.49488867586249,6.29375235193308
-17.75066249908,110.117334226287,52.0049797136982,15.9357303259524,-51.0073257177328,28.5059162552252,-25.7841044782939,14.2058935106954
-8.96518542763936,78.0051526515835,38.4795812213319,20.6595232724926,-30.1952826734839,13.7854816140423,-10.883056594614,23.0265415644315
11.3058522089027,80.8125421816238,97.8043155919829,56.5590250969138,-25.7150098053641,-3.01840776874335,-12.1258139347591,6.33297519310853
33.2396142062363,145.831560530626,194.344634651592,75.2610874880227,-76.5485343734454,13.0318106075956,-17.4898012266681,-9.54392211214612
20.806447208543,77.8413026016263,78.6568241540882,38.1993996157371,-37.9884622563608,-1.2482636138118,-12.5388785613555,9.71718159251955
-0.826444796906537,76.5503804793403,124.336037098498,62.2519097240046,-20.9989043897657,-7.28898247753713,4.88738350987605,26.3805136042301
12.390385643598,90.7024665493987,77.4481352911632,20.315730071156,-36.5746725618955,3.57587546415424,-12.6367437469407,8.96199826047581
-9.90971601221409,84.0581054988803,97.56204621637,45.9861299547893,-13.8254902705,3.11228094849757,-6.20637347371419,20.6335961185604
20.798129277336,105.273112390884,113.497066187555,31.223500088834,-12.1517571188454,-9.43839816840908,-1.75008975792564,7.4113489498772
-7.74299374378356,95.1798860954818,90.5802271552212,70.7027224805535,-8.29744806186226,-6.5972454217896,-5.3640845011586,24.6756560176982
24.6325517489689,70.993032908156,53.4199472190403,46.2303750344758,-29.192591575734,-13.6062149718666,1.76314908464401,8.92895661549242
27.1183041649134,90.2326876842267,81.2165058691566,40.0490695530157,-36.7861237238482,-18.3513310608196,-8.93848287189107,5.81061769751834
25.6843946270957,101.267232028836,46.1714062176862,38.2908828711873,-42.0879831694717,14.2843283693339,-14.204952107109,12.797321870215
6.53472829668792,71.0673303251534,38.8866338848716,19.4807039582522,-0.0372093497403718,-10.9286103754162,-13.1071232371221,16.9406596587271
10.8333314168047,80.4180995858478,36.9145486751405,36.185436290973,-20.5052010903724,1.48208126995097,-14.1747745219539,23.9607299754559
42.9919310864968,114.796516274075,30.0053705689463,71.1975775044785,-42.9154328026402,-2.89486719230526,-14.6526425940533,11.152777790174
18.1828054243454,123.924250131413,51.4272886894262,55.5004572347774,-21.5030248211355,-17.4313560088502,-8.68585539130703,16.9809673097229
2.55548623408147,20.570106955188,27.3192496640565,4.73855344773154,2.7006588259586,-9.4117101572912,-7.11134927948314,0.140031958477258
0.85813232736,98.0030747466364,67.3630849243254,29.1919147457554,-10.0048509518182,-13.7886199054225,-16.5928420338736,18.5738885156619
-3.17540145111547,53.9795375672137,39.2835308867207,15.9708938048916,-9.45833479626321,-10.3002920172187,-3.10950782890248,11.1999294914567
-3.07487073643502,60.387668532736,37.3837455130831,7.24119956519184,-24.8369506667226,-0.412267647682731,-12.9054170958356,8.38106818336206
6.63361421009306,52.349015787398,26.5059460734374,20.0572475295535,-18.5458630915378,-16.3439931346045,-13.6628239027408,3.91890735391127
2.94389799432917,58.7383694517884,30.4060685007378,22.0107349677042,-24.7115314483163,-18.2548934799603,-17.2170504303072,6.77596654281245
1.62200416264104,41.441577269416,30.0864753878774,10.0466915313702,-9.66304702146641,-13.3397981756724,-11.1135712033823,8.15474108789923
0.847805233357218,50.0668708335897,33.7887427946862,12.2227779522424,-16.4375578401202,-24.4457211611957,-6.38168995152376,10.6289879362651
-0.533963426957899,63.0117294307038,40.4114775163631,22.0137583954169,-23.9226256525679,-14.1302317705358,-7.47185956676337,-2.76711742622254
-12.5954045914734,69.5320426007481,42.3378213132268,18.0073059012518,-22.4347994422262,1.66520987964559,-5.93836892920365,2.25798406832352
-1.43224550931788,77.8373942661216,26.38506216193,15.8717106168095,-39.7938797405711,2.07004652987731,-17.47883946018,-7.4758322587448
-0.72220775760033,63.5088530062466,29.3692730070617,22.0504162866048,-20.1995637383024,-16.8842623058025,-8.30411744741752,-6.31589728291739
-0.990900347898603,98.3742333925985,33.0840224804319,14.8652704703335,-49.9315174641182,-13.4463692462717,-2.5244324224632,-7.37795619002169
5.8695070188771,88.3610217636467,28.9656025637438,22.3728633304975,-40.5575733471138,-11.8820221305463,3.65572411175597,0.0300587758998595
-8.10516072412251,80.1837074049602,41.1413213894711,5.73779780823672,-25.7159115167638,-24.3934650629004,2.43167501236527,-6.42393418059176
-0.752576871156832,63.0677745155754,42.3165839245976,9.3066461816981,-35.7218439307677,-18.017196680194,-3.58288572572291,7.35040453447985
0.300549218475484,65.356724648729,33.5913818575662,11.0980126513986,-35.5287776429775,-13.8303037464263,7.08999751220344,0.690682286508917
-0.583009167533582,79.3713080852787,34.5555571012323,6.49341615697637,-28.8747401217931,-13.0585284373567,-9.3717387929651,8.10532673540062
-14.1123556122742,39.2084833395066,51.7628889774106,27.3735856571968,15.5719165368985,-21.5579104261671,-18.1500110605164,-23.6629841880704
-13.5382867840839,40.9601860061074,47.8872939670988,34.0517360768006,15.4326005301308,-17.2182481755532,-10.9776786276165,-21.4040785545044
-9.93678313832859,46.7510949117405,53.5015704947053,24.1720247341688,25.4585837055314,-8.99769612624452,-7.39058128572365,-7.60680504695519
-19.8268699085109,42.1198834409465,51.9093598616998,31.8165878367041,22.4462918114573,-16.5521966869562,-12.8027136600263,-14.2496105684101
-15.515473061617,34.7212143348965,48.9738173019283,37.3465044033233,16.4978989661314,-9.99640328427734,-3.85284305841055,-14.7055128134986
-18.3487680542813,37.4437989910936,56.9867969180457,34.5605777405993,14.2028370599487,-18.4934400886213,-11.3526781971666,-14.0323088725417
-13.8856093652588,41.0032079853048,51.4002813992201,35.5227120364899,24.2684297140813,-8.68105431770986,-10.0597963642847,-18.7857927879056
-23.6129692125197,38.9858012461521,48.4286113253616,37.2822671463488,24.9077086000071,-7.55491674412165,-1.81963743829622,-15.936532294804
-21.5735292578248,41.695693713143,52.2002797201606,41.2875766340818,24.3650421920363,-15.005642005069,-6.11652320116561,-23.5255633492805
-18.2907146801771,39.7521913890487,41.8458585106001,26.5661118834766,25.2077015170805,-17.1774056474361,-12.5478857287031,-13.0178599845028
-16.0678355119018,44.6733493016623,52.3978485928991,29.0587729871436,15.3243903452163,-15.1420854549242,-12.2041163155923,-9.34771943025238
-19.4453698498749,37.1652635729484,49.8207270762272,37.1243955837492,19.2907302638396,-11.6572103653184,-9.62794040740622,-10.1319961517595
-19.2302257455163,37.0623128357243,44.2749107472284,31.9276740959769,25.6717853971717,-14.1966000504756,-11.930760435311,-22.1620651118
-26.2634107021943,45.8003153268349,62.5750632425453,45.7651865169595,12.8461552201031,-8.17018037108465,-13.675474201467,-20.7105722163703
-20.0847268759982,37.1948025351955,58.8308273103082,44.5173481727535,20.1735271635665,-10.1003423350595,-9.68439374629208,-22.572432513126
-25.7733555077054,40.4489361301504,52.1831907673382,50.5496428794504,22.0631763138088,-13.8689295517707,-4.45248848907356,-11.3149848655998
-21.5936796907021,38.15252557576,63.2398084182587,49.3133226407606,15.9239761135699,-13.4588878409319,-6.99516375785781,-18.4398647112437
-21.1669106425431,36.9670929417688,68.7582568953238,47.1826923637591,12.6987359863047,-7.40170879107871,-6.96215941053844,-18.435542022967
-18.5816649758592,39.4220349487949,66.0303679782902,41.5709146750759,19.502826632541,-15.3547991417406,-9.50165920611545,-14.4712798076234
-20.9964807635232,36.9403406722584,66.0766285165331,43.5627616654386,12.2243348504497,-7.32672177473154,-1.77387585214464,-13.1615456801401
-19.6180637600567,39.2921708409182,52.1716526887949,33.9480891904723,18.8574083142496,-12.9446760034706,-10.4073255593834,-15.5911251445755
-19.1997813615165,35.6921595790256,39.4689880973166,30.4160693354096,13.0241431545179,-15.8257364366536,-12.1376629359804,-16.6089606893368
-10.9527369319035,87.2941717664177,110.822237907577,58.808055652853,20.9053572039853,-10.2961760978209,0.336927981847728,-8.70849880262901
9.41379199774376,130.336770133713,90.0066958957048,64.0095319350357,-27.27426647086,6.02465940041673,10.6810058812569,-18.0619276725794
-5.36700600072165,58.8942221311633,77.341927374944,39.8258197944635,12.8815548475464,1.99109266797294,-0.00371477131553427,-2.28766522771682
11.8334669662546,83.480768213058,93.9443888439927,50.9934617257737,25.9708955266904,-10.4894177027125,0.800857822663967,1.69269274293191
15.6026135364441,75.4828725220526,72.2998151102357,42.6927256108187,14.1122184948836,-16.0006921193899,-1.90483054918692,4.14651321379018
-4.69191164658091,84.0488536433245,84.4317398382306,41.2141176946615,21.4671632717746,-10.6831335348879,1.32989555082365,-14.0748725901994
-4.22388954649611,88.3690287375969,79.114098198974,34.7980800516204,18.972066108007,-20.2436484550931,-7.13197163456353,-2.0947092075994
2.57338284043937,71.8527652059804,81.7746189470851,36.3374496212472,18.8945370468748,-15.7067575060742,-7.23503386411474,-12.1068756569764
-24.4589643728756,98.8504696294508,84.1334552142435,41.4285640838927,-9.95393155048044,-3.95780851038848,10.9870029341926,-12.3880877540687
-4.77880909897841,59.4520004149491,82.5038770986204,48.4602742566739,15.2028628760435,-8.14830469326716,6.34524685967178,-4.07256262460588
-1.07453471322324,74.2487639731198,101.494038456019,44.1609737151806,15.6826466796651,-18.6928535034525,6.8685920018478,-4.61262817433806
-8.89371956581556,65.75895146227,81.2376437700241,47.0112310579856,2.3276421424029,-19.1881886826976,2.03091747062677,-10.0283667410864
17.163368486126,71.958126936345,71.0572988156861,43.3378026223862,3.31110127359568,-24.3778168984154,-5.37017161079109,-14.0017519221516
-1.66666995066068,94.7073400845205,72.1766794765974,18.9224356411864,26.914262509503,8.3395916680005,-10.164087710584,-2.14469579595462
1.79027319224729,14.3981979013322,6.01190771873157,-0.866768955884148,3.28967118097771,-2.11621662818441,-6.20761587420647,6.05787936718171
3.13847530012328,80.2742790305442,100.272279530539,42.3443412174724,27.6633385332063,-14.4232490228813,-2.07169852735921,-11.343749240247
16.7927782194948,95.6650721821707,85.6370514060197,79.1914647887891,-2.78101627946847,-15.0925626282062,11.549057745376,-7.72473138250679
18.1815664139326,73.9573040221335,71.7556268889649,49.7867610304039,10.836052884364,-4.02639265908849,1.24536829301855,-8.66452133839687
20.3759319879687,75.8312852851321,57.5706782344644,70.0961308757477,5.99864107208632,-10.6243301757636,4.21495764964899,-6.93333593606172
0.947151493053802,73.2426344836091,65.5714550872303,32.168802374391,17.0481877360469,-19.1992326133011,-13.1612969406283,-3.69272305458416
8.33149492069997,81.725305447235,106.729726870018,47.893978068687,22.3930884424912,-5.35927226017245,-3.21127957153766,-1.64088367613014
-2.09891610660572,73.1703099723231,86.0241399007631,67.0375981626335,24.8104877826675,-10.2304728066469,2.92738853940782,0.138536103052184
-7.39608802420538,64.8100161214109,99.74991486111,56.7408189563699,18.915542551266,-10.5384524530884,3.93193124012361,-0.746502470320859
-9.88750836812563,50.3724772688758,59.3578368144161,31.4676702547467,8.32564679348088,-14.6203998728819,-6.00932704876908,-9.07600334970169
-22.8516221933,81.2687450458386,58.5759683854449,33.2661656753868,-24.7434419824019,5.72446128923313,-3.84546616577867,12.4808964217765
-4.8924943008854,63.3151362310813,55.4683051037333,39.7460798062828,8.57642554080799,-8.15566275845389,-4.78664766170784,9.17892589114257
28.0945649832988,78.5669595274886,39.8206567618138,59.1447824126726,-17.9862998865618,-6.21027541270625,-10.3012859781317,9.7462942028562
-1.52671830432499,79.4475067091632,41.8208255806085,55.1314413339967,-8.72547551352038,-12.6090039236874,6.1183794441603,12.4509443646665
6.25023772312045,70.1937093684324,41.8668312192405,49.1124934568593,-4.42211402543449,-19.2149143167222,-8.84569502526186,11.5322435587349
-1.65680294783606,77.5369629563929,52.8612893204186,49.3760734629045,-9.2064163239527,-9.34575537241123,-4.21623964758013,5.70454093411019
-22.4237758649446,107.204108192521,52.1459466995593,18.0360762118804,-33.547865925387,16.0126747792617,-11.5298600703214,-1.2595499451045
19.7761967085338,93.4553274681517,29.8629683288783,41.7481603268603,-33.9932607509405,-7.79122297690084,-13.3603599288532,10.952286659629
10.625669671442,123.994616520955,41.3475890595732,77.4516719296952,-33.845681528926,-24.7901665789324,2.5076653014982,3.36318879261084
-39.9299743384767,147.228064007698,61.5610598971949,-8.67003426270508,9.65213962208327,-17.6082772215924,60.5204794229662,-15.2601546849236
-23.0311908891862,78.4247147914426,77.2850986944199,38.7840253138695,18.9323465548832,-24.3881887911923,-3.77170323643087,3.20000857966738
-5.82459754905069,103.387205147847,59.253142912561,27.9524124420369,48.1743661315799,-5.90778910900527,-3.18854869858915,-1.09438427056395
-39.8850945790175,81.7502553561558,47.9851373025136,28.0720858330768,30.0431168871967,-10.8415215024269,16.2334342489557,4.33786166616115
-19.5049303830532,74.6971063381754,46.0848157552415,19.9817468409939,27.4743744051088,-8.57757775199573,9.9731177461154,3.84849467295843
-22.9360532843671,65.0151638435933,41.6479859143338,32.9533786488321,8.54709544852416,-13.0848451127462,2.16423627870702,5.82520432827442
42.4639035532479,73.4888500418041,59.5294208340595,41.7487339851519,-10.5576143901228,-8.27966968796313,-8.92703107369133,-8.29927401840244
45.7876456918732,78.3967531782709,37.5949953673517,46.1966077479873,-11.8540659132998,-16.6757676967131,-16.345796347686,-12.1441449813006
37.1745226700079,55.5443182120546,45.5973849240329,29.6770454944912,-18.2020161376939,-17.0864200229364,-17.2874852646912,-9.62790066916285
61.9325282591939,63.4611360403407,37.6179539062571,46.9462970663504,-25.6052688677281,-9.48997115067685,-11.1688321440854,-6.18154120533002
-8.64063764870248,117.313171743093,70.5883681080005,61.557436913418,-11.169277709936,10.2423972187709,-28.5583582403577,-2.1832725961057
32.2629664323884,85.3080665604818,52.7666966031933,44.9209418604335,-15.2868894490195,-32.2286506081324,-29.0041349903904,-10.6732764064369
27.8233160081564,73.0440392294811,66.9441414397216,42.1370468700086,-21.3947771073631,-26.7262941229325,-28.1603844196026,-23.9132518158824
39.5652270523953,96.9489109902349,72.7283823916908,32.4160555715598,-8.14723832362252,-14.3443627111026,-19.263466928071,-14.0082490055403
21.356867134999,53.5809659315378,72.4289060363008,34.5635042097451,-20.6418867108754,-27.3032029167081,-21.6083369816556,-17.8007971268888
44.5160665328453,78.5104367316082,38.6410005785606,45.3769427608439,-11.0292470001086,-11.5546316121805,-16.4292995645843,-18.7613499648968
36.2550177683152,79.3030810202148,38.0170830342915,42.8370422683087,-9.63302031890364,-21.7603452859942,-22.3565995080293,-25.8710609451411
30.4275923661784,66.610825813383,45.8979920715826,38.3612893899968,-15.9809868182916,-5.57887464297516,-19.9119433918665,-10.8196465970274
24.9229036130427,72.4134597169054,56.4328000377868,44.8827099498278,-7.33887079164595,-18.0074035425599,-19.9747257110456,-19.3154524825115
28.4459253095399,46.5104835023188,46.4733866597458,19.0083555690699,-9.44542347861788,-6.37304983728054,-7.96706416710576,-9.96666476276377
56.9041223309565,82.2740151193389,35.1874740484595,57.1743871399625,-16.272617798321,-16.9376982286918,-21.9450024783712,-2.58329719367562
25.0265054255469,42.9838092112993,52.6157065456963,20.4543194363893,-12.2681961694271,-16.4024688295068,-13.6194473293692,-2.03533198695795
36.1318941082475,53.9118979045845,40.7293091864202,33.5075381937728,-15.8369294393299,-12.0079367150173,-8.53500476456955,-12.0253355169189
53.7774052033357,85.9095278325607,34.107097297666,44.419157607999,7.37896643020065,-11.8816499981574,-12.4611528027794,-7.76601041685936
39.75566726558,57.1538514789042,46.3792747155121,42.518328043009,-15.8511537589759,-4.7174920191953,-9.45166445484633,-14.315998419191
42.0353730825004,70.0183888174426,50.0976147073067,43.2582888374468,-22.8898309999459,-9.85334827244207,-12.4299232438246,-8.00641637308122
31.701928464003,67.6949225016866,45.3483662365466,23.0895147622728,-7.08647598013195,-25.7966346380073,-17.7723947653179,-2.63137812364887
-30.3864509921282,37.402032639837,39.6224500935249,38.3087483468262,16.9470057667129,-20.0145627982907,-9.51282364156103,-11.6609556643869
-28.0161570770722,46.2673599418834,48.4279005934717,46.9257283753771,18.8583029741555,-13.2550838379975,1.81923688405125,-0.434702251417407
-13.2713977379319,42.8364766272589,53.656761978648,29.830921686088,25.84154855564,-8.60415547345799,4.42494307718272,-4.56647957368235
-24.4622819627881,43.5808163709479,62.7479110013642,54.8393953078437,24.7229159988803,-11.9807770009558,1.01274384074913,-11.9265873539306
-24.5031964304398,40.1477553381168,55.554945834066,55.3303160146813,20.4673552527007,-9.08527464491321,-1.39425643176382,-12.1877143051742
-12.0927082088412,41.8684312032506,54.2956909990302,39.0638418156626,23.4033555474188,-10.0956435873423,-6.79009382557121,-15.7091975822068
-20.527700449332,35.4917935817385,49.0331367510258,40.8669951668514,14.8267717601921,-9.92147060597664,-0.198625683190111,0.400220170772096
-30.333902399164,46.9899768955788,65.2089890609673,50.1974693092411,30.89840212523,-6.48453354593209,1.88380697161642,6.92685093402499
-23.6966782730451,40.5161687372925,57.7410083744998,43.4710326422432,16.0991108352179,-18.4333334051512,-6.28331263289571,-6.43716718394615
-28.2240447279193,42.2730515050715,57.628312408309,45.7774520025328,19.0758711767934,-13.058275315442,-2.29478266796416,-1.99937885531916
-14.5627548736364,31.1682046492727,42.8371154567175,34.5414438074715,11.1677999583699,-13.9259057112868,-2.89174180788541,-11.456643564872
-24.3177796646158,42.383020921839,53.1427339447922,38.8651425592085,22.291717248287,-22.6941397245837,-10.7835230906613,-8.9485298417346
-24.7198570617119,34.1204163206261,48.124923484066,40.4597836318251,17.741352711369,-13.37862713376,-4.6103548994336,-6.05236558939913
-21.1919902629572,34.0050926817476,49.128123491558,36.7386740067248,14.8469321452832,-16.4215325880097,-2.12556155262092,-13.9594102723894
-21.1781550045647,40.0701848776625,45.626775809291,39.482251224008,24.605477707459,-16.3340249543224,-6.67682626147852,-14.3874448811513
-19.9893596885422,37.4672389474241,51.4177591302629,33.9042299088482,16.8957205715931,-15.918197629763,-3.3566087361926,-11.5811100633416
-24.0995490614338,42.3032385170863,58.1728828503478,45.3199684155365,19.8381054502816,-22.7339533989751,-8.51486283470271,-17.2611497836438
-19.894123214835,36.0929590574058,44.29994287421,40.0015056377184,27.0165288101387,-2.22326480743425,0.614113147482917,-6.74515404269868
-15.1361528978633,31.4201534313021,40.8753771898707,38.1742520675914,15.4675289188333,-9.78303555385624,-5.3757007807174,-13.3798060197504
12.3448179383383,143.02304133927,25.7057410428658,17.1425442282777,-23.1207317154967,-33.9087060436005,27.8651271890876,-1.62493189545552
6.97126402017183,135.080250968539,16.6854036828164,21.2439468274389,-29.9404988135773,-19.1308487142714,4.29240290922256,-1.15332979569593
26.5157860625332,101.328844138598,34.2108360059767,25.9999033034448,-17.2661300434139,-19.3222212337432,9.6057621118052,0.584441739263554
28.3494864635655,140.084751669573,24.098674964555,33.2100784502145,-16.8136059324835,-19.4780727140635,-0.0173479289706889,10.0940348605616
30.0319880169718,142.313414256944,15.0916895912487,36.2159085246506,-15.0178717977353,-28.9715225979031,3.72572785222013,2.96690566289483
-4.82572422877213,118.732873619157,17.788808582267,31.7924316046483,-23.4365856971985,-40.1431888319449,9.90142018538688,-6.43327733636998
36.0078237735348,148.854862832488,12.6953419417231,15.1549137171176,12.4416225855023,-4.31163250216438,-4.43555860848307,3.79097796818496
17.252149060882,101.771924811629,20.9014124664796,27.2757254832779,6.10728904282753,-29.9743441535286,-13.8426515492146,12.512309288566
4.49391670362346,135.301858215666,28.1463838954565,-22.3232680418865,-11.7720801841292,-4.92264122365607,42.2890156247289,1.42895624192129
23.699283214245,106.887387974192,21.1704447593471,24.3311697983192,-11.3706824749662,-15.7337021520908,-3.41172952712436,14.232180480897
50.2738385703745,128.319538754239,12.7820529550998,19.8590770583945,-4.69492228985901,-22.7822886651319,19.4400945946168,10.8908507633705
18.9427055063628,95.448826601287,27.5668438996159,8.92950437753929,-36.6739861488631,-18.1867561330125,41.5617441590178,-0.157534365958242
29.8551404111871,100.838204250685,52.194874684571,-3.40740782902516,19.6310085460936,-21.3036858848689,9.62898564935236,20.603553482004
32.7182660871458,94.4195188424283,36.01561704163,9.71235458980832,-12.0988214685992,-2.98075045423522,-4.3949225924579,16.917746862286
38.8435541689792,112.412012725376,21.7015759083426,39.5386332320938,-34.7149449179581,-28.0810267023788,3.23362676369777,0.528090767884496
53.3344720606777,146.865545879575,22.6469553966047,46.0428875963778,-33.752168603038,-21.1758241824657,11.1924811259459,4.26901312978063
20.2315466046996,123.514985541817,43.0965714881935,14.2666834418783,-6.64502618312202,-29.583483650391,16.6727868824894,9.57203503614775
38.1004096948415,95.2026803872079,27.2178782280873,10.5886138583982,-14.1012665478302,7.99888873425281,-6.42129995727288,10.604117232491
46.1826966685621,133.814282160173,17.8636644559277,12.3283522996892,-12.6473648642244,-16.8052627813166,39.339132684784,-0.22333916851093
28.805981275482,91.9784397325434,26.7791569921818,24.7922059729349,-19.0300819719461,-27.2490997815468,12.1056709078448,12.3144142821293
35.9444021209468,121.266491350946,14.329594520752,30.579630631681,-20.5147209688534,-10.8869686490733,-1.80854331661037,15.0983988644895
55.8691939310338,103.005641330892,12.5848033926423,45.7594371244154,-13.5531283719533,-13.6995297571773,2.1121468511872,12.1695603856389
2.10180615571727,57.2365129170383,65.4259828263221,21.2499189592725,-7.21574391536413,-11.8108895144798,-16.6265998498028,-6.40764642572094
5.25463950105004,53.0545613913437,66.235114897742,23.2208604371848,-17.4515555616176,-5.05599489048592,-14.8620921805511,-6.34217863615766
-5.78725061674651,56.450195101409,48.5937702086178,23.1192190758365,-13.414268156838,-22.2027427827625,-14.4707544119373,5.6367224544332
-5.33165663475906,53.6906637898675,40.1102556139771,1.84248818303503,1.08364404694907,-1.80639214263863,-18.4468820351486,-5.43359350395043
3.15977801208424,49.9000990854661,62.1023997915286,27.2320689817966,-3.54868855237029,-22.5915801126237,-12.3524841345192,-1.01843389557457
-4.86466799858654,51.7978866145254,56.3451086131202,17.6170776579036,3.88683978309304,-24.7197276783757,-8.19377181476619,-1.38815257401625
-17.4096711349883,68.6231509617093,48.4531613652985,24.4648171719026,-16.049534676336,10.8372893630684,-19.5431257715672,-5.04227804750379
-16.0517509321104,51.0224574212151,61.6476925498011,27.1254488522837,0.238035988400738,-14.6092790185633,-0.6701590144374,4.14342453324442
0.00597987234337882,43.1586120321836,73.1550130495497,36.1644743506539,4.2946676857197,-12.5729044242298,-1.92843372371716,-3.83716802023862
0.750738430784254,51.4338046347949,52.1368079247718,34.9290840663756,0.14234127164085,0.35862181772245,4.81110975323989,7.56290395335378
-22.4021225284592,60.4308813356715,65.3294751490924,28.1630706067488,-9.53746318414021,-4.23965780658235,-22.1528657677109,7.69549305562847
-12.2862817042368,61.1166337566722,63.0969768677019,33.4436030432251,-3.40780685118559,-17.4299055276212,-6.96621550754533,-2.39699315374396
-3.89604308021628,66.4072490901207,53.7628199515959,17.6893633653981,3.91096138489965,-1.57152494643116,-17.1969005500048,0.415474088100541
-3.30708730669778,53.8660398495441,67.6094668080742,46.9770545455813,-5.14095931429044,-20.1521206124929,0.701115109514925,-5.42784449761277
-9.22163541478307,58.779963651063,65.3330700726474,29.9145605986337,8.64655817575021,-13.9478841958361,-2.55973653460155,-4.98201132455288
5.47593658020431,76.8765385409205,62.2655705801618,33.3833334602824,2.05850168420158,-12.3294886223562,1.78509734060323,-4.579166746989
3.09679622630794,53.6433949655931,67.1767920751834,40.8087473573146,-3.68927324622444,-12.5297639040414,-2.68824979634267,-8.18745428779097
-4.91502715055349,44.7277352212348,54.9563114870037,25.4722421113144,-6.77479457868054,-10.4425776809995,-8.30940130173899,1.65732480890835
3.19581001001419,50.5563728393404,56.4324601306524,28.24752346666,-9.29277997508734,-21.9889414456972,-7.94785410666999,-0.223528184020965
-10.671436649104,64.8314516051124,56.1280932290769,29.5922608089859,-17.1514536919499,-21.6968400075073,-3.47334583750433,1.40374736500135
-14.8855041102997,63.0947872411833,55.7349715404135,27.538712281427,-12.4792290200701,-19.5065885983852,2.28715468116579,-6.06202072315023
15.532941549698,44.7732052701102,47.9576453182374,23.5707317931457,-6.27016705304132,0.770723701654116,3.82578923786058,-14.7296136497335
-35.4988765187797,46.1080972014692,36.4181197725325,40.3348914266878,28.7827341536549,-13.8028833347905,-0.251173501492455,-11.8339148739239
3.61334796382692,39.1050554637248,10.1307794786538,4.21385447261686,-16.3989827661982,-14.0660777517538,8.80387309560934,2.31614220498261
15.9125530194924,45.6822211720451,39.3164394277888,14.0118791703114,-23.2937600305277,-11.2905488450601,11.3561812671594,6.43735507445763
10.4555108195858,51.4067497305314,25.8588844157262,6.53953745008093,-27.4470687103931,-9.00513552197291,11.5561532603951,9.13341891127873
18.9354111468443,37.8382355697386,32.3661924681741,14.2978505651039,-24.972854433194,-12.2067699244669,11.2473934320806,3.60978256310524
17.7967305990988,38.3818696253666,52.6306785699642,10.4769507913156,-26.2655356216349,-20.3620172172925,0.429121784094244,8.94874972444393
2.03123709726474,39.2371208584119,31.4833672158052,2.75085181225729,-20.8444695925646,-17.9767312434177,8.26633555034091,12.6619358872674
14.3589934808886,29.6618436333966,42.3867949649283,8.59215201143775,-20.3671453929522,-10.9495822004037,5.05893036899849,13.2220975532499
18.0104836502077,53.7347361778952,45.0997284602555,-2.6008197721077,-9.09655038399369,-16.5119362380797,20.3461007214193,1.7183083897447
12.6653690547963,34.8705742778842,41.2463947522752,12.7677040300255,-13.0893344118049,-12.0562401994076,7.31976691616627,1.98931139177382
6.67126906667659,103.296692058194,29.5101926207546,41.8224597561371,-1.44863502527862,-24.8162076688872,3.16836162528134,13.0464368829281
41.6280988233161,120.992959771851,17.087126511643,41.1923028126372,27.0323442360599,-21.4201704527491,-7.48820545761185,14.8438276320645
1.03816842208913,106.896162411475,35.7883448210433,20.0844112141307,-12.1137998257205,-28.4824085366655,14.6720279298647,14.9423652217853
44.9261023273738,104.636241174054,25.1054813873253,46.5800182999376,-13.2785884902323,-13.2818953541393,6.1188741316755,16.7569696373915
2.33456837060691,88.6379715499018,25.1038780085552,33.0723578512654,-7.63018596747043,-15.2677606947556,-2.88720448878983,16.3836494665827
25.4337919009973,89.8096335750104,26.0983816106899,54.7612452545349,-19.7305888658216,-16.0905079707544,-10.5626272394291,13.5315376212964
36.883987388613,100.796000802805,42.5941144781225,43.4705426869407,-5.17973697502976,-13.1179647655281,0.754588356783516,16.1245692371206
62.0226043661697,125.674522941835,-2.01453591372652,70.3672658010587,-22.4563129877038,-19.9354532886322,8.32681728746056,11.8070789563704
37.0984843026887,100.24928633675,13.3612190823647,44.5744275696877,-19.5734899478114,-15.9880268367563,4.26811927351016,12.3951468772719
54.4786894787896,125.954904958292,9.57823034097977,56.158822981179,-2.75592503750285,-15.2437314774455,1.62726245935994,16.9609341289883
40.8947277503832,114.418532061001,5.5154388971191,44.2856440422165,-13.4908664038936,-21.8976687695464,7.3328906975907,12.0266400242797
55.0413529893229,113.593481573081,7.00859334858966,63.3858440850128,-29.8945477158694,-22.6345733022122,7.59136739452591,5.53807397694214
22.1658076523138,100.26644062306,31.5102791716057,26.8408138166994,-28.404786864464,-10.4514217327765,27.6944601658075,1.75487595469793
63.152722938257,103.282878736663,8.97224110384122,60.8409208757027,-30.7276501917983,-9.29111468435753,14.9768998153343,10.3710794834401
28.3826913712204,75.81642656444,28.2650313106153,51.4922077049225,-17.011938641384,-19.5354498627094,-6.04819933127498,12.040562946508
25.0572802574148,113.244254402799,15.9000513435707,40.2713228325608,-14.5963902142092,-16.8016150800258,9.37187350385355,13.9922186787885
42.0050304209514,112.499827851813,11.1280317547349,60.1437094307594,-5.71240165511319,-18.3823985048303,5.60206982673039,14.0264682612546
9.2677405233581,115.775854626083,12.3936270995395,47.2297573213211,-20.4667003783321,-23.4186849372488,10.6049162572545,13.7643243868381
30.8139041927762,122.453841715366,18.1936441538198,37.7667234590081,-22.5379527633538,-12.0313155770111,13.5944109178739,5.86453560592272
43.1071792442703,115.414449943159,25.0707652536514,45.7619167769284,-12.8857263785768,-8.9181196097561,-3.68601426470268,4.3271345594121
-0.764238429801587,47.992537312147,21.2807066164208,6.0334756186878,-11.0010150322026,-10.7242656395991,-0.0405434395489161,16.8600505860342
5.37715362266503,33.9772253584053,-4.43097983265671,2.15588658087288,-14.3647669790578,-4.48551179158403,-0.379825914656524,16.4394569558204
2.90361384227423,41.1822016376633,23.2396906837817,6.65563788147514,-15.2297478688944,-3.16836925138309,-4.87089477091537,14.4178488325252
9.03578926034459,57.2542488767703,38.1628239029804,34.1644343224346,-13.9574515639004,-2.19821158640638,6.43757724789794,15.9511589801239
8.97347905546444,52.7692988736884,40.2512756712767,19.7991201195147,-23.1997145279442,-2.03026343359738,3.98996855165946,16.364870944421
7.05260130726807,47.1869906782738,24.1076251170616,10.2686012120333,-16.4111504601308,5.54000090342096,7.3925321753488,22.7658519157346
13.2524030354683,51.4372917203333,-4.07090824575827,22.3269160447119,-12.4533874866696,-6.24190649468045,3.89023053673584,14.4223370115581
11.6169140296074,46.2598561797498,51.2582297407384,21.3242282145054,-15.5796102031645,-8.83545085431146,2.83605926609586,12.097010562722
12.5070797379626,65.8402490763143,41.8605579134803,24.7450770443903,-13.3754433288934,2.23386194906075,2.42922685481964,7.22451559795667
15.6689793440591,51.5519311703302,47.1725670099548,24.820753075687,-21.1093057594397,-5.7373009596007,-2.05692016749939,10.0435515480651
12.6196059744749,51.301440779164,42.6863529682376,32.2741463088162,-21.9958648174808,-0.402617643335687,1.11007884804255,10.7740595943812
3.14752799943719,56.0380692775676,21.3443930685241,17.1284791866659,-21.9844458783829,-7.99488530640279,-0.901117735654744,10.8177938539453
17.0984250090392,37.9952265927342,-7.39415800011827,9.39221038518717,-18.5339107055724,-1.31575059977147,8.61360549102484,20.5003387772863
2.43883600633134,60.7417144517312,41.4546509375205,27.833668638741,-14.2912412387997,-0.364193599041811,5.71690537819675,9.33289293512788
23.6140245018695,56.7462032978759,45.1757218337245,24.9072219176852,-16.5622102752242,-3.79767022247204,0.639833077499291,2.81463419488392
8.97608070410816,51.9037001831401,48.5276459740126,36.1853541040438,-10.9967304885834,-3.30489088578227,4.68430851294104,18.2180246030701
-2.19925390366474,63.6114472166931,42.6384599556587,14.7047390191038,-34.1543389999668,6.41745699924457,6.76749268262797,-0.968142492004748
1.56454704799234,71.6880915495213,44.7018706597136,32.9707821511564,-5.71858213799741,5.47303717319209,5.45852607736112,12.5901456857922
-4.21054132195225,59.2514907123325,46.382024948971,35.8904208474162,-12.6673075423445,13.0877065607697,13.1727973402379,10.3183685078549
-16.022498877267,81.6397657511071,60.6377388239657,27.2807008078464,31.3525829225422,-16.9174993981283,-8.18764140071325,-8.49779180995116
-23.3136242080653,73.6243784024139,56.434642756782,25.6886877978687,16.241332988114,-21.2840011215196,-10.396354118982,4.25498375357402
-32.1054557345261,58.252772464621,55.0379398270843,28.5823342007953,3.36588438460487,-3.58002762505478,-13.481070539339,-4.68827484382787
-45.231275223652,74.477935999789,75.6748442548315,47.2674320232299,6.42600277215382,-15.7504691560994,16.7566362960088,3.94986580152518
-24.4850167568425,51.6073319840862,49.7249940830439,26.9332143074976,2.40052549019841,-11.8348254522457,-17.3842479951522,-4.170597146135
-15.9665275324296,93.0509855242179,78.7101233486745,14.7200086672236,46.9478001751585,-12.0600076969188,-4.55312680680313,-4.67550319875656
-16.6427793818023,76.6957943497033,66.9177340447431,32.3527279473278,30.9268999706028,-22.7456259552716,-11.7674384110361,0.127602566127372
-28.0266035847232,72.0300088956363,56.1912853545142,14.8723306040101,-4.74187115996724,6.03248266746979,-25.0876715770108,-15.268908852109
-42.0942924545708,110.252199835079,66.2740475188825,12.9928966689188,7.34688593135393,-23.4944428410039,-0.282044051073538,-9.21007543755467
-35.2935555014049,89.1919109516791,48.3594446457281,12.5413563386264,-16.6049828661683,2.43212951400436,-4.40285672203011,-12.7839360785321
-16.8385961107225,96.5673697223094,82.3263773915439,34.7510787471205,25.0594392598679,-9.00729399755559,-17.7731628732088,-3.36710512531773
-18.815947297032,55.8481057647717,52.7656217651392,37.6304413809627,20.7356592732606,-6.77896890292855,-9.20330062799169,-6.0448179871333
-23.5661121234482,101.076659703877,63.9499693864355,3.65233194016903,29.7336920865336,-19.314138598431,9.32568837304545,-7.08353209189378
-28.3146351899398,84.3000793640661,48.3781562422069,15.3358677662255,3.74826307370406,-0.011950462319205,4.93065914326884,-17.8267654167291
-24.4148579835494,69.7405820917568,59.6134043754169,16.8375324788939,10.9846067954914,-20.1442303758654,-14.9647021284976,-3.42090780214834
-14.21599815527,102.501083962145,64.012120034572,11.4381860669259,32.4763279437866,-26.5492407173415,1.59742714510812,2.932840023777
-15.3236587270771,77.1945551538802,72.0183164567914,25.3834752313431,6.34960700383482,-21.3545965497769,-10.300408404042,-4.90729186645732
-8.86481024245034,64.5370061498177,51.275086621485,19.8441424023265,24.8028537218637,-19.1769586965783,-6.49952711206273,-4.46137105498959
-29.942837114834,86.4781676358432,54.985991512718,21.7996920799402,9.55870485103095,-13.1794307812041,6.11110368659077,-7.39793788584241
