-43.9882571172321,57.1899811156547,19.2223746754101,18.0730274100825,-4.4081751834316,-26.7654493452226,-24.1157167709198,-4.77375405010018
105.043046405269,103.488469755794,122.436637179883,30.5920551312148,-8.99070905104381,-22.4054227334357,-4.32711333819858,-17.6067455732178
117.497025634421,109.394743304112,148.12782905072,8.24573252386421,15.5968698269113,-15.416155372048,-6.94545205558425,-16.0142256564792
73.0380707965234,61.5770295502697,97.4392540491657,51.4652797609285,-41.3008276340363,-20.5708980937762,-4.551426829055,-9.3983664828496
64.3486882596937,62.1309958152081,112.1442018197,12.7745691082637,-7.62799571580469,-16.357136861677,-4.23042959035045,-12.0968545228791
61.7528847492345,62.0612195371027,109.731098922558,14.4919407804775,-7.79407386567881,-18.8879259439365,-5.97254207351573,-3.65994185934088
36.3626415437562,37.470147995593,30.3878975369344,-2.47166601941766,9.12480642174671,-5.03151024456501,-7.88975557811442,-1.79830216346461
50.3041981561788,39.797910764912,58.1215185630256,2.98147989967754,-8.09263514303153,-11.5814088223457,-11.2557418322855,-4.17976270794668
44.0535937644822,32.2294849212893,52.5581166434825,8.94061004489831,-17.1703592163005,-12.7909646732394,-11.4812785480787,-4.26381041747064
34.1292465763469,27.9276037968746,43.3596841807034,3.3918602170279,-8.0336032544463,-9.60637211421998,-9.25245145243128,-4.26989212490083
50.6130639593862,38.6877720997584,62.8137751944089,1.71944577765798,-10.4740112275665,-12.6420187732084,-11.5129194848039,-4.41651263977799
52.881257772558,45.2982958332972,57.1439553956478,-2.83814839186616,0.663036342073794,-10.006363820847,-10.9670955862701,-2.65937253098484
54.4348752431395,36.1952794939216,74.9309182678651,9.01411688112238,-22.1778957225108,-15.1262113465605,-11.5593038791867,-8.70771631675013
71.982717700578,62.3393928262127,52.1025899862893,6.6564008425082,0.889367323261899,-9.63627390287614,-11.7569178803787,-2.40986677144179
49.004393498439,39.2070893068261,61.9296101672093,-2.46492875931051,-4.60411681871966,-11.3954913406897,-10.7700143907542,-4.23997982799084
58.05954363166,45.944999806882,43.9855897157385,17.7009783498944,-16.1905618388313,-11.7768061085761,-12.1215926800255,-3.16826345687515
51.8910263664908,38.2492542988027,60.8504149109482,7.36802744160995,-15.2519045487905,-13.2056382725437,-11.5870778130818,-5.2753724617312
44.4264980334767,31.5965988200596,55.321777766243,8.27721426084357,-18.9593186580497,-13.8142455453856,-12.2099233485043,-3.62821131169501
58.5966855458872,47.8079906510764,60.0585982399199,2.04573094440292,-4.55615085075733,-11.2005236986156,-11.2466594348954,-3.94236196588241
47.854390866575,33.8250007259062,66.8636265264507,3.43631917466023,-16.0198924875787,-14.0546662945781,-11.8867165692674,-5.28231680223073
56.1802029900134,45.7322539481006,61.8870229807098,0.404092467184913,-4.11088858498928,-10.996269339265,-10.762902658551,-4.6511469242913
57.5252209298292,39.1429980076094,83.5287622284236,1.09932231673428,-17.6783587862474,-16.2384106923902,-13.0975461624711,-6.37084488310185
57.321110260688,42.0697646326212,62.57243185334,10.8280071129728,-17.5141741214054,-13.6294911869031,-12.1054249523868,-5.44644601648255
48.5710003863517,36.8427406065617,63.6528199364837,1.81197528770712,-9.85115550698988,-11.9314001653449,-10.4563740973797,-6.01491606059906
-65.2982372807229,97.3288533010339,15.2902883189445,-9.29495340153371,-4.43934180680079,-13.3755299738017,-25.5330736063616,-9.38068148963621
-65.8811915089386,100.591910897548,13.0591038686141,-12.398024578849,-6.39946470074688,-31.5148784582386,-2.25890714935169,-5.88021297368827
-67.9033527895082,102.36333163436,12.7367753078278,-12.4037064352599,-7.12607916209006,-26.2541372444619,-1.68030009372828,-16.4474330621444
-79.1021724516121,113.110387184506,16.727354921907,-8.68760746254715,-8.53661832494262,-18.5075489713577,-23.6836327774848,-13.0947704934435
-68.9278008945001,102.037215323442,15.3447844034093,-10.5963130001351,-6.99664990048295,-11.755143896069,-25.5930446263786,-10.3052724530417
-63.4000013549917,96.2208050597055,12.2645534336098,-11.333444608526,-2.43439013226766,-34.6799185726065,-33.8136652307588,-5.32581701910263
-57.9375033422345,83.7032701497919,15.8311162465613,1.21241786917981,11.8316290740459,-35.6130556354002,-33.1586864565416,-4.07151324660376
-101.684617122229,148.779030898394,16.9191161156158,-28.4804813248911,-44.8510903866921,33.4429351959948,-16.6908887739892,-31.4475554611767
-87.3068387701136,130.284230183733,13.6096610081888,-22.2175224822302,-26.6568256020242,-12.6287201467806,-2.95527940304179,-19.4938681631417
-62.3377991152714,82.4478471202358,21.5760236998137,14.4439149987322,22.2685571166836,-33.754512115477,-30.132232417368,-1.89051523280635
-69.3381768237643,97.7170036116142,16.6699665485254,-0.502428363067655,6.16485644587915,-37.1363265441455,-13.0240741748485,-14.3389991295295
-81.7759507769115,113.887322180588,19.6229713602014,-6.62632716126341,-8.82499619627915,5.42198548445476,-58.6891956473298,-10.7563112551845
-71.834715983098,107.751420656452,12.9573797065055,-13.5381628576884,-8.02851278549221,-36.1213410413106,-17.7299774620285,-4.72015471217772
-89.9094305619461,126.353935060673,20.3531561019848,-10.2946508348319,-17.3830270183147,0.700430222553388,-24.9457291914392,-5.58747415013409
-95.8692020708724,140.597738415999,14.2903484379383,-22.1085920512639,-28.7932011996099,-24.7911383451359,15.8385092636563,-19.6540575942589
-71.3151199805303,100.475301962445,17.1906849747437,1.06270483648024,5.88171642079263,-41.8981729603514,-4.23361718060651,-9.13400859474253
-87.6541318803135,130.193069771886,14.9958249110743,-21.8585399463363,-28.5695040438246,2.40278767171022,-2.5322880015082,-21.9027713504872
-63.1584675576537,96.3141997141445,13.8793103882027,-10.1610154227862,-3.97800400077818,-25.3950175909758,-10.1655872866631,-2.41419280119661
-57.8204144897013,81.0151096282819,16.4339021111346,7.02201985429052,19.4737246628851,-49.6023385008305,-28.4854896544237,-2.88151800419953
-78.7360610146193,111.023249111426,17.4738070378098,-4.11532099479669,-4.3227898359211,-21.8123831211196,3.95864628886098,-23.9011784546965
-47.4113998129755,49.8845820040856,21.2665651099424,28.8337517581495,13.1412143445808,-30.855459745189,-29.8629543329358,-15.6069637318242
-60.2162915919166,59.6730187066344,28.0780447848575,40.0029572639118,15.8764148070152,-32.2735984300287,-28.6067538720721,-13.0871308092172
-75.0876335054803,86.2537349144872,24.3445063797748,24.1607703514951,-8.45008871803878,-18.2500134034391,-6.33493929796513,-15.7124173118811
-59.1708094177424,59.4760769451567,28.4740550305204,36.158777467626,12.7311437867371,-28.0901322305885,-25.1507408887866,-6.19792731340341
-60.8960345898666,62.3915941322404,26.2018171107377,33.1729754000399,11.0857935156643,-25.2216042776792,-18.451207963783,-6.462564028256
-71.632356909681,73.7015375984631,26.61886244427,38.8679508638776,10.2646814854746,-35.551703534989,-5.17652226264422,-13.5955673645554
-62.5623827089504,60.8517468588807,28.2018007710781,37.0581512825717,13.8869009572221,-29.492974660835,-32.0031837842838,-7.84980535785925
-63.6802707006231,60.4442115916745,28.3820595650082,41.5959044951966,19.1229244996261,-33.7662887130722,-19.0095236460372,-12.0502939715095
-73.7176310060148,78.7590083776334,27.3503270277265,32.2314008044483,0.468486940948711,-6.54116517526851,-33.2802156501057,-17.874859388554
-69.486139283972,63.2214061004876,32.511866676652,48.4577737113485,21.8347298682148,-24.800689453198,-31.0656296833833,-1.56804598467576
-64.923659776478,65.5099052886266,27.8462644053782,34.3461899987896,7.69992886226857,-23.0938672446423,-2.53090912752102,-13.4473028326755
-65.529819569717,64.7833819607747,33.0562758862383,43.3397809186276,14.6457276422025,-13.7417632496356,-20.9352771849762,-16.8661804671254
-83.4410333959717,86.096091641417,30.840566493372,35.2821517024449,0.565148879205595,-1.51762067611654,-28.6246328728941,-24.1079668989411
-68.0104531008446,63.632338076863,32.3534593686133,46.8478585246672,18.8392505543757,-30.5453670494183,-13.6127821865104,-7.17562288388272
-73.7576548310691,71.3977544435885,34.5809805770303,44.7233836809423,11.439598433675,-7.62204031305131,-32.217794416747,-12.5669801394415
-56.1312922312838,48.1457199598601,27.3995737841718,44.015635532456,24.454329077383,-30.1070834611337,-23.6026123318485,-14.7030816045781
-62.0066458232995,59.9567222867194,31.412696872417,42.4943237877536,16.7081531009575,-28.6691555241655,-23.6684255823006,-15.0891267279957
-53.0724044478409,55.2082067189563,20.811572360492,27.2577021156773,11.4801916364855,-35.5535556689094,-37.4476366544807,-14.3108532708249
-50.7727860294396,50.480961004222,21.4897666112348,29.992365705366,14.6249189199896,-34.7467798657126,-28.5070075760256,-11.7274218842413
-37.381302330742,43.3334470172416,9.86361353585657,11.2688592057144,3.01451465467705,-30.6257147657165,-25.4112425721778,-21.6294087002994
-52.5018997604541,59.0802455863331,15.8338570769478,16.2905219870306,-1.14096653275887,-36.3147313021938,-14.2198635382325,-23.2759379151923
-49.8675862447281,61.2072325233671,12.6032317348361,8.66135809693307,-7.33535220558493,-45.7141901402949,-15.0336098242589,-18.713337535587
-49.579113458108,59.6314587963751,14.8603717753315,13.0765752031856,-4.05121822233531,-38.6452623280626,-7.87394884655421,-17.0375077294734
-48.5047050654539,54.3796741000547,18.5429575709726,18.4664177531772,1.2431573349266,-33.2567078624903,-6.97621382722884,-16.5411314571309
-53.7103637951134,59.1834261453179,15.1550546237601,15.5417112732738,-3.33656943096113,-34.8899620780073,0.533745598469892,-13.984809808632
-62.620787516415,72.1015435673388,15.0606889687632,12.3813118094807,-9.64872007483345,-37.2018462399952,0.805347415733302,-12.267815951314
-39.8199589661122,42.8957950427086,12.6341506377585,15.027231124114,2.11044496305113,-29.1152723207494,-14.5673671516984,-13.2254331459627
70.00201189088,59.8513204820017,6.06053771062937,50.6235129140186,-12.5240420546186,-0.359153415268703,-3.63362185921707,-11.3903185937624
62.2798675313406,62.4543026869685,-0.697192697281625,36.5516260508555,-7.45437458922682,-5.95549629177517,-7.40869301816315,2.09033032557197
68.8030723883156,66.4863298489875,5.83684129133244,43.8931629042847,-9.51032478166487,-7.29293777960949,-7.29263259221423,-1.97947592014724
60.1320646558478,56.6944559552993,-1.23910874796776,42.661389001701,-16.0631525977968,-10.1852540461712,-7.79756759858854,0.719525709672791
70.5230295871433,67.5422687820963,1.38737704414015,46.9647402305179,-9.69503055961176,-5.10953361392488,-4.90502449382971,-0.204473573924766
49.2614123983907,50.3151556668424,7.71473069827346,27.1536735395484,-3.92578109504172,-7.32054220813719,-6.98499649739069,-7.10042256621628
68.3872008241669,65.5401998660724,21.3920714911585,28.9386141628153,-4.64406251646964,-7.60934083095712,-8.36027701334445,1.96065227963454
112.05955152973,117.843967908854,-2.89354506112962,54.6174995866898,3.35446770464752,-3.93231111400509,-8.22224892038883,5.5830088575304
58.7231549088043,74.3545968644646,12.8570356874521,12.7401154449106,20.80308218455,-7.62797895250164,-7.9375831641315,-0.290459584479244
78.2165330441399,79.1774292347519,-15.5955584295781,63.2060518808506,-16.1186813885836,-10.7325324992627,-14.6523121236205,-8.23083847123681
59.0220419207655,61.1519514186727,21.2014616003181,24.9021399279052,1.68991128243369,-4.36007781150231,-6.9921825643924,-7.2604705183837
96.1989059561287,95.2230859330163,6.60732241667735,58.9162977457131,-15.0716965038998,-11.6181353337994,-13.1464882762582,-1.27156180089004
34.3730318829847,37.6832531351079,17.2390912070777,13.7542373561335,4.85453135303663,-8.78980687872335,-8.80946572282416,-12.52062859288
37.1374226365598,51.4463863551872,23.9307226357947,4.57230633153375,10.765672695166,-14.3760707697392,-12.7697461795085,0.737105125137615
98.1322488699069,111.578176218541,-23.7886498516289,90.5313595548208,-5.28673892318043,-1.54938037092804,-4.33398965389857,2.97150473243421
47.5952857162695,45.6602861744993,15.6884660610441,23.1416368204695,-7.60699192659759,-5.8973936384993,-6.48031654395816,0.708031819061639
44.7463328426054,53.5921384614414,20.2949236073732,23.7774354798891,-2.11330579834792,-14.4434823701998,-13.0321673457453,-4.04859280818783
75.0885571664679,80.9647859053695,10.0019120552111,24.9295719150965,14.8799977421589,-5.01866241235534,-3.81663416925051,0.481226623821269
122.559100787297,122.094759580525,-24.7929802043065,66.3086167056067,5.39200798365277,0.647917472741593,0.211711927297918,-5.51253323405618
54.9889694309693,57.6402324249448,10.4121888408185,29.2913547499412,-6.36803417387519,-10.3714065561832,-7.77715106107601,3.2284122733702
34.5239080210823,30.7580506778673,42.606638522282,10.8471949088688,-8.72227493000531,-8.07019226597524,-4.53937528884972,1.75284903105231
21.191300298594,28.6984615442742,36.2148044399883,18.7298150894139,-4.3814005487408,-7.36753910885705,-2.75265972261243,6.39040843147636
78.3516846152247,76.5391564595628,25.3631934184983,43.4484931644556,-3.72256379400214,-4.63267002614302,-3.33346227715393,5.14119917961287
26.8569611846914,31.4427503501702,37.8763163173859,11.7583330715291,-3.68597711603004,-10.2038344436049,-5.52233104231871,3.34916296923296
6.93655946444223,38.5381920471549,56.1836583432604,35.5583462564722,10.5333667315162,0.105054671369786,4.97327099840375,3.90567329663056
29.1345507063705,36.3551011005323,34.3363576683201,11.3098712220237,-3.11400533788937,-13.5049467589972,-7.98732624870048,-2.89466122450465
39.0370104271864,43.2480016879996,40.0382400205529,8.18097943729889,1.83840120176547,-6.91094862485844,-6.8187669524414,6.51737557148397
32.2332847525906,38.2098190513437,20.9674856141075,9.99386473294741,0.0485189041282368,-10.2631887189398,-8.66906198008889,4.30368055293535
44.0644442499207,45.3940091974643,25.6950383389307,23.5388003698347,-10.2467649554771,-11.8124032638607,-7.0958025632595,5.40212178257932
31.1055975910699,35.3982134534228,36.7815159863939,11.0583586584066,-4.50267708235762,-12.9971591935643,-9.84500816898178,0.265968900649409
48.1520506452613,44.3401829715849,36.9867836693078,21.3311083282189,-10.5682104721117,-9.88410356657254,-6.83963274552179,-0.769627728340045
28.1782397707441,26.7437419666979,50.9517093997332,6.09670729301794,-4.17857818888372,-9.23702567246599,-4.77267309024699,-5.34455830041155
31.346557214924,26.9906656686822,51.9159617904052,3.6976299640132,-6.64744192676836,-7.7642480817178,-1.0442380955194,2.01471042105776
33.9992589188057,37.2406100961905,37.5932091405734,17.7194297225068,-11.5391512369146,-13.1840435548494,-8.3113838359552,1.70513545432692
22.0914802129251,25.8565223122355,33.7102604171292,7.98687364871629,-3.2957015266162,-9.89620506263167,-8.41308761301166,-1.65812762846778
39.0968404673196,37.5566070359858,36.4447521242933,13.9954747062178,-6.87170516908427,-7.37503128380158,-7.08356647466545,-0.273593046316171
39.8715586924093,33.7586935538467,36.0394740952612,16.690976186584,-10.4517237537847,-9.1995399167305,-4.67426556903062,-0.640441909898762
31.7160479585948,27.7354717749888,44.6525303489213,19.8269008732796,-18.1725899881519,-11.9717659527501,-6.1331366346746,2.24428268346495
26.2568917424599,24.4638271214214,41.1649305772091,8.55524577870752,-7.43035334935222,-9.16994723321417,-5.04217212304045,-3.72527659337519
24.4953492755379,31.4697148803977,47.8027097002862,21.3356290998634,-10.0243027952854,-9.83148634293221,-7.4199285988585,0.693610184528373
117.766080230314,134.435511980551,-0.150357054590674,43.1080620172396,30.9700130474214,-10.1580316883545,-13.9830439040798,-3.75603685788018
77.2808016276628,72.4922442510189,-8.54684865116219,51.2489706137195,-12.0520045226772,-4.6826047895788,-4.50808911120727,-4.26432002145995
102.217741779511,100.482876975091,-17.6964717941934,54.5791321328719,-0.131593642370766,-3.57529900627412,-7.69559153778084,3.31790406334864
33.906295731127,81.6372507686461,7.80328414406415,25.3307992396144,15.0955024419985,-4.18928717710278,12.5330666415589,-9.77682781800412
132.540851578428,143.906302032475,-34.6248154715753,91.8057129410951,-9.26576983956667,-6.73683509414794,-7.12033270851519,-3.03986889353637
95.0920962052957,105.07874487201,-7.57059642286679,58.8151575556881,-2.03413597235219,-13.9227078476154,-11.4825376579708,-11.0834335190052
75.654892937805,98.818801757967,26.3777798072551,1.18219716466301,43.3398572627916,-8.00607259890045,-9.3669237893773,-0.393344758064489
94.7403425876053,99.7065915311788,-5.48873449850404,67.9811270780987,-12.0463267712029,-13.6077803435266,-16.0238382669056,-12.2349724658846
55.7339406035049,62.591822201832,32.7187513157644,32.3177701324014,-6.30243210726373,-19.3077725810327,-11.9842697359401,-14.4935915627357
69.1760757018968,102.967187960967,24.2250622125426,1.29569476468348,51.7145699967539,-11.0789539713514,-13.5961877481301,-13.7885463085246
61.947344887606,79.2910890255402,13.4759998769185,35.1674243786116,8.38736318285206,-15.4198414210136,-9.69378390892795,-10.3381701548366
117.055949680765,152.774973055307,34.5712558121069,-1.37498478077466,83.8121225595502,-5.96450172754672,-13.4185573464042,-4.21779944578293
71.1264328755972,95.3269851665155,35.3066258263059,3.34274171993687,45.228088939255,-10.0015903481585,-11.4908364957205,-5.08314366691688
101.180481459699,124.768759513271,19.6842041635324,19.0116084054423,45.4084019745913,-7.71376872092479,-11.0490703900357,-8.32360178811686
68.339258488061,110.356318678714,15.4211193020992,15.1581735744029,11.2606522512352,-8.20306862656474,20.1372022640775,-2.58069937500827
99.4041551221613,122.080710535544,10.2810742998771,4.72037374878979,64.3189763802448,5.63976354652296,1.61079527333383,-6.19177103923131
74.7935603454237,109.154411591996,12.8021037201611,30.9554496154782,24.5262543488134,-11.7248678238148,-12.1140474884525,2.03677359711403
71.9222743129537,90.3969546183247,33.1028985602454,-5.30307482185824,50.518599871643,0.227893300474246,-1.70631060319613,-3.02378484688186
107.214936863066,141.586981329223,-1.17278438015936,29.3068874985667,53.1323629115241,-2.76939630641851,-10.6925246015326,3.1100531492473
-70.0635121566861,65.9376985346329,17.154083690024,22.1198785575432,-7.03618594750265,-24.7840824886091,-2.61874032622921,-5.04740196267239
-61.2648811237245,53.2189004685352,17.5412407366103,27.0098809683716,0.277602686821821,-18.9102668692155,-1.55127327354798,-9.28226818686784
-54.5610834331884,46.9001895952208,17.4722523224598,26.6227088007088,1.36958497404292,-29.5779081557552,9.89437955668448,8.70998152008664
-60.3215279663945,51.5664101732688,17.2700834716556,28.1957305938223,3.59563095458289,-33.8068089601714,2.63741883319578,-4.40923608285631
-58.1023213241678,45.3605184367715,20.2740905252172,35.4321397728074,9.73760897642135,-22.2669210821609,0.235973985293823,-4.39702520138706
-56.4518539340993,45.129164879854,17.9717004059727,31.2498214063685,6.97525563556189,-19.7836876905404,-3.23650105816112,-10.4438704277929
-68.7356082009592,56.6116339912162,22.9389394023037,38.0155576713231,7.25405506282135,-19.9061862950929,4.19366143340021,-6.5824832230619
-70.0151282607373,59.9681655590774,20.0522350466296,34.0252995456156,4.94517247202265,-27.1389121370513,18.0466437366132,-18.0677377606138
-66.0082090668986,51.1420574359897,22.8797326401946,41.6092364694757,13.3057161578986,-21.9402249086093,2.11951370131323,-12.9607500021907
-59.9662212545237,40.7118950843499,24.9483369853564,48.5356708522667,21.0711899547801,-16.502355625578,-0.310467958303735,-10.880538869452
-60.056871160449,44.3979591087027,22.0573390083135,40.9234370016693,14.3081606929468,-18.2901532069873,8.33822444553974,-15.8691570584243
46.8534520913821,46.8169432474066,5.43176063750104,43.2053043820938,-15.9778309979982,-6.99999155484174,-6.25583502836055,3.24183582728724
-44.2438772566514,44.5653596189479,14.1256587168631,21.3754637602237,7.89647315996323,-26.8519587285889,-22.4435664671095,-23.3879110041318
-40.1219771718948,38.1834625109308,14.1153686314054,27.2022909364254,15.2175124411144,-31.8736786913286,-20.586566978395,-25.3949811914784
-43.9945384220838,42.4725704735176,17.400894541769,25.4408816525266,12.7547486483722,-32.7528159559809,-14.5237512901299,-22.3587927853239
-42.3360876564966,42.6265481406337,15.9470819292114,23.035000938341,10.0550193236554,-39.2016645109784,-21.8434926786747,-8.14748444548377
-36.0582608448817,36.5156276507441,15.1108026018928,20.6762349030344,6.26402260092843,-32.4308373347286,-9.93512380711144,-8.48935680335819
-44.0713283336638,43.2543399818025,16.8570911983249,24.8542250274512,9.43317748350779,-38.1935410876026,-25.8342960887027,-10.7671590948811
-42.5926590710548,39.5234782670751,18.5414749934133,28.9758991119788,12.4624372301905,-31.0422532968582,-11.6016762683679,-16.1215318805531
-45.339307352958,47.4329686629016,17.5850574468528,21.6562601165226,2.74005653593333,-36.1332658732279,2.8321943898283,-3.86776488533228
-57.4569541815086,59.3760868406674,18.9584969568325,26.0578785259267,3.8606637564971,-39.1115748661041,-4.18788781745651,-12.9064856222199
-38.5782766698346,40.1108468839273,16.2963055778151,20.9277407896927,4.88281782047176,-38.7350044578038,-11.8042552647345,3.60093522949849
-39.2940649862413,42.9263002022452,15.4414285325348,16.767090797993,-1.05675992743642,-29.8050449850238,7.92429650650115,-4.04968697234161
-45.4166784740717,50.4095941579799,16.1360254623337,16.9049292254029,-3.27260234185533,-30.8393626116885,6.06389555349415,-4.64903665870635
-53.2883506080024,50.3986340563655,22.2943061249953,33.6383763610395,11.7389745837945,-35.1435704688115,-1.92993362511455,-11.3239653258882
-53.4930952650778,50.2996929389721,23.2172182899578,33.7898016130077,11.2692941873688,-32.4422482037228,-14.3633361630677,-3.51459730895006
-42.2690952691357,41.6869316595851,18.2016840347665,25.0230519959132,6.91660869093944,-27.8775789866953,-7.42531787832387,-10.139326815611
-39.6549500424829,36.3587306026399,19.8466776750087,30.0399372483676,12.1946610557026,-25.6205082251421,-14.9876113442052,-6.96285844808205
-57.5534086204059,53.8694734225978,24.4636975599549,36.2418603363583,12.4263996493661,-34.1943054600815,-13.5067104617775,-6.80932379903107
-63.4068573964138,59.08263598333,25.3245786743534,39.5702577505364,14.7252330403458,-40.6038786300526,-15.0051355994736,-7.45019825659558
-54.2119747715417,66.2649084591041,12.9564535825617,7.36096550994146,-14.6169703722124,-47.2706067609048,33.9834055452771,-8.33030705814533
-50.5149473988827,54.8595550937611,16.8847837973957,19.0164015821916,-1.42763594100885,-38.6766458575742,-5.89031616164029,-4.79100438462301
72.2835531457434,63.2726933857116,34.5213682005839,28.7866053699424,-6.02831962245794,-8.92919428530097,-5.98602940713635,-6.41655786419143
84.5706455305132,84.828278337602,-6.26784422096534,67.2950654679333,-28.295222048087,-15.0216139553207,-10.5475075362925,3.97768338901855
81.973100144042,69.4647866934249,7.8778585249647,60.2824358467815,-26.7383471107297,-9.04723369961428,-7.2274670130123,-5.26595470402921
64.6538510319813,61.2760828018909,12.1344067353732,45.0048980238208,-19.6708472687766,-12.0568243252579,-7.28705706301358,3.19787840965589
71.1621223670889,71.7548224154025,7.95213765396724,51.0084093567843,-19.9078479608669,-13.2951510043426,-12.0445192842068,-1.38910564091662
65.9958471956317,61.2068808338472,-8.35702811174732,59.1665570153589,-21.432458551623,-7.63910765948311,-4.78618194938378,-2.88432695176668
84.5937208872735,74.7811304374245,-1.79183113181382,67.435204292428,-27.8333721661389,-13.8559437317106,-8.20059909266744,-6.06716525962908
77.233731712047,70.8160526909825,1.19973877316666,52.7960822637634,-22.2128924051849,-11.4953647708689,-9.20556517444509,2.5097125637546
80.5149969730858,70.4427645890278,-7.05080331932647,64.6834189354616,-28.8753026738395,-7.33009981196005,-11.3896019225352,-0.496064701705765
49.0104997153372,44.0148899640411,64.9833291264703,34.275135580189,-23.8926091195738,-13.7263181793804,-7.07349557379964,-7.55028097782387
52.2154671032343,48.3988312350501,23.8935523638534,36.2932596183737,-20.2983454867605,-6.09570815186778,-4.20372200132397,6.03663149141402
31.3158192519993,32.6058166787872,29.3444580766368,20.8602596040675,-8.56413462112723,-9.83920143062716,-2.08853176436843,-7.91532126165848
70.3602558424922,63.8239310726754,20.6714320079584,55.3020323494877,-26.9533167633455,-11.7792697408539,-7.36970826781602,1.86117606584457
33.0634899920195,31.1823102671354,32.767412580893,14.6808641380911,-8.11420362563203,-8.52692876113699,-3.4436944697111,1.45574066677642
81.9916648305854,74.7223371324244,-15.4580252857229,68.6412408242264,-24.9096365764708,-6.15591239186806,-8.76987478462325,2.88877041597877
22.3559970565993,64.0386030270215,43.7616819057295,82.8900887868866,3.94641899821547,1.95301943114203,7.53100058345055,11.9890440199656
59.7809003140642,56.7376104264048,12.2283106259601,38.2352151594326,-15.0361240033041,-9.55834484225135,-9.65182385515724,-2.31060866476165
35.2867111672038,35.2498682639214,16.2407985285072,18.4213531986919,-8.84102246950942,-6.45255897475429,-3.97931462827297,-5.55600564741935
55.9596510781237,49.4208810053901,19.2300578310367,34.6814280677523,-21.7253653511792,-12.2574543781602,-9.97703940869242,1.80230323380484
88.9225845194674,79.7121076606091,-19.4991253740823,79.7576138650624,-28.9821409891626,-4.39210987396344,-10.7403886273563,-1.84964629057404
72.9536370731833,64.0936935015187,8.76464818473405,53.0744155867092,-27.0023915229973,-10.5488115135793,-11.5960706988737,4.77215322977115
55.7942283963478,56.2830856262493,15.2446400953441,36.916728395572,-15.5857876545637,-15.6338900231225,-11.4335785363274,-3.58736628688027
53.1099452565565,49.3566200019138,6.15156006170808,40.5323844747697,-16.9403825195067,-8.47625138765534,-10.1054305893382,-2.67385443186436
94.6873509645717,84.1433478179888,-25.0195898459184,70.7049173574409,-23.702426779877,-3.34508027083054,-6.55589613580384,1.61025174154549
91.6568668243961,87.4775374214553,-21.3549290797014,70.5196870162746,-21.0297350564641,-7.37498416987981,-9.71066000983002,6.52128207874845
57.0623761760074,56.1256072124429,8.12916507113751,49.5462997696807,-21.1332376752528,-11.420577203322,-5.66975905714275,-2.60869641665556
72.8231307166956,75.9499785737488,-10.1782450087583,60.4345107036797,-24.1619794464052,-8.40128657554168,-10.5525504649153,-4.88616859354385
98.3823008539083,84.6966984391508,-21.9899331966737,84.3030836057021,-27.7533242804037,-3.43483367223404,-5.6276635441935,-9.29839406747709
81.858457225676,83.0311432679965,-31.7862564675812,74.8798824424262,-19.7274541675566,-7.34416274748782,-10.791491067904,1.14126524011887
79.3301425124197,75.262648215458,-19.5946000981031,63.287378543727,-21.6009843559414,-5.23481175792325,-5.37392210582015,-0.0357127291835366
99.360163731773,95.00380159736,-39.7851105564026,93.1833529223667,-29.2434475903703,-7.79323851312499,-10.7532123811059,3.25533792238683
48.9587647708812,51.3932824740804,2.3221672326616,41.9617963705525,-15.6425170008948,-10.7583714440657,-6.69258471629351,-1.64693067457641
39.5473790368043,45.9476040218652,14.0692006832641,32.2010290664346,-9.70915114034503,-12.3406434723179,-9.62282083204644,-5.31771056082682
80.9709446346301,74.5928158350941,-9.33119391883595,70.4178136357539,-25.0739419779608,-9.48309642541769,-8.32407241778328,-3.40761815407614
62.6134831510044,68.3519532785853,0.0380366056931137,42.3890747349087,-3.3593696183075,-6.24583075067745,-8.48534122542167,-3.44586524166913
78.6724444600462,74.0652892553402,-12.6159090629085,65.7899635070895,-22.837253694012,-7.48679762579045,-5.96925073275682,-0.352971523417134
67.5255252838028,66.6712051448083,-4.74703673238928,57.7557653695396,-17.9131205684816,-9.89733831249959,-9.94924273598772,-4.45132427653883
85.3899084799386,87.0177836830204,8.19990621376491,47.176606136957,-19.681290643491,-12.491807844695,5.78457496070202,5.95807924471299
60.7845706297439,63.1461511084261,9.47537513061008,40.7541198043631,-22.5071960560859,-14.9924800912401,-4.57902419450085,0.269009138501685
129.034636389716,66.4198905736239,-34.4505280365514,90.3299207174916,-11.6417015975304,-4.97036549180958,50.755088580104,-51.3696741687472
-45.2750302633277,47.4021026392723,19.9186932085258,23.2201969395499,7.69487620137315,-26.4042680688213,-30.3199429742691,-23.8872652711461
-39.4835402479495,45.937617939253,16.9802947516746,18.5133670491415,6.69415528556025,-35.4759434124494,-17.6626144655441,-27.8930442292519
-50.8319354008095,47.2011333970842,15.9744781498861,25.8124300888875,9.11251026361013,-13.8002539640217,-30.1914773394614,-21.0753919884074
-43.5501118050616,45.2885308914805,17.6576235978353,23.7388826901523,7.4324353098052,-29.2423437673947,-33.0452942490549,-22.0568291865593
-40.8105057646551,54.2622616611503,9.65918147910616,2.08461062830629,-11.1843675624317,-36.2006800046992,3.02529172222233,-27.4326869668861
-35.3516721251528,38.7109014733039,16.6504377482706,17.2063832502635,5.00623052156584,-23.8335212253866,-29.4695477945836,-19.5548306614557
-47.3471617884164,57.0488224356084,11.8579663063268,9.11125247779922,-3.94131459647553,-41.2788248803129,0.599433304397995,-28.9709562514804
-38.6104941420348,37.4249349922968,15.8352671044591,18.4045817886999,9.15736579833925,-35.864974105922,-21.8156864689308,-24.7836594976727
92.3839400190722,93.4098316654796,-36.9619360753298,75.8137611227952,-16.4606270224754,-6.50012600347762,-8.13983572386149,9.18455300326566
76.7755075608665,72.9433477745761,-28.4324871270827,65.3193296372251,-18.5530323327151,-4.08375702132513,-5.28485484855317,6.54740323091966
0.438197493101026,41.8909650819049,17.8316209106534,23.6183649961379,-7.39492864290731,-10.9614309524327,11.1772458609969,0.00772502939557123
30.0035520612858,40.5065946453295,26.0381947979109,-4.15360768590382,16.4329325786259,-5.16059644256739,-4.15979561650092,4.78440723069136
23.030736480843,33.2452293627164,13.917677148187,8.2272729579776,5.78701076017504,-5.53173324425256,-5.50426697725152,0.296199945029239
71.3466742574028,71.9162685323778,-17.014317840155,45.2858503990736,1.43857495354165,-0.516528226601842,-5.91475308745919,-3.58204735415923
64.3889876335554,68.2800556532411,-21.8740086390221,59.9138301687248,-19.4886287663039,-8.76548278381056,-4.43812082968322,-0.886891583810961
67.586052847796,71.4691203751001,-15.3448379312323,58.0356258534083,-22.607010119999,-8.68839969881313,1.3776759529678,-1.07968329514485
-28.10906857168,88.7032900650788,25.8035105552589,27.2953283707385,-28.9038359857151,6.70237035181713,-34.4946181420464,-25.4002778098814
57.1030025370202,60.537367017898,-15.5792592022482,55.8045409005865,-20.7894364413333,-8.53708106406486,-7.52190475155034,8.77153749216391
65.6552761471416,61.2606346497486,-11.8889242495652,57.2757990125834,-19.7253923501026,-7.13303089943831,-5.67937864794969,0.201891907708449
58.958409521022,55.6327548596725,0.46409935278052,41.234491042821,-5.28703513738966,0.944529455972112,-3.63048454442125,-3.87089868145802
42.7431801156684,46.8266777262253,2.38294424580425,34.8185051516572,-11.2650054505337,-7.74163372283533,-7.6588517010117,1.22387957552607
78.7207643960395,79.2291569112456,-34.4392183702149,74.7052024979383,-22.9672639685831,-9.42279101349004,-11.0045536939305,0.528058419672681
82.9550629869238,78.3398198911254,-14.1320080250048,66.3338470285503,-18.3065823139257,-6.72123056979507,-6.31381057954797,-1.09919654723206
85.4609928781355,84.4631913493512,-3.68862914786512,53.1312014764838,-10.0047653152951,-6.76785928676761,-7.75664482543639,4.96826882937268
101.934935378569,89.1968537039113,-22.5707461132926,74.2255628856887,-21.1616745756579,-2.61996149813816,-3.12849187208035,-0.293327277527803
57.6445889958167,55.9237757252451,7.79138535318631,36.2839847637061,-11.7321577473447,-8.47767602475007,-5.4881676912241,4.15835635416628
43.2807276449405,39.0042898365279,39.648742651748,29.7760170856397,-21.7750416882311,-12.9570959813742,-3.35465100467256,2.56515660437212
55.1515055853493,56.7108343096402,19.8143991982147,34.8847235105288,-8.55035434818898,-11.6786360442965,-5.40000424291849,-4.40304195767664
58.8548666579421,55.7943616204443,29.2454618761718,35.9283929038609,-19.3761317089953,-14.6924859567975,-10.7359594856288,-0.961494405056967
-1.84796471130559,69.345997458269,9.24140588664289,22.6123787978902,-24.2968056771882,-27.8239217545963,20.4535137751477,3.74112661984823
70.3285868469767,62.5988949256412,52.5843667531042,25.4273377459772,-9.45121599023239,-14.7214893140081,-11.6874663130443,-7.72207365486531
92.76016307511,88.7941920274253,-7.78875673443997,73.4272922250857,-23.3849996271302,-13.3124095985343,-12.2970388413797,-1.78567290397631
92.1955995398456,79.0393834663258,19.3799728966756,64.5311345149882,-25.7456399835509,-10.7616561059393,-11.5135031501054,-8.08500374615162
123.62514768265,108.224247217761,-5.43175498234977,98.9353870202035,-37.5682349589417,-11.6054031553415,-12.7175707791941,-9.00412925556852
86.2542016501298,75.341500700739,25.437192748333,65.09734276373,-29.0040328633185,-12.8372666293115,-7.38380127172104,-5.6437143869252
52.6578860659885,48.6260858793794,52.3486035246343,24.7534595404373,-14.7926996452415,-13.7586939227907,-7.23219960283313,-1.78716428366295
120.596987850378,112.674994966626,-10.1329541593789,91.4019408187865,-25.935906998261,-6.86554439153603,-7.52342204710886,-2.54553988859331
99.1242757196583,86.2425093902458,28.5416076057132,73.6872190708023,-38.6273904615321,-14.1257398727598,-9.59095480762737,-3.22256255989536
54.9407366020499,39.172204725886,55.6207613894822,32.1747504761411,-26.536932786883,-8.91501095865094,-6.35583533033737,-3.01745436947077
112.009693546545,94.9972681795289,36.1577944531294,71.6438050147451,-27.7762925244332,-14.3611857867772,-9.65064475518024,-16.5197214235026
109.121890817931,92.3768238489027,39.4462200551737,72.5026988867482,-32.3856239500136,-14.218445009096,-6.8515865436364,-7.09716826448799
90.1834008175384,73.1046661265215,54.0968091560876,56.222063079038,-37.4482608158815,-18.7351321853842,-12.1311248264516,-8.5204445066737
77.8522596247948,73.4527792724779,46.5745790978124,35.3277242467017,-11.7554114807276,-16.8815407203301,-10.3883608713068,-5.29248068190135
60.6030061144031,63.1651670636452,37.4114546305531,40.7721005214448,-11.5902144196634,-8.8135188357535,-6.35464006307781,3.12894492707166
99.2152289696966,90.0748630352968,29.3671801835733,52.1640038505211,-5.95629143881862,-3.57018991580443,-6.8241127042839,-6.13642072129159
81.8553629529631,67.8425886738631,51.2685876841857,45.6746524769879,-23.7548257383157,-14.2403185109909,-4.48759514029656,-4.81861097854308
113.974343097108,92.6562455514775,40.8669161066479,70.009809784033,-31.7193030907144,-13.2030787647755,-11.0692870413935,-13.1628237883314
104.63292146053,89.7409773406813,18.9085177183853,68.1791669293535,-14.4632378510786,-5.13729765195664,-2.62243918948212,-14.5727070599124
71.6538742619851,62.9513035522396,-21.1611922957201,56.4310858180873,-22.0643340133466,-2.28481720446637,-3.10946488233911,-0.819882383238766
70.7371989757936,66.9214221033107,-21.7948371425962,54.1895219208647,-16.739964821474,-2.54635739063197,-2.71187296953606,9.10256726798665
-33.0900787745008,29.8206849828685,18.0228244279964,27.8995387998427,15.3334416225596,-20.4509389212795,-13.4809508896593,-16.6545052723401
-33.3467357446421,32.6907164834833,18.1961385689414,25.8577459779923,16.3762754744433,-26.9516062511781,-20.5943999166218,-14.1592883349998
-31.4154677809801,28.3069921698346,19.8741770727216,29.0635545596968,18.8674080464832,-21.7646506172962,-16.5259933704638,-25.761981385413
-31.5710326656323,28.9044617822152,19.174720551366,29.666227362613,16.1897079279683,-19.7256055059795,-14.7350835247772,-16.0155323712587
-33.2911105988471,22.6035096325485,16.8200417380982,29.1530599951917,20.3463193874305,-11.8596562102496,-9.68919465878788,-20.8213152804442
-40.4134659452587,33.8680510312716,14.3227367335239,23.0959507727196,14.2322747665333,-23.0114224800483,-21.3635232956062,-20.5691144942159
-37.375822083103,28.0511422565688,17.2933967304342,28.5840388135723,18.1069079810017,-16.385787566171,-13.6616302882682,-13.8241073843156
-42.487024696644,31.5526823400475,18.3530523434096,32.5318245682173,22.1423844191285,-23.6708648357268,-17.7150571877288,-18.4742378659459
-37.805587358613,29.1354577764378,17.0844844519934,27.8434797301352,17.0379251799374,-17.0510167470106,-13.4003397763318,-12.9856035646127
-39.6863718549278,30.8837158025575,16.3476790711603,28.2468673705828,18.5908303795446,-24.4370643637546,-12.1000455148892,-17.7712336497544
-37.4448463396502,30.2531458305682,13.8952575441967,23.233465746813,15.7597353173943,-24.9646300842446,-20.5895568123711,-17.692226076717
-36.0175339256264,29.1295232288058,15.9403230003805,23.9041980359553,13.4796292467399,-16.4889766074574,-15.8038746091822,-5.87857937470918
-43.0580117345327,34.2430799421828,17.9391267628053,29.285826152604,17.0350581919776,-16.9075230375611,-16.5246498106519,-14.1339744388032
-46.1309196333099,33.2123902756296,23.4714621178161,39.6425830653473,23.8991890197221,-16.7494748329689,-11.2905195689367,-5.64424155866644
-34.6790204139955,27.1271620810786,13.691329757764,23.3815771434722,16.1597681824259,-22.2765907569247,-6.37297465241608,-23.697744118068
-39.0441945641263,29.7113835330476,17.4274040925932,29.0328649969101,18.8222509392123,-21.8820382888431,-16.3185682743314,-11.1409878182091
-35.5020818280041,28.3239956124811,15.4048779546467,23.9472704772839,14.0824673506981,-14.35582777933,-14.4731693010995,-13.3017607272345
-39.7569807693825,35.6921634998901,15.4384011799475,19.966373327265,7.52746499343244,-16.0230478642596,-11.4353007519145,-4.95327745577036
47.5764181912858,43.4516168666074,11.3102930948205,27.2721725504561,-11.8173136350512,-7.27956362237141,-3.57804325986871,-1.75091499156926
29.2119953962143,32.4858851467193,18.5383055448041,22.3817819888606,-8.51583932558948,-12.0794338428466,-6.01834882254099,-12.6995032807014
58.5999729256965,55.2222344740383,24.0423464730942,37.412201748564,-12.5688596533861,-6.73217866246881,-10.3175220919566,-10.0443316510613
40.408014180226,29.4566219483538,55.1642935214554,11.8030570779648,-13.5706714901467,-7.15501990370532,-2.87888261794615,-1.56739506920671
50.9832264568967,43.020086316635,24.7841989604287,40.9061767024058,-22.3595713304694,-6.76699122314812,-6.22684812016861,-3.15072672507556
56.314402647086,55.7077394887505,38.6022030024639,12.5496593030631,7.01016841784361,-4.05551518856145,-3.69258454880196,-4.65847759749957
42.230864780478,45.2250046435045,38.6225239074562,19.7380613048164,-5.08515929488828,-8.4519908228945,-7.91394239662508,-1.74694078016697
69.5551707276282,77.9656816238361,21.1378071351524,-2.69462195456096,37.5922598826768,3.81561485169759,-3.1010214694597,0.279908697435737
57.9317871388353,57.8203426539168,28.0360950731461,36.6748106384237,-15.6430654675161,-10.2534104814963,-4.75903121645697,1.25308767843205
62.9890507093297,57.3222339418388,35.7180099311446,36.9901193680436,-19.8143183312799,-14.0235504469869,-12.1089725515759,-4.2602130917215
119.507325890857,109.065561431044,-40.2969255666389,98.3018510756992,-26.409569860866,-4.45645231326637,-7.45708554589077,-3.66593001573159
92.8903215792976,82.4616234282845,8.14032830184887,65.814640145974,-21.5279066405475,-5.94353566500072,-5.13096366653985,-0.795277750748254
95.7772391166491,80.4641220063043,-5.99645353977199,71.574087592772,-19.5520550905238,-0.513995369562583,-1.8098151452263,-4.96120395811201
63.197665003823,66.3369833251739,-3.34701215130758,50.1174500358757,-14.0559186224415,-11.1097453280793,-10.4732034471632,-0.0367853228590587
85.1508310762539,83.247172477154,-15.5385944645908,65.9126306181008,-19.1446137997846,-11.2116882705865,-14.017845447742,0.513079839882635
67.9026728512388,71.436365829505,-9.64579341420464,51.214049499057,-14.2145702195988,-10.4389623183881,-10.5880550185246,1.49402292941146
99.8218138988964,93.595517189751,-17.0403472356185,78.0555562934383,-22.4438656591275,-7.21998524823612,-3.68021187893334,-7.63916892282955
73.8743299338484,69.7804524869354,2.09715845280522,43.0413464794846,-6.14915742520739,-2.35217177549586,-4.56688484636857,0.928956345811226
76.4686561735853,83.0285943345979,-2.92553720001218,30.8094830834944,15.1396200138724,-3.31982351067564,-8.02223620478876,0.101096860525363
78.1685666602954,73.8259511968223,7.80214748025989,48.1543292856677,-16.163513694581,-10.2046005956232,-8.19484981724541,1.58269532905474
72.7541692306598,68.9791173028114,-3.39041239867723,46.9791898438402,-12.44845966876,-6.17659284448896,-8.06603717377845,-0.300681078243073
67.0041859157506,68.0352690788771,-2.88522628921357,49.8527655371459,-15.3846734935418,-10.4763770275425,-10.1464699257794,-0.0898215547261167
67.7106792206953,63.3124145175762,-2.08669691158612,51.6336124087306,-18.6129107144569,-8.75046294434543,-8.05502459272388,-0.268267165565986
47.5457609329115,50.0779351368696,12.6830207398152,29.5766811182374,-9.16828551096041,-9.71204070818763,-7.40547168419218,3.82095173569808
69.2982968137678,68.1770555610398,6.9230955836949,40.8233850805156,-6.82274567210761,-8.07764049174547,-5.75640003471761,2.02352906658677
48.9229806412655,51.8189283507135,33.251191618155,30.5015153071664,-10.7471666447943,-13.0919376839291,-7.38369757167937,-0.451461967398652
59.3025495856146,54.2479974759577,14.7996357513645,38.5529207952005,-17.7401999172086,-10.4844737115927,-8.25835964694581,-0.055812041579641
108.598316779027,97.6573728444462,-0.243607347915668,74.0020021523326,-20.2501266323217,-6.65289654111508,-6.70247406082742,0.0355899217339852
-37.4021394023514,33.2435727744628,17.3757321133949,29.0219265685195,17.9966777601436,-26.0772242775582,-21.1545931820383,-11.1668161713812
-46.0824511875781,47.4161391799551,15.668032963154,22.0793796692664,6.91220044889989,-22.1561323928212,-28.6748564974869,-17.7196794055958
-45.9020239451836,46.0567829609319,20.5768956483666,26.4414824583127,11.0390352148737,-16.4894457467705,-18.971022278389,-11.970855109942
-37.0497722850102,30.4801055674048,17.2034276438529,31.6443868809609,20.2013493391494,-22.0624344164427,-11.1521561318014,-20.5651728035611
-72.0393429164849,71.5309004127147,24.6252608693093,29.7450743115918,-2.26266033833042,-4.87812934982742,-27.2329950579795,-14.7256023273547
-48.6603109200418,50.9325409931219,19.4611510854712,24.6908243172823,5.90613202144611,-23.2724953675953,-28.4545025354112,-13.9589351219868
-53.0393628762484,48.2663755064662,23.9282191100744,35.9751306411129,17.9115928107636,-23.6255624409936,-22.9674791984235,-19.676637981965
-41.9205798610748,41.5863839136917,23.0019703927052,29.8272408208033,12.0497894155418,-22.604696554339,-18.0236355065665,-13.8419923490609
-44.3424958725031,42.7072172283803,20.3953220711486,27.6923095705236,11.7629066100455,-18.3001497312061,-25.6061944505527,-12.4127933598166
-41.3369990678343,41.3416394940467,22.4388534555262,31.6656692742006,15.7030427055111,-19.6471120221427,-17.329736379244,-10.8328192975861
-44.9328382205841,46.0305944346985,21.7533410596283,28.1231831544968,10.6806096428576,-30.3829176463385,-8.12777828991274,-13.7363373268231
-50.4599952997213,52.4600667229819,19.2314385872452,23.2592016628879,5.06380771970906,-16.6596447630073,-25.9937870740534,-14.3268104409149
-46.0842492596332,44.8712737584028,21.3196486682431,26.5045550193314,8.23031590222483,-16.610272457826,-19.4952234998032,-10.4979156917228
-46.0131273951074,39.1464741266462,22.2938638858995,34.8616361068946,18.2239646622739,-25.5767083419106,-20.3597379227508,-9.0193978272478
-44.6055380236017,41.3031366421102,20.8367033049767,31.550044003955,14.3582106862971,-21.6524504703914,-13.3992224325104,-22.9874654991407
-44.1695062694522,43.0938341483727,19.3813594382973,27.9232208566986,12.1201091811939,-29.7494772578448,-23.5880114815588,-8.62656483918046
-47.9566442738596,49.5863548930461,20.4430371863282,26.0997209840314,6.88280018760842,-11.3732961247023,-32.3241831840042,-8.89367192493774
-42.7679482424912,38.5646729529262,22.5782577166147,35.6319422151515,19.9525320677117,-21.3837481145473,-18.7338739040118,-9.5870068204022
-47.1337688770697,40.3159742927384,19.848758469632,33.0506268611703,16.732108068166,-28.7368606683336,-21.1833973911415,-12.1718045432608
-42.6375276062579,40.2238004649875,17.2845120706555,24.9042112223755,12.3874877574933,-29.2711304948658,-28.0082287191983,-17.9908606206558
88.6829162373732,90.0799647945264,23.3472245069491,32.975962807864,3.49643712765237,-10.9468431638659,-14.6041716689336,-5.66833757328079
113.058507328292,109.53557555512,45.0045352912702,13.1030186860771,27.4894526202498,-1.09450527645475,-3.42331086525394,-0.374319161780674
78.2637063311241,70.9378899105006,53.159092555566,18.6300704587552,-6.16293189719219,-15.2129857360448,-10.5706487363895,1.52145779278263
128.230696098266,125.233386326229,9.8421164243679,37.7886659262375,19.4505765355876,-3.03358231442446,-7.93514223644281,0.472753357594579
90.8937582119925,84.9712819205457,47.2536351415756,22.9565827281465,3.24602526897197,-12.0309926827763,-9.03541206688231,-5.3471367255156
69.5898248854137,75.2512272517667,19.0387572365648,21.4239468296162,4.56910011990669,-11.6355300523634,-12.0236846539347,1.49001632480536
116.064979396441,125.717012761118,2.47668153738867,26.4281726501213,35.8249476369842,-3.38625986316525,-8.89470693312753,0.00881293216467681
104.975725590783,120.959127758346,-11.9668630887803,31.4549949315215,30.6143986905156,-4.59381353901272,-5.52444930374395,3.97061153017193
126.242252982199,124.931620922396,-1.59741079490798,53.1059829518441,7.55901200336511,-3.91702687660108,-5.64263769195704,-2.41939085522938
111.620198995726,113.723553378355,-7.39923751612843,44.0144546584943,10.7392271883019,-4.13788290900511,-8.17962969916588,2.56976891625236
105.457683208952,97.6987815899501,6.3132783427202,45.5723420962186,-0.0264775854961636,-3.94493098973089,-6.18652255707834,-8.41203491959743
98.9270994057648,102.49875235885,-9.99683448095649,37.0473975092442,16.5521331560579,-0.182695283606278,-7.99218366512499,3.06470874071017
98.9307117804036,99.2226832944243,-7.55034513316938,39.9524453609045,7.51496781245844,-4.13201442774127,-8.70536386178879,5.0271090463936
102.92268354656,101.094523661622,-16.7936848524639,59.968105373997,-7.52574969194322,-6.68771621249374,-13.1501666033411,-0.178266819695031
129.47143420062,142.260784835843,-18.5720448060694,34.7153410972398,36.4413583651291,4.3600418311205,-8.33924590944198,5.2477555433353
106.126511722196,104.41768349263,-22.0710807140031,55.32108845002,3.34794977411968,-4.79151968960253,-5.40576268776765,-1.8522617177383
129.029275570996,127.600678548788,-36.5922651367527,70.1116076430036,6.93803156113866,0.21714655763445,-9.80812530001387,-0.167897329812448
108.632144227106,112.98833693042,-2.7318881343641,39.9472893026031,14.3746488261744,-4.89856949790006,-11.3958064279325,4.77843433405519
86.7778467230185,88.4324252582173,-7.27820888203201,37.6646178348681,4.78581255802445,-2.75331673331116,-8.86054776282604,0.737540564052264
88.1218495129622,100.013553355366,-14.6685111934824,36.9739785426759,5.91360289764629,-7.96123590491325,-11.2943788054497,12.1669025623361
95.3750943269122,93.2134833209442,-11.0819050874365,39.8163434390065,3.49363058253059,-2.53782380684286,-7.55589111162101,8.77183804798699
51.9567272403208,38.573229011566,26.5752910166712,25.8293761968271,-23.1845592421708,-6.57299002580936,0.973969785947646,4.56897375453539
43.4906612837202,35.2015715523874,25.8395730819172,22.5352566950891,-16.9076477519594,-15.3283604022924,-13.5465395937125,2.5968537088795
56.2224564796669,65.1667566489397,30.6845443943852,7.84211421614861,21.3379096817294,4.24227886514713,3.1046365354601,-5.04407269054839
34.4814296040415,30.7242136984097,35.4408341117643,18.9479354172823,-19.251558721799,-8.50553596017745,-4.94031824542122,-3.99862649372982
49.070309544355,50.9233145236406,20.3693076432023,34.7065918128832,-26.7805312338253,-16.0625115889403,-2.31609376230201,-6.83120720590464
49.5390225020885,60.9113356957579,4.12117758465744,41.6999169806411,-2.28460496502272,-9.83977183351454,-8.89440247268957,4.56157179654865
68.0433334028546,69.3989132412031,2.30234351905923,66.2118297631324,-19.4390817278857,-6.43974140043491,-6.92521887660588,3.9082174063642
49.1627456523541,53.6432613173428,22.0026425052586,52.7025837978263,-14.7121233196186,-5.93980012082848,-4.57110907447439,-1.4457370637808
63.1988555285868,67.0113741127393,21.5101723251963,49.1380096959816,-7.18866572901613,-8.23224999852042,-5.48457877105487,-0.338792651628971
63.9052327934114,72.5494997947119,7.13927826489188,54.9143145194787,-4.15054711158632,-3.10493596902549,-5.13673747292513,6.18615534184073
52.3051263531261,48.1506932559028,41.6869569693275,45.9873728298141,-21.6233250986,-9.38488619480153,-5.8285302879094,-2.05025509981309
39.6220128145992,55.3190568259281,24.5326714699873,28.6308199127373,11.27149425896,-3.54031007799409,-2.87845597345997,4.08917709048217
62.3538413762569,66.0636629506747,5.10777879377183,52.022003092187,-8.97861293723913,-5.84644958013135,-3.21433297076833,6.10427262618141
66.2280059365793,75.2047478474144,-6.48818850335235,52.5531391325984,0.842855489054543,-5.24451705870185,-9.11163230105368,-4.35157653629225
98.816334427876,100.48505997733,-12.2366460371502,97.567008463027,-20.2732576782124,-7.00552574173045,-8.52573807894859,-5.25074837038335
67.2057098051478,75.4950976495052,-5.29370023511898,60.2153872355688,-4.52793252239821,-3.04581030270181,-5.79072474951544,3.0165270153995
82.3010657030237,86.6324023154616,-13.5201037704812,65.8902459186828,-6.58557537582474,-0.374520828375113,-4.97964576751892,11.5108049274967
39.5757243371051,51.2084628999834,1.34974555489585,45.6192881919214,-8.08061032611777,-9.25854262114917,-6.59321210816406,3.94875958006136
84.3931843823185,84.2560228105276,-26.9819562380793,79.0263402068234,-21.8509779825307,-4.61542694406362,-7.80661327272326,2.37755353683991
38.3980187299916,41.9289983572298,17.8447972400393,35.7140362893831,-5.53867443323115,-2.40415156512353,-4.96506912356074,-4.99191927743256
37.6315408491421,49.1681832464211,13.9183257054505,26.6986361803794,9.85549221865447,-3.25186473981648,-4.03602019687051,3.23569962155075
32.2025099750254,34.35361449539,19.9267257414341,33.4954702432978,-1.01022408129235,1.51860289097456,1.68163833775622,-1.85014511356165
79.0028187587385,80.0004618806694,-25.8224320107081,81.9228772384371,-19.3655585073288,-1.50389002176727,-3.57868639086129,4.22802449177953
43.1507279886696,49.2897034125463,11.2242078080404,32.9729499522332,-1.89153674700863,-4.9216649131816,-4.32947671615936,3.10323394986374
53.410757416618,67.8609841989483,2.09906358978348,43.0383749792749,5.33671311820331,-5.96695195085863,-6.36378598242346,0.249504534629431
50.3204001249884,53.3216104297001,8.71481459548255,28.7993649413892,-6.40922444784501,-9.57668154115486,-6.65070808664019,0.421424517061307
57.5694205443075,58.6349251560096,13.9133950161425,31.400211233867,-2.53353971028592,-6.18598891092534,-5.75292918772994,-0.957188529512629
99.9315889010142,105.235009156727,-1.59390053456373,31.1275798472573,28.9726453930913,1.56029116707327,-3.44497087552875,-1.27222107408194
77.0562118609882,77.8946091110455,-6.07153576190045,59.2346615615409,-12.2064694158741,-10.1181341688094,-11.7239432900297,-6.0472686845693
47.315706094297,57.4122111915863,14.611865070008,21.7735528139835,4.37056959966228,-10.6705254448979,-12.1480012899673,-3.50046419627795
83.188551427856,87.0726956706011,-13.1641685359724,37.7530519366983,12.2468232603948,-0.202392458558041,-3.81290556137685,0.418942761931541
62.8901213531814,69.143361311951,8.3713838975551,16.4422817791639,21.327278137567,-1.94185514437345,-4.01756243351825,-6.15457670996238
60.0766795896507,54.8802482608134,-3.47517938232257,45.0334119445219,-13.3907420692063,-3.72459129765515,-3.20721501967704,-3.72390144959437
48.0237968300944,47.9460156257048,17.0605004550703,30.0517139937236,-9.57044275039856,-9.39060598373936,-6.53056014110356,-2.00751497371613
55.4669079765523,71.3740401443656,11.6976035040989,5.22341983608724,28.3477271289872,-8.71940948085052,-9.86213641521692,1.37008701569874
69.1755961350017,71.3406125822639,8.695251720325,27.9450369330706,4.75580593129644,-3.37758584539358,-4.45537686679829,7.59784443921836
68.0509310475505,71.5094381000698,14.0954090948313,18.2333525192123,16.6439493121321,-1.92775957346324,-1.30257064698199,-0.327335448064169
78.6246858851466,82.8775601901731,2.88194367721224,36.6201288295312,8.41357319175522,-3.5816647566956,-6.03822300787652,-0.84311572254898
76.4423198854545,76.9507130573899,-15.79447001431,60.1900178273354,-14.7481529140829,-6.54880354789046,-6.60224765280658,-0.284764413083779
15.9164877495415,22.959304896378,25.6873634101735,-1.1974299139907,5.30001236777948,-8.80400601147892,-2.92163379879845,2.21533165479291
76.0006156035207,82.1324813459791,3.0447876421059,40.1146269330403,0.66763587395604,-7.42990850471798,-3.94202114035249,-1.70935006498544
72.2945474956598,94.0336705575313,12.0139700480698,6.22049839153515,39.8021813713091,-5.57753390091477,-8.00599807478888,5.4247890664423
78.6294234281325,84.1857132197662,-14.4434763742389,52.8970034567297,-1.77621844614155,-5.70268215743544,-8.16641591661935,2.19099469539807
77.5585444778276,81.6147741846103,6.29833921214505,43.6145021831814,-0.94614406200759,-6.42185651381531,-10.2803805533245,0.718836977746252
54.993050129409,63.7137712754048,9.7904917152975,5.78021739793465,28.3480605820863,-1.32839737307885,-3.92732245572837,-1.44637601030321
39.9379152575359,37.7394981930485,38.3947173566409,36.8660157981089,-12.6857835113217,-5.45495203428925,0.844762284578734,-4.71678768552585
41.1622022989999,43.3086741673807,10.0496135084327,29.603995266297,-1.50537180069037,0.101513758075829,-0.081817882963991,1.75989143258016
20.896405449056,29.4926854167884,-2.78351346320812,28.684581186087,-2.26884070707397,-3.3368855444527,-1.43379561148969,0.133819104419608
42.1511285588776,43.6159442257456,-20.6288703689891,29.5028948268645,-8.80323282476962,-1.44366903540978,-1.09042687608576,7.80382555238566
37.7158786382053,36.512022693077,-18.5076406439998,30.367934226033,-11.32173275032,-0.80787626961692,-1.08907419219959,7.69643254499423
39.8448356463737,40.6367650176953,10.2855336630677,36.9921211311614,-15.3035003555752,-4.07499012391258,-0.449127191045593,8.86971497109088
33.5672010456435,34.5863846861591,-18.7930413629792,29.9036307957973,-8.72159246829656,-0.925114667577143,-1.46376307475758,-0.966184439303094
38.1977942150928,37.7621247935628,-16.6615637795307,25.7176685766228,-6.28787716052205,-0.186784626936684,1.36824912139043,-0.320686658118336
28.3866620143105,30.52651328264,-11.9948722215165,20.7719365485985,-9.08950805807658,-1.72206820357543,-1.25429311206082,10.7374943733136
20.0273157288939,21.7137588950959,-8.03538467727078,14.230732521126,-1.96057050586164,-0.645151643604011,-1.88904490059031,-3.49720728724809
25.7083846882087,27.7728571216964,-14.0413611163027,22.4633601487308,-7.86660928781775,-1.275794675693,0.326317694020276,1.37545110198372
36.0339723458289,35.5099998750163,-17.6415569397719,31.5135920301381,-9.07094366778432,-3.81144594939913,0.927379965075854,-3.31266335669243
48.7728077431672,44.5977180111697,-19.1193312522707,42.0172345995802,-15.1487499209179,-1.63314427507053,-1.52665850949502,-0.121391584477897
41.6817657286313,31.310824871481,33.081225244227,16.9943833691393,-17.4773835112893,-7.64498254320672,0.308221820550327,-1.03833163538468
44.2437301448351,37.9959457986484,19.3155275823168,22.2100759346168,-5.80289000039541,-1.27861788976988,1.99044635121164,-2.33848526417324
73.8668559419349,66.1654794447862,23.1185351764852,40.2770724749019,-14.8881656012619,-8.99771372848349,-8.49258743408894,-6.42746323150673
-62.9165639681785,70.4203495312509,17.0741435028404,15.7735632990746,-5.52844366590595,-36.4347229498357,-1.01278561407605,-18.5129287520361
-67.294142933541,89.9239664391741,19.1644377170077,6.05982074132294,-27.3784500207557,-19.499983256562,11.704965979108,-1.034313958728
-87.7165773306305,111.545811978874,18.9124556958316,-5.76421394890074,-43.10350565396,-13.9393707334727,11.8639490302425,-5.08053966075824
-56.8464084694034,60.385362681884,28.7291538045358,32.109204852507,4.2948825332207,-38.6877123504364,-14.2457043902679,27.5697557256113
-75.4150685971224,80.3928680295911,36.2284757633163,42.9285833653462,10.2500883072906,-28.064708905701,4.84305569735996,12.9357982864984
-95.2950204624731,121.646279723767,23.3988847855416,9.11665250501594,-35.0774628382941,-39.1146102942193,42.1676090298528,-4.72703345733798
-92.580092158919,104.704203520461,20.463072489025,7.18288053670486,-23.5179720309774,-30.343762021912,17.0159997847825,-1.0754963739285
-84.155686396714,86.7959146017177,27.1341891958692,24.7669216416932,-5.26960967868034,-27.9401383183894,6.19974524542383,15.3584916313429
-85.0789428921125,73.8289666785506,36.6942404956425,51.0120329138123,19.9319445307855,-25.9275894010266,-23.2421938262642,23.8627832950596
-111.579379667632,118.689759016407,29.2790934430182,23.7115956306575,-16.7451100302917,-26.3003306175007,49.3283529941946,-16.7654545373436
-76.9645563263867,84.5379685446818,34.1999704031502,52.069071842075,6.85393730550081,-19.5147163491057,0.415126531853941,1.55470293898461
-86.082402583747,97.7779907140599,33.5986025880579,33.7851266448166,-8.23497319832611,-25.1206750667253,10.837735906213,2.85380912240674
-100.429632215856,113.701288366323,34.4391647611819,27.8262743480911,-18.1925620540566,-19.1363635733865,27.3065039828236,-10.9997237189049
-93.7170594234307,107.651923932841,33.3279984760211,26.592244891804,-14.3800813615902,-34.7524243434575,42.0709142564419,-14.3165732387349
-81.5418119666485,91.7983322127633,46.6441373812837,39.6122930244109,-2.64781707056501,-23.4851064471674,14.3981599256018,7.07105254601067
-64.0057386422779,70.8485063221871,44.9115640383445,34.6316863926388,-0.972853606827584,-34.4826795712133,0.352295693293205,7.84618032981783
-83.7847471849716,115.595825230067,33.0312536312265,-5.62046535004378,-49.2743946392673,-31.5005903256571,40.1071130036038,-10.0354716994344
-96.0497202831153,106.031492759294,55.0416260460277,42.2368029372052,-11.9579279255127,-18.5559865314391,18.0437997205619,9.0374754554146
-94.447782415086,117.842914555893,43.7813390613753,13.2209286025101,-38.653083555856,-7.32937349007595,-1.09730571600023,0.0727539134792
-103.371622183442,120.498807840233,50.744874174287,25.5055386213634,-32.1483086365163,15.5960625146093,-24.8199257371239,-7.33820145938844
