-29.942837114834,86.4781676358432,54.985991512718,21.7996920799402,9.55870485103095,-13.1794307812041,6.11110368659077,-7.39793788584241
80.227736296225,74.3445417232,53.7959908530696,52.4981583194394,-14.4948508386591,-6.70649059798349,-1.32372482516231,-6.33309510344494
71.988691253421,64.2458306981016,85.7588642493235,54.9417211630098,-41.0026749072579,-21.9945863973078,-3.33367382640451,-13.0206385387672
74.6661523483065,69.668186475031,82.1333615497684,60.2243493299251,-40.3932654976255,-26.1209754782675,-10.0789118870322,-18.5401202908646
71.0358181523327,77.4075566381589,45.9481640573909,67.2693076376598,-36.6931397945215,-24.0359069530905,-8.96425989999629,-16.34057093958
48.7365835713703,50.9322325185691,101.402778997427,27.8757954717329,-30.9469515337869,-23.0035624641095,-5.41813638154202,-4.9118852956893
71.6318433237274,95.4567808824853,35.6303123979158,6.78421324442225,28.4076439790235,-4.07103509572527,0.837840605517134,9.27175488912336
18.1240049453801,24.2184901458118,42.7303125593916,12.0155277085433,-0.727540706050968,-2.28354611121677,-0.924100792405728,5.19999497946798
29.5084670581367,32.9691519646867,15.1886913033,2.84368409557557,6.04875678328164,-4.56602968900759,-8.42340480075705,0.553106926004091
45.5248535890478,48.4274315612444,34.6854345835307,-10.1701789313075,19.0801479077083,-4.78010712756639,-9.51956391221973,1.46780521365401
61.0729577743086,60.0560456067909,37.0107133276571,-1.06760573199687,15.5490385547515,-5.55097903472681,-10.6031384915299,0.593011683437287
48.2733092344693,54.5298457769532,35.770803780223,-18.1666859436568,31.8668260600181,-2.71922273467106,-9.03630095070213,2.34472841976755
21.4415785269146,22.2112081615611,13.4891239313875,9.05805482057789,-5.16953433321918,-6.31315489482717,-8.32308785801034,-1.06755965141727
54.0604944045242,59.0924992293849,36.7834543626653,-15.8823724708687,29.2861858979253,-2.73879868753286,-8.52031410572653,1.50278647769077
44.4292740111495,45.2110254268287,39.0559082712015,-10.0882872796861,13.1441365236748,-6.76400373655834,-10.45037376373,1.78167522496741
52.7793599659695,58.63563526756,30.9911685872934,-12.2597684472683,30.629282048065,-1.47245459785123,-7.72524178505229,0.660874930927899
31.1736037061557,29.7642140564769,22.4318518270765,5.12404518398061,-4.97100904651317,-8.76200318380332,-11.0503274732404,1.96121327224276
47.1775151032795,53.2592448964104,17.2976751076013,-4.76187398979263,20.8999243371912,-2.69744995270594,-9.05117340059234,3.59237736377757
42.2304757572057,38.7894566467594,28.9094960382487,7.13270841121971,-3.44723821084242,-8.50339672481585,-10.9489661041236,0.378106029332378
53.7721125518117,47.9400106011048,21.344118328071,21.6635403730724,-8.41613806988239,-7.42416159036351,-10.0318917185137,-2.37246981061955
20.1506125870838,20.1262243394963,19.2741727915849,6.05524196322626,-6.16013494617549,-7.25614414396414,-8.77072185153754,-0.87714687934995
35.9194112945253,36.5221895128827,25.6043324169171,1.07794028057905,4.99228537338149,-5.92999847948882,-8.90054052747568,-0.290556969995849
64.4251501797536,61.5266517892115,18.0647719237705,17.3006729173083,3.17400100293896,-5.92662384369571,-11.1919810087171,1.30021934470968
86.0693391401925,90.9717625942898,8.7265140866449,10.180669409255,29.5305717748623,-0.221561281477773,-10.7142774387297,5.12117668660675
-75.0709988388267,98.7709583632928,30.1450447061072,12.5899286468276,-8.22109925364341,-39.5587327559678,26.2209884431,0.698377666506311
-58.0129995174588,86.1827809519712,21.8875081160381,4.22937134979874,10.1052047820061,-30.4764774710725,0.681986216098844,7.84873474041971
-64.4549361398399,95.351225904401,16.4984729843523,-4.64542521772823,-0.705752017414063,-31.6188963531274,22.0851897655839,-4.0002770819552
-69.9648726161645,93.7206452944693,22.7127049809027,10.9650173085355,13.4260472712336,-35.7211823909713,15.4596358382007,3.11509122162613
-69.5651391024038,95.5714955930687,22.7719567156566,8.02641765996698,9.06140787864541,-30.4102949335377,-0.348117338209923,12.5288297600228
-76.8586987819671,109.70747706589,18.1278790925118,-3.35832182375606,-3.02861998006687,-37.2961966479999,23.114618033537,-3.02709717192166
-80.2000831922194,114.473330283934,19.1112912106702,-6.75153448457275,-10.0320280774942,-18.0547951271269,19.2747290504661,-5.20497304223185
-71.0756773786689,97.8418547213397,22.1317622006395,5.48635444066187,6.61024112377442,-30.3266316033718,-0.538334827993836,10.4931089204992
-79.2800713904417,111.479824112614,21.0096281433484,-3.64407962296239,-7.09004897378617,-15.4245035814089,1.99403569963056,1.18903615124491
-68.6334608425856,94.3605235089613,21.052712747072,6.3222690224768,9.75771904008326,-37.8065215351307,3.78153873262879,8.14659621560707
-83.1061357060366,120.730734616435,15.6732605103504,-10.8377309150965,-11.4660707571314,-45.3294401664792,40.7298916808978,-11.0122645127107
-70.8188321063366,100.584834276183,19.1725420190806,-0.305121572465154,1.94841642996338,-34.8584160948891,19.7052543370857,3.77591161976923
-60.1633483972146,86.1848873301333,17.265597582715,3.33083786848344,12.3627442053036,-46.267222137651,-1.01966319429299,2.31381591162819
-83.0105895818956,123.471818736344,14.6517877245959,-15.0431601407005,-16.7480822256459,-44.0481349180365,47.6400902838796,-6.0110272306653
-76.4702917379493,104.639196236922,21.2492396430225,2.62132280831298,2.21557299790992,-17.9262627714755,-11.4663297835514,-5.47928055336463
-89.1507564593304,129.365732624707,18.7100824100071,-16.5472895362057,-25.1630328526199,-0.609585311585804,2.61941964407256,-3.08327501202357
-75.4237928431547,108.709811036345,17.5107837658495,-7.48281586263384,-6.42941914989071,-29.1946677760892,4.13359922586969,0.404609836595024
-85.3716540510956,121.09398235825,19.1488051034076,-9.89817673150351,-14.7341137324581,-10.2699084007786,-3.01886140658897,-5.46516519264146
-70.3643993597426,96.5873920972308,21.2607723697306,5.77406614444066,8.56090609413964,-30.5768727099265,-12.1938717105434,5.29859193037337
-57.3863609425427,70.0333526424611,34.8764149421883,38.1084266725411,4.86114567474375,-29.9723074572857,-11.4229031151732,-0.772074947943248
-59.6400473950215,74.6777925693285,37.0264559640625,51.0205726289457,8.5528323783718,-26.1979059479468,11.3364412161757,-5.99241431599324
-70.6381544525665,79.3726783324023,31.6470587611788,28.6088274718879,-3.01160743924387,-33.323376003857,9.57436593616663,-13.9551529027822
-53.4062062205534,57.8565043846679,33.5400526769077,38.1438108792418,12.4544159035969,-36.3051406004698,-23.6249105693582,-7.82918293804087
-56.7719626252725,69.9769396514926,25.488447143794,22.6833746334777,-1.59389063070455,-47.7417289866945,-11.7905502619468,-9.56920246623692
-50.8598253042835,64.2835307462786,23.3359447036177,23.0021961592059,0.476775216122219,-39.7217780613681,-6.52557867451405,-11.0391123400532
-58.4934717677387,65.6556814251144,31.7290128396499,36.1205897834589,5.28459080986156,-28.6817045302005,-6.31176965786339,-0.581112380044114
-60.9302471159903,72.9084529297541,28.9181517423812,37.5420642151261,3.40064218561728,-38.7673531508238,7.57792969636916,-5.95492022148386
-59.3007894712362,72.3999510238844,28.9045076649461,22.7210899980316,-5.44038671249476,-23.2817074403844,-18.1598361446698,-11.7296164197461
-58.1276562373737,71.1098948351274,25.3977940501642,27.920858055417,3.72586923001816,-54.8330540946957,4.92642670868029,-14.5599367431434
-64.4772073657891,80.2049194896038,26.5189974383944,19.4165778911122,-12.274693651956,-16.4953121527692,-24.4258106673522,-9.079916128589
-50.4120471337215,74.8407334087063,22.5499409637502,27.9656621724579,1.07248865572456,-42.6720475879915,-1.82030381815295,-2.38359053895136
-59.1792895282364,74.6099063652445,25.9525864528464,22.6419024889379,-5.97408486569723,-32.8347437746243,-12.4612941764061,-4.20993744211954
-49.96299390668,63.76372336162,25.05401504432,27.0608676806006,3.19203933301676,-37.3248663990668,-8.9136200019173,-7.97170136768439
-63.0262891837602,79.7675595527284,24.4539965526271,19.193908372302,-8.15706492025211,-43.0268899876842,5.9804832257508,-18.2005444221607
-54.2113608900652,67.4870993577363,26.8441593908471,22.7051722258462,-2.77204854225942,-34.9269663723614,-5.43398680769159,-3.47802316190392
-51.2387427224176,54.9016119416653,26.880041241982,32.7905156936289,11.9532023830184,-40.4317277703818,-21.6706131984222,-4.83331719478978
-61.8881755317477,70.6275897238266,29.0124297263907,37.2675257348389,5.44051626050422,-28.1757223396969,5.42403085076766,-8.77097702267845
-39.8163957343414,44.6817426649488,33.6289521203827,32.1714007507901,3.8966948955752,-9.96037804030811,6.40166964268007,13.846895572222
-48.3887898316409,59.6948544671477,32.0857106058869,24.3243779035189,-7.58825830028469,-17.5453515355726,36.6647152832824,5.21619820401064
-48.6528464460586,56.6984961389689,27.8677723221563,17.2145546539103,-12.103997745519,-16.7338467782306,25.6035883526283,5.97618447895743
52.2988100289849,50.7915603605328,27.4997434680922,28.7272321077558,-8.45103702720603,-10.7298641506474,-5.70672299091091,-3.40590606139716
66.8680755071335,68.0377918869529,11.3834190897207,46.0396706316378,-10.2649888331072,-9.96500810648841,-7.57970855983222,-6.38515685080705
80.5226459578696,76.2345029873927,-11.00302999154,51.6243538594736,-8.83852434206541,-5.72180759289366,-6.40131019100022,-3.74944298019275
35.8999034747572,34.5098303923423,23.9952817702239,22.5224336362504,-11.5482857867784,-7.78735928190629,-3.44711882884435,1.95552047430635
43.5849621064246,37.475177459463,33.8812435875009,33.8487866294286,-13.7465096855623,-4.00566859976876,-3.37826095577738,-7.50403021253988
44.4948586845142,42.5440533196056,34.0080897918271,23.9747942453588,-10.2276129175566,-10.9402010857702,-3.72418934125177,-2.26463887756847
51.526427203947,54.9755513372977,4.88755465347184,31.6266292056505,-4.54299336426195,-9.05922541963036,-9.29374801574884,-3.83208379980389
48.952361507629,42.741461828928,27.8639155370724,27.353080125314,-10.7457406993472,-6.82102110503408,-3.09828704066789,-3.53918120962124
53.7074738398298,48.1340076607513,21.0912306255315,33.9039403555784,-15.1984265198493,-9.74912435710121,-8.48327417843281,-6.39451385887694
38.65447780195,45.3354842467581,16.8720516464282,30.3698994206804,-9.98909977771086,-12.4647511947154,-9.64225459346559,-3.27576497703721
42.6664510567843,44.7077023275301,14.2572022917364,32.5121512750278,-12.503546519486,-10.0160617084731,-7.49175764058901,-1.39127703463479
47.700038204974,45.7462157980569,21.1125672407392,33.004374628133,-14.8110007484198,-8.7659383410749,-7.99751233319358,-0.0467901137128903
41.7087069637427,41.2699689448046,28.7945609374166,32.1600192348767,-16.9114727465674,-12.9246702236333,-6.55458405608119,-5.99334324362523
49.0745966547167,43.8428839942045,28.1583390653081,30.9680251390632,-14.1107330299764,-7.0962832796269,-4.7226092398219,-1.5608533693217
62.6399014421422,61.7850157292444,17.6696251301281,45.769420593549,-14.9468510794522,-7.9862834261664,-5.18143654643103,-2.97634205003149
44.1324821342139,42.6148177555777,16.3958379716107,39.7573962374283,-18.6098281954067,-10.7029495997743,-6.3059999717221,-5.19952427414898
29.77892800347,28.8595882289378,20.8747676847021,22.0342744068054,-9.78532647746056,-7.44899661144038,-5.13338949902604,-2.50855160858766
32.9197083364033,32.080850103324,20.9698150925404,23.8997203027297,-13.4200469414209,-10.3638585881504,-2.28366428610908,-3.83764395951086
51.0902675152469,47.7325959305961,50.3211353982121,39.7107458617478,-21.8400972513411,-12.8679837457744,-6.12059270783614,-4.81452485448615
33.342002706904,34.6807814201669,55.6158990747867,25.2063783809855,-16.0771589101276,-12.710102880829,-7.12134348964642,1.12511661597214
30.3940892998524,34.3996961640813,44.8793615288133,20.1047343281563,-10.0218475757183,-10.9966640426922,-9.47674409269507,1.90821770951539
35.6719845181909,36.8017183551328,47.6212854575958,27.4487494554819,-14.3309330427712,-11.3042275000861,-6.54351155718957,0.585713171847103
46.4468594843593,45.7682924635004,42.5177177607773,33.9777426011582,-14.2189266906367,-9.44713296089335,-4.62507729875534,-1.00524724074962
26.3707504755123,28.992510756072,55.9758153189011,17.5645991289289,-14.7884517241384,-11.6554763312756,-1.29684193188448,3.07224583905047
41.4383797579524,46.2648890359447,38.6595332247342,33.4217159199992,-15.8147995267178,-11.3481592860771,-7.71735671242256,3.28605190010718
26.864650344339,28.5274239266193,53.6046867904266,20.2540436478727,-10.6642403284657,-12.3951455716827,-8.28976381662262,-9.16776600203288
36.8140612213006,40.1877218274496,58.2253547626961,7.92362432765307,-3.05052241124067,-12.8381386711722,-8.71211589522898,-1.75092196408853
36.0753806878342,36.2582516916118,53.583190421512,23.9208872053275,-14.0097447796042,-10.3736692777196,-5.14177689241853,-2.24612408888701
46.9342514916249,38.025266788671,51.0093039924883,28.4549784123208,-19.1175798121887,-4.41862985457513,-4.88510074554405,3.81859274775564
33.2299116303043,30.9948590356417,59.7024183188859,16.654992624994,-12.538225524301,-9.63108816730972,-5.73025175882356,-1.40712887303338
26.1093573946579,27.895533868963,57.5954805409055,15.6146564860293,-13.5385552051881,-12.2503560406914,-6.01165374377185,3.10107357852156
32.2790143362329,33.8599423613607,51.5232664686825,18.7490110715661,-9.28978824676427,-9.64713604892923,-9.24937789227404,-2.84353803883698
34.8695104417641,33.7961923117956,61.1183725579802,21.7864218820649,-15.6321764526835,-13.0470575395706,-7.99748908944883,-0.338164058373321
48.3057675211856,43.0120521303573,62.0207300018303,30.0943112901454,-14.3573095692513,-8.90953471350956,-6.37711250233727,-9.38818098021348
36.2183285387717,38.249500847377,96.8551101253582,42.5661592864983,-21.808294125421,-8.67059517637144,0.244330226305224,2.15624242608924
-46.0479885303838,49.1775268549952,24.0504976266022,30.2887810441214,7.04362606879451,-19.3136907690094,15.1109250740773,-15.7343182517761
-23.1392315160302,31.4953660415631,8.66825227293798,18.6723985314083,7.26681999841149,-22.4449050159497,-6.74937090043574,-16.7602732963623
48.4982339011914,47.7754153695519,19.2100530564732,41.8612687724244,-22.2418188103869,-12.4890998628358,-8.4892994003623,-0.895580692294702
52.891084164306,57.7698273447296,24.001196285752,37.9304546933703,-8.24625930245794,-8.89427587908946,-8.24029369680779,-1.96588448485608
69.1542805192873,58.8452426136748,10.1330025227892,56.8014054299609,-22.8539357892274,-6.07383907182238,-4.12513980566634,-4.70277816070505
71.172575583985,71.1313866452654,14.193678809011,60.7590133984678,-25.7835135059586,-7.62157392267765,-3.70188040755646,-9.02620102400851
45.8465671749121,66.7414486081561,24.9713416072147,28.6156653742291,2.38612470340476,-13.2818947536923,-7.87948643495292,-5.63443102345981
59.0162495190922,51.8078690946235,13.3444914279387,45.9241351690224,-14.4986772406223,-6.25570858401221,0.947076129950871,-9.73051212392233
74.1320128434094,80.1423918761164,1.7636084345288,60.7406880630123,-11.6167892344461,-10.3688725466087,-9.95776200340136,-4.83004047760189
56.347222560834,61.6875221426396,10.5323203648032,46.9635458493346,-6.06410309184812,-9.06140957381734,-6.23837692368947,-8.81855395021802
65.9645765376724,62.3431165457865,19.5453937348637,41.3565893576465,-6.15096192867721,-5.65489433412866,-4.3643219705342,-11.6881271664955
67.0526688590528,78.5057927504059,19.3306021635218,34.0495566867902,15.8044779384506,-8.57440399338882,-7.61841640638424,-10.9052991379035
76.5674911004125,89.8513056127263,15.9951323354174,33.0661922306741,21.427262706098,-8.20154529870993,-10.1046080272393,-12.0091300758295
64.5398287428654,65.4732231999727,38.2165910974759,44.7822936044768,-7.98550050573231,-12.9130274945793,-8.36343559096454,-20.5225011343273
57.0005187429936,71.3974011384032,16.9748607307525,33.4580010638689,7.75893177137796,-12.8752792671438,-11.8576798815014,-4.76385617443343
75.2607506802043,73.8027512468081,0.963127666796112,59.2787381924339,-10.0329824729532,-4.5921506029847,-4.51528103619131,-8.23717214318771
47.3702066305754,46.0882089764652,23.6736837707166,45.1693555919933,-18.8578918529194,-10.715194428146,-6.25320632055842,-13.5277840128251
61.2543181044662,51.9754542172685,40.1878014029566,36.3074531417928,-15.2457794900897,-9.16209116122803,-1.81181031363272,-10.2952028500773
45.5075179645506,52.8520677721695,25.3854622852767,39.2222030751376,-11.662242835607,-15.1314213432415,-9.38459920438453,-6.9448467361188
62.0990414082738,68.4453646608459,27.8158929145441,39.5648114782488,-0.954691988478222,-7.595017837643,-5.2069598842463,-4.78392029545598
50.9856694770177,51.8860393074704,-7.62042370787386,43.5100117812818,-9.93271637013431,-5.02694698115411,-2.11681125629125,-1.86168210822274
-41.4688554349378,48.1861782103004,25.8927948917053,21.2266725336366,0.477072669977171,-12.0735306074712,-17.5911844848475,-7.75695649066454
-42.8259363845182,52.2186576420297,24.2132932598403,23.3467576292683,1.41004701597101,-25.1628752050975,4.14837542103654,-6.46322137660761
-50.5571578324208,40.2370609998128,18.0920807785304,27.9484675544281,2.99435526933859,-8.91133393547901,0.0935706917256199,-2.2052488242244
-49.1811743559636,39.7258725213493,14.5198635073422,25.3231315572101,5.06558224980251,-27.7048928211915,4.21279979959241,-8.94463894082296
-47.8815267328196,43.8820297454612,12.3855976423504,14.6977261213308,-7.21944608602588,-17.4727670257349,-5.38254561501296,3.49975542839457
-39.6850355291624,34.0630658861265,9.07695108370543,14.3824106592351,-2.01439370231363,-20.6758159560877,-0.188136510233638,-12.5524668719713
-36.8463106719501,33.170809897853,8.26334688499428,15.7865702644966,5.40993954042519,-30.2863953190664,-8.74617031976993,-15.2517244384974
-56.5930333365878,56.4686668852182,9.71637017371114,10.2711587352564,-12.457138886088,-28.5772237875989,12.0958827587502,-16.2124676069543
-48.2780818286217,45.3089574819589,10.8887378681177,12.3864709552075,-8.51256841568923,-21.1322340655259,8.19453650734682,-6.21843674135898
-44.4337520208651,36.1881101200859,13.3451353342736,20.6360870294506,0.364153679164981,-11.9718568135803,-2.32224897978939,-9.47484541111733
-45.1066569024066,38.5609527234271,12.6603899505716,18.8092303917186,-0.86281503045053,-23.355567634126,-5.21981332143156,0.090798405585762
-51.6536632176516,43.5017142044553,14.2770795674401,23.7643224671954,2.7435421802708,-29.7651484572489,4.22320449777489,-6.71518491712924
-44.2587006056741,37.2274564344317,12.1125264513187,18.6488492618396,-0.265077934008299,-21.1546518488461,-3.45863514069125,-6.71907020321079
-60.048600979643,56.4232139214392,15.2112740205735,18.6352776645851,-8.40189233659549,-21.5419399941663,12.8727692567664,-2.63459814492955
-47.272435411194,43.8274118888843,9.9136175037476,13.3899594651817,-5.20607312109356,-33.6556957362103,3.95402787157573,-3.48996662827337
-43.8273093981949,38.3520583470815,10.2863633586215,15.1988387418674,-2.43690247322888,-23.4401137187477,-7.0412035873545,-8.25078572090626
-48.3520941576019,44.1375306628351,10.0838966385617,14.3730055997823,-4.7586718876388,-26.2834540024388,9.46677024417979,-16.3582390467815
-44.3313491712596,40.052852145777,9.99768571931194,13.817329150893,-4.78975582159055,-23.4970004381501,8.97269057500042,-11.3219816449341
-57.8123125049434,57.0979341487444,11.2010398523742,11.9397760364401,-11.8859004400314,-29.1394522156684,20.7006320863674,-9.8644563839978
45.0033910847117,47.7749336546015,17.489373882204,42.67908178643,-15.3778496921101,-6.71748948028337,-5.14665082770059,-1.62850597256998
39.7203237660559,33.6472866417917,29.1269429878217,34.9802634044771,-14.47969887474,-2.69357245612708,1.5354053497222,-7.31383516916493
-44.6394161520503,44.2677821198089,25.6499610834743,31.8676991897853,12.3155427037218,-31.4403923546454,4.71243458828423,-1.31556809901894
-52.8554928476145,54.552868559753,27.5058125955319,32.378540933427,9.98790409127884,-28.7566076306898,12.7527329327768,-3.41447496017109
-46.692508946569,45.2229994198294,28.0756144439946,34.4232261519739,12.5143386105015,-23.0299750731128,-4.46735063153498,1.54599867564316
-45.8093957513093,43.7874703142641,28.9387945668306,35.2776905114204,10.3187680736377,-20.4353592827293,0.454671033809407,-1.0157828364622
-45.1155878386146,39.0607959531568,30.8641100254657,40.0510698153115,15.9441513156593,-22.9945352324862,-4.87978411835164,-3.21423826703051
-40.4225583433947,38.7676201723177,26.3665036657278,30.8398224473068,9.60495650484858,-29.1618665508698,-1.39118834491262,-5.56507488657356
-48.5661896384896,49.7287612650781,27.7259750370152,29.2149901941562,2.82414132698081,-25.2586713387846,17.9058520950315,-5.98704422243472
-45.1863651214545,36.2870204468143,33.4855823235863,46.2311215893209,20.5657833285634,-18.2444326728585,0.359694660011101,-4.94192948881113
-47.2296550068015,43.6276316541114,28.8760821702767,36.0896017226117,12.6925756642424,-28.4274853871172,-8.75212886907503,-8.94248690003795
-58.648348491401,50.7973972621609,35.9142208764957,48.3706252850838,19.1833533652844,-29.9381090535282,-6.68944270151818,1.19717956243232
-65.249330777985,57.9306914505435,38.6893483039844,50.8548125345786,16.6019852544592,-21.1012705587799,2.38111757712238,-1.9899699995062
-49.5429811795722,40.900649256981,36.6581735215091,48.5340797020419,18.181890905074,-12.8991488535979,13.4655666451988,3.65263695996538
-46.6634049732496,40.3043613091785,32.7332929812463,41.7227201132061,15.4583079575203,-18.3911849293742,-4.6591974888811,0.0149006574712324
-48.4428482517946,42.8318112750157,32.6347070591859,41.2764957393129,14.5060464843674,-24.0563388809493,6.24137642297782,2.32240335361772
-55.3448003040032,48.4325870733873,35.0813501066608,46.4261443415207,16.7719205846791,-21.731561534016,2.95489286403823,-3.08503675181636
-54.5153973370432,46.9526743857058,35.1013097512988,46.9559635838953,18.245495809724,-24.7599837919853,0.563006056464753,-0.777264989100264
-64.0775293073635,59.2628511664429,36.8556121880568,45.7460115016856,12.4720603526838,-27.7288789988671,13.9480658337526,3.49217213225328
45.9245720232003,44.156758468042,43.6812320010945,33.7553747905606,-23.650485809743,-17.5410242532369,-14.6535003482716,-10.5658928357169
61.176592970378,52.9580700817226,34.4319284876526,41.8204895696228,-20.9453350327464,-13.4397075026829,-5.57419610996369,-8.24200159401109
34.6739802581457,34.2164769936206,20.9193555393498,25.2162135369002,-8.66394994046115,-5.52482633051522,-4.44468924843516,1.75778488032808
47.6751337196589,44.7969529453192,37.5132598704549,29.5502777084696,-15.7659014746072,-11.5127854147944,-5.21539405287693,1.31046796618127
65.273398564931,57.1026494705351,31.1756038207875,52.9637217350802,-24.0935699158172,-6.11179562818195,-4.52291040224434,3.48257289276839
26.1767495907805,30.298621151929,32.5505971264921,16.711074283731,-10.406899046312,-10.2117842745129,-8.29681771721618,2.51719123706685
34.0270057424042,31.9652387486259,54.2593521470337,27.9983644256757,-16.6742515028749,-12.8649972841809,-3.70572556485772,-9.42885882286239
33.3888741995853,31.1217908360103,23.9188920875805,19.2075290397512,-8.98911963409503,-6.84325712762137,-2.00037414989791,1.54688944232263
50.2231910345068,41.8436728973412,47.9042033791974,37.1668502919225,-23.9558760879911,-14.1746788542896,-9.39153351060506,-13.7639310309608
60.8564458709396,56.6447453861886,35.14935448418,48.4681372013918,-23.4412196994306,-14.4739293281784,-6.70963074550999,-3.742656092255
26.1070290542307,24.751574721329,29.5562421084571,16.7949927910996,-9.02692996222005,-5.0885611528995,0.147201873420801,-0.278363503065171
20.4361663842927,21.185371524413,47.9717867794321,13.8817312857715,-13.5222864984644,-12.6207170892898,-4.74393212562247,-7.28646957090824
23.8133361779465,20.0327149927971,41.4629528133907,14.0153253227169,-14.2319229758362,-8.83409488303684,-1.32909080999831,-2.69408449049528
24.2002854054158,27.0248035357227,38.8530085590309,19.2771013826526,-6.84671787818765,-7.00907854949566,-3.90847175165884,-3.49274589531496
27.7847990891242,33.4643390976588,23.3704837715656,26.8195554047568,-11.9224479984276,-10.1067061061453,-5.56573789998941,-2.19398265666455
37.3794615141101,37.549764205436,44.0025298660265,32.9837233753652,-18.1735594848812,-12.3391648958322,-5.02764016232622,-6.42640780930211
28.160125329666,27.0094705631532,43.8565524566036,22.8009555549497,-11.3037409748233,-8.66133961921048,-2.55424608863431,-5.47101526454112
17.5621722760584,22.9522783101854,40.1773878925647,10.779216799477,-8.56146434495186,-14.630603611169,-11.1113805383094,-5.48305494140875
20.8629623657073,25.1086281054188,33.566872348359,17.1945089800324,-9.10156740049486,-9.19463981427045,-1.54821203371109,3.44645872432797
54.4240192216456,54.8159451594152,19.9422712920887,39.7706542005142,-11.8152668504261,-10.8119624701251,-7.3165345148696,-2.50171577532461
24.180563867182,31.2981278969718,30.0243740664189,18.5247732124327,-6.31393021645099,-10.106688495988,-7.19903111926186,4.11577900175909
117.676812769226,104.716732109549,12.927154633841,53.205560350415,-1.34405933748915,-10.5887878148595,-8.67269292440448,-0.474996258297393
124.535077340062,116.610411563624,-13.4922016725725,62.0847355092973,4.59387824705858,-7.07446391138298,-8.49575407071298,3.22142556849872
82.6051493650346,72.9295075046272,-4.45052141016058,55.7812255828371,-16.33006364017,-11.9679765920387,-8.8103721114307,2.19014230087677
93.2348051631373,79.1550420660575,0.0418236878160614,62.6294631412045,-23.3501701900878,-14.1436198819252,-10.6447585276004,2.21607316785996
33.4846517441777,40.5839330589169,7.64826074665629,32.3812981290751,-9.94744698004383,-7.00432479089536,-8.4695035111848,-2.74119908576116
40.3740078856897,45.0981344006582,9.54349199552641,40.4894204806594,-13.8561631274668,-8.3880728663096,-5.04019722620331,2.12514731503266
35.728387272522,39.967678816589,11.0953153739734,34.4721630789396,-11.2557594562629,-7.49171186985926,-4.70673596393241,-0.660028846885217
29.1489756971164,35.0730403956871,19.783611802012,28.3745609877293,-8.20081846204813,-6.06914478370841,-3.47522506031565,-0.361353089643957
41.8238518039057,49.8181307777461,11.9570064199957,37.9681925917674,-8.64216028188886,-8.55027767328226,-5.1791922481917,-5.1587855835882
34.5604038091768,38.6377541933085,14.6868045777644,36.0493498210247,-14.7563185576618,-5.72874339628486,-9.42905985330579,-0.97943355418138
35.3856146239596,35.5562158425308,16.7393849614877,30.4121828207686,-12.8946303267797,-6.07254536398801,-3.62577878201214,-1.67201527978302
29.1878176950982,37.3567490613931,15.6760139017058,35.7568254593037,-8.41338267920278,-5.42097017095813,-4.66598934691929,-2.96670416880537
30.8416177054138,42.3639095190359,16.085898285321,34.3056359492,-4.41632165793135,-6.32877004356465,-1.82155318169377,4.5638667491882
25.5162151061549,34.491151551207,28.3236990885128,25.5907020661174,-5.97278007199615,-6.85268065716819,-1.75319172657758,2.59817671632868
22.7253796206217,30.2738369475035,22.8289690212504,26.7165039537077,-10.4561802146509,-7.98197711567053,-8.36374025355168,-2.87082264564006
47.6676345251789,52.7072735790325,11.0045654703416,51.1674374755683,-14.707167656882,-8.34223875839116,-6.86922891030832,-0.33990164363739
33.8958628355139,36.8791180605713,23.766810324345,35.2997864335914,-5.89702446990442,-1.02000750083615,-2.30136728332802,-6.69780862953996
28.8541856234016,33.2122943162018,23.0456108719382,19.7218460960729,-8.14635920685947,-8.36958341333972,-2.62183287099547,2.95148343677746
25.8384352426501,35.1974273796775,16.3179104147832,27.3290954318465,-6.43817778095597,-7.31626285667288,-7.28130053536562,0.231522984069137
29.1792917191605,33.1131943800823,27.5670519944019,29.70532496967,-8.34676822975864,-5.55313581926887,0.427826142311858,-0.517489484176628
51.2729212312452,52.5544537190926,14.6346449046034,46.2030815323754,-19.4489456576748,-10.2205668558135,-11.8426058231821,-3.56585601384524
31.2562216609673,38.4003456178023,6.14916274001911,37.6614293431645,-11.5120078108272,-6.58685141401996,-3.58264284736965,1.16819970304694
41.0992785530713,47.6351177333028,22.1906284840149,30.1075095262542,1.43384812298285,-1.32692067279346,1.24335754415153,-4.1929608552255
-39.1180160688714,64.8615494653706,13.1367086595242,19.1896826639931,-8.87053450077175,-30.2548808660248,-3.34812057037759,-11.7280691179156
-47.310420184275,55.1151251641486,16.0467517742212,14.4230128542019,-2.95690279158445,-28.0513358072325,-13.6625447684839,-4.44368701095803
-39.2015561436185,68.3935685649565,6.86410504864894,13.9906544550355,-13.4475491728361,-35.2254048423834,-2.01202755813529,-3.7101869214277
-40.4333124429969,44.9039842934177,14.1261077847405,12.5402926855743,0.184483111875715,-37.7956781699085,-3.96182859402042,-3.77338570361245
-44.8549116328885,52.4577271667819,23.3910824517017,18.6642907542586,-1.00303089028785,-27.1193839422764,-23.8503620784919,3.93336605212728
-47.5122154546042,56.4940980212219,19.4706533553173,14.0917727158582,-2.80015970622341,-36.1727907660544,-6.00097708050229,-3.88456025290855
-45.6518161556058,61.6734285556713,15.8813087655291,14.9935434498082,-6.52793130471396,-43.3720539223897,5.01612146550658,-3.21217493593955
-43.4143585724994,57.6347085650352,14.9311371063852,1.46463306957386,-12.4247689282382,-35.3515696261828,-2.35766538063332,-3.70506620321603
-53.2728806864706,63.9897753423321,19.5236121766996,13.0736325182854,-7.81537964406872,-36.2206365262962,11.3457804855077,-11.1504167286652
-39.6490077724278,45.3763201449769,15.7967939578029,18.1046071470898,3.94234909879516,-37.4462673296447,-1.60817863518674,-11.2442366986157
-47.9432968064334,34.9097245642262,20.571828326341,26.3802172945278,14.0490038499519,-30.3171954120902,-8.19197537685257,-3.87533598004695
-43.0421208228838,49.3565317893832,22.6830449576165,22.7013229551481,4.58830572596419,-28.7462152123416,17.9493045761372,-11.476520734987
-36.2815191006927,51.6371586856909,15.0265144076122,25.0290696081317,4.627296398215,-39.4900050065903,-10.3303104631308,-10.6542571064525
-47.9049260569395,45.8940653168228,20.3737907348097,26.7848576282369,7.94389329314219,-23.7087361404084,-10.505216722781,-4.54555947709577
-51.5800262496724,61.0603605855606,25.6495690061857,17.3585387025737,-5.16993677046094,-27.8901276855691,-4.84067036100235,-8.63444906953778
21.3049063856083,22.0740442341841,28.7221254316134,12.6355588153491,-10.6285678494819,-7.15210213895716,-3.02791717502347,0.459530411410036
31.8001194797732,27.0018011058483,23.0999839424158,23.3902041378148,-13.5290149712574,-4.41372517931218,-2.80093671241575,-2.0466671378602
24.7609658426043,29.460567176708,29.8119377730426,16.5459175735943,-11.2814446622338,-13.6397704995628,-13.1832034149222,-6.81578984267255
25.1935148860827,27.0909923824893,38.8516337047974,9.11535642553983,-8.90195990843014,-10.8544371599243,-7.2602310949754,5.49693719862666
26.2750893713988,30.6120610780464,26.7116787637181,14.6134578915862,-5.93391617682249,-10.221046541941,-6.26446221370051,-2.37112492544946
25.7052327064122,28.9926014321372,22.8247741819034,14.6583260231436,-8.63070273539,-12.3206514147628,-8.68790579201736,2.81524188600344
27.2860270695492,25.8163910507468,24.6297651565383,13.6583245768033,-5.88913502869426,-5.74597759666631,-0.549911396843767,-0.0460516874241501
31.8649224549309,31.6487088037339,34.4125962084407,19.902070226454,-15.8394906489575,-11.6559404630885,-8.53414930490746,-4.48339516255303
24.1142280356878,25.3399573412371,23.807829713479,10.9305768255095,0.392936271102044,-5.4262528521679,-6.96115887040495,-12.0560641093839
27.5382778248075,30.236315935754,17.9275021198073,12.0766348771216,-0.365599847841877,-6.18281664120111,-5.69543298804986,-5.84208523472953
23.5837967907227,27.7366104062298,27.5907199209061,15.3567467743148,-9.25567934421633,-9.58779598456529,-4.95390586081324,2.11746891678257
38.5471781754531,38.9277843902166,32.0018763553284,19.9596557747837,-8.66499345607577,-10.4274382351008,-8.61473776146426,-1.99670543277954
24.9074108790378,31.2649217309909,31.4614506768551,3.20093814208682,2.08018972778051,-7.87466947076815,-8.1543446528559,2.59062124548611
32.5562150793765,40.8478872674162,22.2801160477828,11.2279592389701,2.08020231488796,-7.45079592734072,-5.27755609043206,-1.77994780779966
37.0066291561294,34.4356277828892,26.0218586952979,21.6041791669803,-8.64406743989831,-7.28640024222266,-5.36148452364673,-7.09462672479631
21.7017325407001,24.5588485989061,23.6003382451121,12.2041143936408,-8.65400102359311,-10.0241655579246,-6.06853812027777,2.83669338336289
23.614159196645,25.5135566969369,18.9514495555464,16.3287310332921,-10.2334496504216,-8.91133713797502,-5.43361079903999,-0.603470865466422
25.7114381231189,28.2745663637307,22.0209092065434,17.9860966655483,-5.7442668470666,-7.30283174621486,-1.53579041195757,-7.90973301731388
19.2052479817157,28.6342415576039,30.9638064918331,14.7371772442617,-7.61139348155149,-11.7118992307787,-7.72434472438518,1.00233816080295
74.5883822546211,77.7318681833121,23.0761615225621,69.7565828465328,-15.0960456570794,-9.29736074445021,-4.73596320147674,-2.53029164062625
47.9973938042207,49.8017780984861,33.2421303240463,20.3638564418886,-1.42550647506555,-5.70304789785102,-5.55021082365642,2.33401531489647
27.3112734918236,29.3361593305287,34.3377285187599,16.1040520601726,-4.3954108191722,-3.95805295809123,-2.15089063497687,10.2453831772718
71.9918779364209,70.412302035564,15.7947786882685,54.3903328237404,-12.3413564606826,-7.74446916536197,-7.93654908916577,-8.57745969830778
59.8408544152143,54.754841044093,29.2199051849761,43.8113529581714,-15.9338680018319,-5.47216049310643,-3.46693037160772,2.64626193376725
85.9175084096174,89.5507042079563,14.7616570679315,51.2504629419997,3.00678256711841,-6.58212943083546,-5.44525912982829,-3.65996269755779
71.437508653527,77.8078141028566,14.7423899217346,39.7622914989303,-0.649100032551921,-4.11984171515828,1.90786046901974,-7.90012334491768
97.7066872415173,96.5871322813979,-17.4800995260679,86.3459997118701,-21.0390778145766,-5.6927619429756,-3.03744897936325,-8.25165105476625
71.0445593349233,88.4392271032171,36.1779911786502,25.3568343725014,16.1236345854669,-2.66011526097404,-5.19349332512451,-2.09159548762097
52.4374269827607,63.8322248261443,61.6265363726158,11.0757671218855,23.1553751446833,-0.130416014062198,0.0447860553149916,4.25826162497346
42.1395452413636,54.1127878837448,26.5298643950868,31.3049173859117,3.25452646781152,-7.40630635837552,-3.34395763772651,-0.494195792357328
39.0458161465739,52.1381536939345,39.6592404983488,12.7676758101497,10.0662678486311,-11.7751575778251,-7.29612849373363,0.493892567639684
64.0709807542453,67.270258805357,48.0686508890684,22.5882393253405,8.76868576588883,-4.4945075513094,-1.74082369976427,0.643502837058623
76.3813040144737,73.0534455739177,7.54565137385356,62.6183258251447,-14.7686376631905,-4.16812087188977,-4.84255601693914,-5.48557115209843
39.1559302728543,44.4306959496944,30.9588028477773,23.0763957382159,3.1981116605377,-3.64658234331772,-3.71840940908459,-0.169912061495871
64.5978143187887,64.45659430181,28.7283594294295,53.6751811703995,-15.0241971299,-9.84068050754167,-5.43542004323032,-7.08390032749324
74.1657601426018,73.9046465615182,16.878852030028,54.0781231188331,-7.08251962932422,-3.52788439924871,-3.14824762629381,-2.58648578131071
104.624381543408,100.597094898491,-2.73109556636689,55.1569582578038,5.5262056890262,2.57861151250587,0.438739739370473,-0.238697957993169
81.2295780230619,86.9782172705011,5.05049400922951,42.8455780371727,14.2999082054489,1.94965134014903,-1.93228721307338,0.898614780008063
25.5038538963245,24.2611676973408,0.622463421299892,15.0911504420007,-3.88351422963369,1.00644069012654,-1.07351452983531,2.47121299454142
17.0819037584824,19.5013035281826,1.11487237237816,11.340381135264,0.143257063682318,-0.647499529168466,0.857463411644466,-0.0830149580732403
13.6685434595746,24.059527694027,2.65146429304129,10.7471579351578,-0.143104905717117,-8.14863189548657,-5.90291994526052,-6.73064020149981
13.7693904632369,16.9670271585952,0.37706586438664,8.60533304594351,-0.00893542774793253,0.899737180076811,-1.34836507657606,-2.92102949123582
21.9053421812724,26.6405903881197,0.722639182194535,10.741977167057,0.125929896162301,-2.91601036223199,-4.46050617520648,3.46755994918101
21.3917079854071,17.7714930575422,2.27807057129986,10.8632961690858,-3.67948001270575,3.16856264054621,5.01594195643391,0.945686805431203
18.3072982174073,22.200890934281,0.716785945440341,11.042121122268,-4.87142771949967,-4.84258164243795,-3.26889667794788,6.89446524235712
21.1319808677822,21.388924351226,1.29970130269455,11.1583785811417,-6.37143731318722,-2.18455497243082,0.877361920645394,9.56052370108177
25.2063778041946,27.6046933166224,0.00509348334308225,19.0866449414608,-0.30908630100177,-1.20852394797589,-3.69383201051228,-4.83359627514176
22.8730762192129,24.9422545146684,3.03448592743898,15.0034175296771,-5.89228239463632,-2.41827103392473,-4.49302159961099,-1.47444997736249
19.1942201291018,16.4220072283636,5.44262698979871,12.3692055716377,-5.16535525060697,1.04715421738248,0.0450953819711754,-0.110735456246663
16.6011940879881,17.0400725513417,2.83476684689925,10.157945632432,-0.124396174178894,2.66185670888518,-4.20350070142856,-4.9159162710328
15.9742095286927,14.8362489227263,4.67051607557049,10.374869236095,-3.32937021049016,1.12117074703341,3.54388366946985,-1.30794720829954
15.0942190459023,17.0294852800317,6.214133470566,8.27257468955237,-2.67920467545274,-2.28792222970617,0.720759883788232,0.168346101492333
12.4472693276521,12.248365086993,0.882945042130525,6.54868214145028,-3.19453699489918,1.02762238067407,2.39169914869302,2.72709157924504
21.8528404065646,20.4665942627127,1.50334100443673,16.8513890945739,-4.17347416670766,-1.03951008362703,-2.85232544270247,-7.49672816755899
22.6212171036434,25.9086550650947,-1.6979236934496,14.8535625672613,-5.15133615401268,-3.55979851279613,0.0469342864529549,2.68214239846297
-34.7463415012146,33.5795074075666,41.249302240857,45.7098952168866,21.6735900709431,-16.938090524724,-5.95297161756149,-10.531838302785
-48.4073244448984,45.9869516656821,35.8796997106631,44.8263991435494,15.7683101079417,-15.5815340107132,0.742970861687286,-1.53128763012814
-40.869250867774,39.2077651833588,36.2115253543751,39.2266896886782,16.180189123658,-21.6284167605118,-10.3321997866308,2.85877876546272
-51.6563895639401,48.9424980778,36.7525802565152,41.1219296947765,14.2406662450729,-22.1277183163907,-4.50950299149457,-8.73223884934181
-36.6355252438763,35.0292866263543,50.4073345228821,37.6650886287265,5.56804240696025,-16.3233744047158,0.279716980382006,-4.62208423196444
-50.7373813366826,46.8392129599963,55.7629759969372,47.0105491044503,9.42179424745271,-19.9622865693903,-4.10737340503368,-5.01281483247715
-36.1518212414502,34.1306916480742,49.55523669869,38.4593881212085,8.52312858598408,-25.5497582652589,-8.68306904917563,-4.59500127248013
-48.9710682857244,41.1103564756608,58.2415426608085,54.4917932016181,17.0504405085324,-18.427468936474,-7.45858840625624,-3.69542205885097
-43.0899628527616,40.4810364788024,53.0497932108826,42.5668406543525,8.53770653688503,-24.8023425766444,-3.91530946679206,-0.708002448699668
-39.153096892145,35.1052512962943,52.3517453282718,43.2230937068856,10.6370220693463,-18.8931620469462,-2.98149267137696,-7.99959922787305
-35.2522876072786,31.0369683710318,50.9903470673271,42.2893886673696,11.7177940796272,-18.6809159802709,-7.29441286482436,-8.11071713772424
-36.3567039938884,32.7681646832817,52.6452892006385,42.8185419542203,10.132518254691,-19.1805311283702,-6.84201773160838,3.36131768961976
-35.0702339449813,31.2530868213067,50.6682619199079,41.4796987539861,10.7794208923331,-18.3192489539076,0.407906480680713,-11.5292877531321
-35.6193670088567,33.8425264661903,49.2603167105365,37.7231973283986,7.6838397880298,-21.9183683752758,-8.55673249708061,-7.89210243745439
-40.7653131388061,34.7189521286456,52.9232648943263,46.5755088536526,14.7970867589947,-21.3106570033807,-9.12413815980698,-11.6998516926935
-26.9704454534619,28.7973717546769,45.0827220014376,28.1831291945464,1.29286518905843,-22.3419283519389,-10.1252569249748,0.813090566787694
-40.642417383612,39.293152850127,51.0189996618414,38.8720396939675,5.93379775522972,-19.1580675539946,-10.4379566409097,-4.49193455272452
-30.2341367116595,27.5014021525415,48.5540358362816,37.6621110054846,9.23952675907015,-17.9007575541493,-6.72590564341533,-8.28765997766911
-36.6482014372077,38.7727914214682,47.1313750321681,30.4694008296103,0.224842047921423,-24.056483376019,-7.10461604121475,-5.50344295182744
-35.9672366765757,28.2199145074835,53.8513900421887,49.3488698900974,17.2496798654877,-12.9698898586563,-3.98337997203613,-9.08220276623721
-43.3192180074108,37.4223801317097,56.7108732226772,49.7859091446698,13.1676573308761,-18.0350418883755,-5.0543873706998,7.98242273178526
-56.9270475680111,60.8541332903893,50.7950838012509,52.1115588422422,14.579574653644,-18.8831800166348,15.0914589182083,-13.3766754186018
-67.541854907862,63.3199844428275,57.939945570169,65.9137106323912,22.7603975283345,-15.1505984507371,13.3780397282882,-0.674650298088459
-44.3029533788389,43.7883964527719,30.4544061212526,36.5213369157261,11.8917643179942,-13.7030145991906,12.8698598389435,-7.25896966179074
-51.3010082413344,44.0777515828258,47.0059270574632,57.9249959819586,25.4073657281049,-14.3372924962361,5.61348970759676,4.76207947912391
-57.5994877402397,46.5607142551235,47.1227976133077,61.1119680357655,25.7422849437788,-11.7194078998586,8.78031305970157,-5.07256100250338
-43.0643896197089,38.2530503067015,39.0303401574123,45.5542188923177,17.6345722194301,-11.1227986924073,0.696392090751954,-2.56251050764512
-39.1019279856704,37.3069974292837,42.2243097599318,46.3913846071922,19.9839144162251,-18.7889251631753,-6.02276049162689,-3.74632425871458
-44.37548393469,40.4298082780377,45.739812011541,49.4690089796824,18.2383060925544,-15.5367369682714,-4.10926296379759,-3.808943520213
-24.5066595550253,29.8870884504928,27.5649253395849,20.9886641283963,-2.34274946584779,6.51612424770457,27.2247761372343,0.311198887586067
-51.2981763548216,46.2271986071826,46.6141390330666,55.8202042862996,20.1915407794568,-5.20716749162748,18.9189458362409,-2.03646922948722
-45.0303211151995,39.1880348033174,42.4891708400244,53.7434377606724,19.7798512137759,-5.69572470063546,5.6490634252566,-8.54410091806794
-46.3837873626099,42.681228251361,44.0216352421963,49.5859662742855,18.996249237043,-5.51779922233199,6.73564372811757,-11.800534358893
-41.4064245106022,32.050874157133,44.8960777628884,55.1881187067121,25.5518925866807,-2.23779747111768,8.66928158623962,-2.3200666709874
-44.5071188892336,41.4845430650735,38.0076155355564,47.4403440119735,22.1983420700153,-17.141840592299,-9.32827905384441,-11.0246041605307
-41.4517862179119,29.3432683958951,38.1951938337132,53.60989310548,26.3434354337566,-5.62542366371562,8.70597036062182,-12.1864181483612
-41.9561687911856,38.8798324698552,37.9299722049583,43.6196863655066,16.5359926430827,-11.8348876200824,1.10982949046685,-3.84872334496981
-42.1998068887694,39.3259441647578,38.0160923198931,43.1977625339777,17.3100581477126,-11.7023182744572,3.5310011269261,-10.3826306414432
-38.0305672862445,34.8014418975081,46.0646927754723,51.4530646100114,22.0386116887933,-6.77878979320299,4.86854263942366,-3.87367470770416
-46.4445808338829,45.4780707402972,38.8552285911051,41.9736025469019,14.4953540248492,-17.0052108980276,7.65127254313216,-11.625208058532
26.4012185192459,26.5855697944143,28.9991871408093,23.921032175666,-14.3920327676986,-6.90072418296123,2.06566825979902,1.23584876287315
38.3989167084339,34.9391908708697,21.9567922710385,31.6255196684496,-18.9982547905272,-8.8428126648594,-2.94582791630996,-0.437859317631466
19.3519442117628,16.3440651396735,44.6381576258041,12.6642625256592,-11.2535257500606,-7.48388080625745,-0.934111035446915,-7.44790253214687
24.4017500495265,29.4102302540677,48.9150135768981,18.3091515423685,-12.1548541102643,-6.00854834071279,-1.06150055958596,-1.87123264911723
16.5591871429607,30.366194401432,40.6531940244965,18.1390230824615,-19.017407441849,-7.2406370987226,0.415773481849847,0.173020142414935
7.28618022036521,23.2995072635577,26.8632770892862,12.6953035151153,-12.4763411782868,-1.68575015213919,4.58804072499594,-1.58873865866902
32.1493575308843,34.047917892266,33.4385600938,20.3361442133299,-4.12833141232621,-3.76286007887161,3.64951203084208,0.65406727686236
35.2169481013885,33.2943741832789,47.9982300726327,18.2224349062215,-13.0352544006256,-7.4115166277793,-3.17681299306253,-0.590615761026034
34.535400623393,42.5705039705124,45.1444860226848,20.796050875944,-3.155933445959,-5.69635770241801,1.11431104170612,1.87848948290375
30.7267413095964,32.6049046215456,45.9777789304236,14.6003516680902,-7.10470861100782,-6.0594164168257,-1.45692231236415,-2.08520024618978
36.8195348729669,65.8713617737079,41.8579875319186,32.5927370176865,-30.898988351726,-14.2072948669028,4.55262468905137,-9.69475205797871
43.5376554093447,56.3650643135102,43.430800677884,30.9545878775765,-19.1761904888212,-21.0998195146041,-14.115948739871,-4.72702199075063
29.773075855626,41.70166051996,37.3483756618812,18.1935511381524,-15.9493709837035,-16.7395313062484,-5.00805995288286,-4.4421582514073
48.2016833003513,49.2118775546371,43.6417100867269,27.3861460870507,-19.352326850304,-13.6288216272283,-0.538403601342317,-7.04241013798316
48.5437683734765,48.716170551311,47.6203394694732,26.0875016071542,-25.3164320348891,-15.7453115466605,-5.72274614768359,-2.80581788471241
57.2016396368354,44.4095884101958,48.4843485732897,28.6814642309122,-20.1821897464939,-6.25883899396517,4.32956832877376,-8.36366527643806
65.3184255187872,63.7012166189505,22.7908626942041,47.8305474262521,-26.7905211051226,-10.6234819236497,-1.2964984709405,1.79228226539734
57.3870800989783,46.8371899027748,48.107366201046,31.3790131357734,-22.7725072515867,-10.1759762898207,-1.47015413356303,-10.0683973919789
49.3661776975621,51.6648921606282,44.5839085269696,34.5922820209596,-23.0316312763037,-17.2642687800663,-10.0504548447046,-2.07311923926387
50.7986818796882,51.4326202688628,42.8942634696117,34.915406572988,-23.5257297556663,-18.0273158273902,-6.66424079114753,-3.73909267816137
33.1482801336551,37.0664714024003,38.7337107556573,20.7410266790748,-12.5005217893385,-14.1725865055697,-5.81682605913687,-9.40227795408144
47.0908292244281,39.5677760515336,35.5755476891732,30.0562475439531,-19.371300161613,-6.96272715093528,2.00216749941962,-2.37389593126038
34.1240115722895,29.1510548951875,47.2568559411507,17.1998505095076,-15.9449646423131,-7.27997851615268,2.29636092019367,-1.27449222401749
48.3877404329344,48.3195433966376,45.7392421162954,27.6024297387686,-10.0300143666057,-7.90156503289149,-0.0576812322236169,-10.3109155592751
44.3722971241436,52.0981288934215,38.6883892002015,31.7741967721293,-12.679901649719,-14.1492677779183,-8.57151941632753,-4.91630825871585
32.6419104766766,30.7315574590129,47.7708354023494,21.2711792688804,-19.7776796600953,-9.38107191154598,-4.87923230005605,-6.67316982094846
63.6918767918407,73.1303200170255,32.3393099745892,25.2739581372053,3.0931402205243,-11.1354333325673,-5.80228449686577,1.85077210221656
37.3167492301446,37.568147303423,66.427398701175,16.0352334520686,-18.7483209830625,-16.4459763384351,-6.53927926881681,-6.31708378827345
42.3935242233733,34.5959609522098,47.3253376521039,26.5986282963483,-18.3312105433949,-9.82191710963967,-3.50418707264663,-5.66031081005063
46.0526662006133,33.3339941760216,52.6281707318474,30.4680594910683,-22.3895647573212,-5.69562783497159,-0.257758033531982,-5.29789715617205
-37.0413876812571,32.7955162562616,25.9218824710943,38.2155716177896,20.6890777511039,-16.9273572002835,-0.348662341841441,-8.32407570407232
-38.7575204366391,32.6041040960849,28.0294053784378,38.6038422092408,18.8394088363895,-14.4040961099939,0.467304098963822,6.59176009108358
-27.9117670385527,29.7196615303288,22.7714427563389,25.2025461554285,8.5183538947328,-17.767931941283,4.68321880290801,3.12590125465453
-50.8329776437822,42.6466915930953,41.7836191723125,53.9550217903348,24.5960427102002,-9.5163220194142,7.51757824590925,6.6402491474727
-39.3775435943336,32.3905600661425,29.6546411872975,41.9874857416255,20.6552950812049,-11.1006503683401,7.12180314250834,-3.45928050063903
-37.5051670796811,27.2182228155875,29.0732909214686,44.4698037170186,23.3528481747569,-7.21695383573491,4.83404617908247,-3.07490234414142
-42.6557870255974,33.7485248622796,29.8893367420989,44.719328902873,22.9280357828204,-14.4123963093267,3.53038807041787,-0.862168883855851
-31.406727781493,26.2755475287904,26.2059794640264,38.5015729253807,22.4228920338045,-7.58845831360577,7.10134188951319,-10.0418542266855
-38.3077687802904,31.2044739289491,26.6508333801371,39.9141486692634,20.4546381205191,-9.74252556212801,5.3620458074073,-5.17796419333336
-39.2682651874279,31.4512133542439,30.4399983791778,43.4135944646995,22.742071461437,-11.2954498645963,1.75648632034289,0.683718743581803
-37.3089698193645,28.4107359395646,30.251331339173,43.879129581197,24.8533973203484,-8.60440249229364,-0.129717096184847,-10.6819028675837
-39.7893578505002,28.5309768187304,28.769932146691,48.6546059674115,27.75466070516,-6.941415358494,4.49850984253157,-10.3666292732884
-27.8128247369565,21.8316029653601,23.5502136990202,35.3218344318015,19.5258910061937,-3.26403505055101,2.57397650802945,-7.65816067925962
-35.9615906779454,29.916805369951,27.0543062653623,38.3963845835741,19.2090457342929,-13.9775792625549,5.7967520652432,-2.14486712992252
-34.1559988594608,28.6252944155518,25.8646229660288,35.6371663235448,18.711387575333,-12.2574017306279,5.34749282263611,-4.55643273793349
-34.0069909551564,27.4698588218885,29.3939879087856,40.8299477780729,20.5146726695457,-4.58899929576404,7.50647698290631,3.87858775956167
-33.3758070847628,28.0084800152777,23.8766402787291,33.0307802143109,16.0202765644452,-8.90394282780434,3.31779422620538,0.318424117178106
-34.9349897032779,28.2798806405216,24.0138136515556,34.0377330071003,19.3289792293036,-16.3298664307342,-0.716053735147925,-9.83404120179953
-39.3020183682468,31.836797792459,25.501031494044,37.5927653488243,17.8550476819498,-13.9743346034496,6.80540838893666,1.10564694002889
-29.8652626974452,24.3511678769889,22.4108353976834,33.018988176489,15.235544355288,-9.3461649197524,-0.686130775433965,1.19282764048749
32.5663189389366,40.3716709547192,8.52719818915829,22.1765302727868,-7.5081138119041,-11.83279277478,-12.6210369280366,1.13830075538793
45.4393989780303,45.0491014608634,7.16403861451656,35.6206893239436,-9.85729452254794,-7.78302812177895,-4.3758858178694,-4.64570318298938
22.3077953774559,28.3475976736422,25.2961562859217,9.69415297551519,-7.10036208440282,-11.321799945125,-9.96716844082261,0.824552042937238
24.5095320216233,27.1493889626901,17.2273337542051,15.9799865194213,-5.97005201830248,-6.05818120924739,-7.06074131983746,-2.53174678448586
28.4777002325913,31.3288941480574,19.6910328447612,19.8241073116144,-9.64251095485841,-10.5078803539481,-7.90965755961006,-2.14814558016855
37.5530866875117,37.8018050676759,19.4132290742063,26.6449033676172,-16.8973285930648,-10.1173288287307,-9.95302223425072,-1.06651575287908
26.1332827248381,31.3451072539314,42.451906958645,7.06523842763113,-5.72982993591656,-15.1402884818536,-11.7211191949247,-7.40569876682409
40.9621182802129,43.4443254469584,34.3319423876954,32.0237529596146,-15.0185954609677,-12.9793717892926,-12.3535476284684,-9.17939755127413
28.7761394138642,30.8799060809264,26.2124780710179,15.336017835513,-7.46768888057638,-7.85012875985617,-10.7908969036269,-2.83813042445762
36.9542108146841,40.3562396135336,17.2400553513805,24.5158317543959,-7.31025682497707,-8.13593376156477,-10.1920763704138,-4.8386765692017
47.3821266857733,43.2919569632481,13.0181304073382,31.9345140519831,-13.6622867890877,-3.99109232334468,-10.6132355993703,-2.52290842606944
45.3233913149092,45.2348481615668,28.3348604970764,29.8568683186586,-15.7646440715874,-14.6684189847459,-11.20193674864,-5.75737830320856
42.1021535533064,51.8866450787086,20.5430529551591,26.5211513128407,-11.1457820632196,-18.1642249181656,-16.0352777629961,-2.34242504704973
36.2882517434715,47.0487042955139,20.2073316782876,25.5272489524144,-9.59426030364607,-19.7794694944183,-15.130309732602,-2.63429565695804
45.8530022148504,52.4099740298628,4.92364676044799,33.2773731030037,-10.3719891326513,-12.8487302762749,-12.8088245786028,-0.536797430092781
28.3283869495486,36.0938641728935,28.009956919867,18.7717087292205,-12.086904938408,-19.7501635613687,-12.5468013995014,-7.31181961341683
54.2165021749748,51.3470508683196,70.8056390377657,35.3771390272002,-27.2649176185826,-22.909962553643,-16.5395643053815,-13.3083754029041
34.3248516028382,42.7441649866257,10.5410234544336,26.9829010893628,-6.96690564649008,-12.8290718263062,-12.2486753888523,-0.400366561447137
51.0989118217403,54.8384333189413,8.65078909835169,42.9663615468699,-19.0616396719681,-14.0330630735422,-12.3537976574597,-0.480344881102574
23.3143713321755,34.6634978701306,34.0831535377816,17.140395927759,-5.6377476985829,-4.65884875636529,-9.30142522623087,0.948507183444285
31.0618486947025,39.0284919234624,40.3540174465819,25.6255792367641,-8.71175304723533,-8.89822858358084,-4.5698519373452,-5.0108966287272
19.8937025900827,23.4085112718347,47.615161685547,26.1703819606956,9.34726399454451,8.13852712698484,0.010883238575017,-13.2348026094417
21.1276913381923,30.8771012391064,44.9356148409508,16.6489300861149,4.97787567641119,-2.04858338272198,1.59975771839216,-0.561237675633378
17.6933441909547,30.6772297195077,10.5558889396992,12.843285698372,-9.00141627313712,-12.9933151968019,4.98209580019792,-7.9623518126351
124.058929882417,-98.3585619717562,8.6418886903249,-2.78952476874867,13.4377868183727,94.1466091946487,248.807532284665,-51.6355147998874
-33.7916840562292,44.926559429016,10.7079288226929,3.01728047681894,-10.0698310319088,-15.4855863391488,6.03239810540839,3.6547598494492
-41.7268131213745,56.3085336921809,14.0343951369419,0.165459622062306,-18.4491337136556,-24.0951616711937,22.5532737319846,4.32365252365841
-32.5353471720217,42.4371980014005,10.9106353416386,6.75602688299721,-6.74338105328976,-18.4489752937893,9.00337933011878,-3.86007402566555
-25.8569224685609,25.3879509222302,12.0880971512112,12.5073382075509,3.27830331415415,-13.6394061633427,-0.235098095226142,5.97557683036535
-25.1806384394353,30.1194514184806,9.87607523198954,3.36577329139903,-7.73014080764839,-11.0090723921966,15.2512026309528,14.7021344655117
-34.3387754781621,41.0767728562733,15.3049489926849,12.801139407595,-4.35723410673028,-20.0362886256276,6.49883052775488,5.97248039221277
-33.6826784374427,38.9592976589162,14.7260402658059,13.6821692302633,-2.38206473470613,-16.5047402533412,15.9359418563359,2.54625877957115
-28.9713235836003,36.8318452580781,12.6310725136355,6.89829090378575,-4.71121357416055,-26.089101342013,9.29659136023714,-0.327402400721769
19.1863023532559,19.157107960055,19.7007544614515,6.82887157722789,-0.395567472746302,-2.97034007920725,1.19413645664397,-9.3551285131896
21.8299367488532,26.3320482815812,36.6973049374055,6.56057597222641,-9.56817174771409,-12.6812623029839,-6.65282549924221,-0.758004119216388
29.7321422717953,30.9849713993604,-1.03745505001703,24.61008255943,-4.9838103565199,-4.08885427705732,-2.27398694440965,-6.50877765123113
27.6544494395464,37.2729341328364,44.9348699822115,48.2448475711935,-9.68051022924593,-2.15400931313367,1.40236065187937,-2.71870143007903
9.58398375621388,23.4962254954692,46.9943142837512,26.742256931835,-3.91835854538598,-6.13797070868361,-0.771405987878401,-2.26098086994479
20.2401226964645,43.8884970078497,41.6066237136688,47.191669680889,-0.222599141510198,-7.52988083124096,-2.28404904816651,-2.47133275054199
21.6134084123309,33.4009956552944,49.1380504471281,31.1551212135124,-6.66320720298763,-6.31661123764363,-2.65369012357007,3.68614645965331
40.849448777152,43.5559591225891,34.8335863117871,44.9905387392809,-9.56577600121389,-4.04478465604629,-1.53507030929933,-7.1897520637601
12.217882373939,28.6604159584264,48.2031514368854,32.2248332712897,-4.81701481733544,-7.09897619352325,1.34457912264558,0.560966817437326
23.3847545298088,29.0641026553878,47.6672247924555,27.6244538166249,-9.99422645129258,-6.75431762955072,-2.7765130690514,2.89308631782528
23.875628841661,37.540472319153,47.2423041967442,39.0134571040819,-6.27622252281701,-5.61788136365386,-3.53522918103248,1.95768578051496
16.0742778303664,30.3754291441722,46.9974699479581,29.5783801454097,-9.02861017086938,-11.6998999338287,-5.87128193829115,-2.16307147734318
23.4067048242341,30.121615098537,44.2052873156423,38.0833916778368,-10.3751835848203,-3.72109008140128,-1.1693660425956,0.008486001591027
19.9300927263366,33.3193040111337,47.512663131508,36.763533484088,-7.94675489565838,-7.48794117250385,1.47254445900516,4.34410997327217
26.3089937650487,31.8816656252291,48.4907254149753,36.3737284500415,-12.0885213796857,-6.64427993620819,2.88134107401432,-1.14063889104804
18.9760934520443,24.7260500616094,49.578303617106,28.6215920872618,-6.00297428544755,-4.14741319064328,1.49394263006642,-2.17132538620698
29.5942968065707,37.9647012766672,43.7823212458139,30.4144039974924,-5.43424178841817,-6.87542143738124,-3.06305045283689,1.09101760436074
26.9050434471839,31.1355134731219,48.690190193794,25.042351651907,-5.04658727771209,-5.49549580324845,-1.32859522300324,-4.44437273278077
15.9567329930781,29.7066935449921,48.2577018156377,36.6450850881409,-6.3670642665292,-7.19128566880506,-2.01667877600954,-3.28079088847222
13.0580519435253,32.6325021735945,42.4807042177063,35.1224606153041,-0.423497881409322,-6.70481166416073,0.806179087381539,5.28505827241134
26.9780667930295,28.209610996328,42.0444498701347,14.8168133719537,-14.182158487907,-13.2458439274983,-4.08498984225109,2.28536982710815
60.2944165915906,70.413957474391,56.4798842787823,-5.34391705756397,28.2995089893105,-5.44850751124073,-2.73865260713592,-0.118055495995323
67.7704927161173,66.110618865447,30.1083125502473,40.659934810121,-13.3187349312871,-10.2063421208218,-6.92233823904342,-2.57321782328836
73.5674627531602,65.7989790484533,17.4004771865457,42.8163868498867,-17.0652125001209,-7.91117663251115,-6.23887820957311,3.26999691274959
50.1857698448472,37.8019095655635,42.3055193523668,27.8522545771831,-19.217920939656,-8.66482644085176,-3.17517756979138,-6.09611456399181
48.9383540623639,45.9200519340764,50.5324199470507,31.8250968113606,-16.8363281545362,-11.7258395406563,-4.05033931489122,-12.9724065134867
51.6228511171112,48.1135662656288,50.7661280072897,36.7041057422419,-23.3287993714491,-15.714430931037,-7.52910681883851,-4.06836138648797
62.9815192032001,58.399650994602,68.0506679113443,29.7381861591973,-10.259536589912,-10.0186903616282,-1.81201956260551,-4.08916498508908
51.1401121160354,47.9626005003915,54.3080674474135,17.549129560622,-9.57786966902961,-9.81095229749814,-5.42953605295569,0.148131137155767
60.8835670534819,52.8162354580427,59.9382124328891,29.7010087302689,-10.9926057218575,-8.53174287752561,-1.61556464610219,-7.55151580487403
42.4490367914082,38.4137517905374,74.0705566078032,22.1952732987944,-15.754599330644,-12.469799729485,-4.04937443087322,-6.31259133076307
53.0820443556989,45.474142119482,44.1926008051804,36.7493294723155,-21.2393921617939,-10.8751700110224,-5.1501875497183,-8.14803219753948
67.6789690162168,61.6857280068372,30.0013070630444,40.5648340648462,-17.735858994051,-11.8318766717084,-10.6773501257414,-3.69178465082716
51.5124986757422,41.8783736001569,45.1823924037941,31.1113509246812,-23.452852849911,-13.0401589105696,-7.8721726576667,-4.98002194017281
81.1357003397137,66.1640473548448,30.767728285606,57.4231918072196,-27.1690580668969,-8.67353854730542,-5.49698351958564,-8.31099340878287
51.397557316466,45.5564956651299,53.8523035030911,30.1394551135431,-19.5891379232554,-11.5992100213898,-5.51592394598004,-2.94848240067541
28.2188290388475,27.8248573025844,43.7144077871165,12.8739887698346,-8.37196071010563,-11.299217522134,-4.83314876245975,-9.80640835939588
44.9901226516722,39.5734160621952,58.4598996052503,29.1409617451043,-16.565200676255,-11.5366913294363,-6.84340628116115,-10.4635931640541
50.8872268130562,51.8836668202476,48.2336145755432,31.399660244973,-18.6422529241374,-15.9854780755124,-6.09392313883804,-2.80105263110886
56.5807768775098,53.6427210018507,51.2255816205668,33.7247096456397,-9.82429509000763,-8.05437554200382,-3.65819583463222,-4.1294936866394
25.0161504957406,29.6821310757388,-2.38018104739919,10.0914047801694,-1.89665804522726,-3.41925096945108,1.91350373862239,9.30018933531365
21.85583866987,27.896344932287,7.97198479270546,7.36045393051608,5.22931881222828,-1.45773611954034,-0.261859358523898,0.729759595661203
16.6554807267076,27.4482069889673,17.9444747975196,12.2290392386498,-2.0381363786206,-4.82911962656476,-2.32716570791891,-2.07411735558795
29.3646446567646,32.6691212225239,9.07885507549864,17.3787039369861,-4.81501067598509,-4.75845596793905,-4.75232301001249,4.2334921337718
27.4548747827234,32.6685952873954,1.99634026297348,19.0444430865065,-7.01408829132717,-4.28372876219544,-3.07327134044252,4.45771251617205
33.8494505238349,32.5005949076314,1.35127773990927,16.6931548436951,5.00923075876963,4.29242123466655,2.75216397265777,-4.25961871914076
30.1641722683631,34.9931798385031,9.20232647029296,8.87243726789464,6.64526550698241,-2.84778011963967,0.84620236623808,1.53130425312528
32.3102478304715,29.3525422953424,17.064929769875,9.45052000329691,3.01851612204829,0.785490151853679,5.91954341448256,-0.873154467457291
27.4726671810768,34.1585715473995,2.26471148028016,3.38202296057051,11.3589205797759,3.6345517580084,5.434574835,1.55814866768063
21.7133292499243,22.295086362111,22.0079760778396,13.8165478751542,-2.53053983638153,1.67811459403674,7.59381797788801,-2.60470776888642
41.7233947687963,40.7054671267107,85.525899262021,31.3900835021616,-9.41438112858197,-1.24139816825831,5.68043743479548,0.260260628409271
24.7659586742265,24.629151614132,15.6762899252504,13.9155822380745,-2.51750875297789,-0.771444187644868,0.21484681332619,-0.983424729525373
16.8132574099066,24.337019540988,1.95450044409792,8.02213677908216,2.97650720126034,-1.86333335264301,1.61988884687818,3.1700907659625
27.4547340464902,26.1674584376003,13.5064711693678,11.922751650953,-3.55215415637759,2.9144668571888,1.95875325635163,-0.0633487561155159
21.4454612752434,27.2027951853517,12.959725846439,3.96617361944436,0.66635205285673,-1.43449900935582,0.0203306158083308,7.44361333608863
25.8048372142145,23.6769880968397,20.8546314934436,6.02490312312109,1.41636066840825,-1.30633467287842,0.162086574937857,-5.32537423179433
24.7692165314702,77.5564065440862,132.325267687514,87.5090103284132,-5.2714991598176,3.00138234001405,12.9867785890988,-7.58818772973962
-70.7701823433434,79.0636649444176,31.1808212746869,30.2544854666645,0.641351644492569,-24.5195402771616,1.87341163153248,-6.91362416962489
-59.3036591465126,70.5053395655946,33.9717631282793,31.4405987916947,-1.18918113964416,-14.0158779010333,-23.6624285772667,-7.68853318553702
-69.078947188815,64.6360679658575,33.7915627054559,41.5848327178082,10.1185450082952,-17.9371026102639,-15.2885955990626,6.48624807421616
-79.1510401371302,74.301526908382,33.373214145723,31.5157910249936,-5.44693961190503,-7.02173667114888,-13.443809606446,0.496393391369071
-63.5239235177886,62.8057985876725,24.2838383537191,17.1769508555756,-10.2478403019058,-11.5970169926635,-27.7037484721824,-5.82380956909085
-64.8019672299088,58.7023108326167,27.7895214929936,28.9288834866908,1.76253796085533,-25.454941871477,-5.70701419637805,-7.13407317475616
-66.6954605829467,51.9271761744053,36.567683830897,47.4768374432557,16.1886891162319,-16.3439599815446,-16.8389149713383,3.72443969223492
-44.2933273499793,39.4991389936446,20.4239069634908,19.1052375732481,2.11392401201574,-28.2917893595151,-22.4558928247559,-7.20298742771834
-44.7617056330797,43.8405664918067,17.1825960457612,11.2979975131028,-4.76867241917412,-29.5420134628403,-27.4083922834675,-8.57776319852812
-51.0571005753041,58.6321384136336,15.8179189354908,5.24593875605074,-13.2588201213958,-29.3063592448974,-11.8906980578129,-11.9594595574357
-49.1908765015387,48.9049467353388,16.70249971898,9.77791052227568,-6.55624954258028,-30.6056067513033,-24.0910299239722,-18.6409402196121
-43.3049777944381,40.1308002671734,17.8054060646035,14.4665508861948,-0.346095917874568,-33.2533341078099,-23.3962799759094,-10.8588140895278
-43.6645607346896,39.5484248406004,18.8581356637169,17.8318497195618,2.71423344895058,-41.7948757483487,-17.1761110228703,-4.12896392082141
-49.0628569685073,48.5675572697809,18.6431540903329,11.6747550748312,-7.19281973137077,-24.7090320823532,-22.3438398930658,-9.59572002233364
-34.0550346450168,37.1245531905447,16.9747077260597,26.0461160842593,11.4268567281935,-22.5094613347978,-20.7654674108151,-10.2488780962445
-37.1938679921948,39.2178852289676,15.2132560914661,16.7152712370152,4.02937652969766,-31.795862104324,-16.3511821459495,-11.8722012398411
-36.9044967529871,40.5539547440895,17.0404123610127,18.7428876162665,4.89229366536591,-19.9707355899264,-22.322795567248,-17.466790960099
-38.2557258579584,44.3067993978888,17.2497239430334,17.1863764733486,1.31647589999595,-20.9756188205315,-18.344817564299,-11.0947670486575
-43.9882571172321,57.1899811156547,19.2223746754101,18.0730274100825,-4.4081751834316,-26.7654493452226,-24.1157167709198,-4.77375405010018
