-54.9472709180822,55.3998362704631,16.8499601221289,21.6398676794486,-6.97062376100616,1.06328587137624,-31.0287621158403,-0.634872556836024
52.8594359205577,61.5507948883295,9.1640204934809,-1.72361965810833,30.1210795103456,1.11749781166133,-6.35375608604986,1.32518237497976
51.1343546387972,50.3759715798598,44.8847835726828,-8.90171306616682,16.1068078298505,-5.88238690800689,-9.29208913077314,-0.912770037250629
71.6156355986361,72.8012178825399,64.1864688644868,-25.6535736334497,38.1161951182249,-3.64676937473103,-8.92554026973636,-0.775626629764178
84.4348390343571,83.3622637994395,25.4946485894602,8.66093719190989,20.5117553668162,-4.02968835222542,-11.7194809028836,3.21184993985209
86.8656063771591,90.5764822672813,35.0975641760132,-8.11961430940057,40.0036142854748,-0.266446852323732,-8.58085703665257,1.48040349631013
35.5474187726722,33.7659783670071,42.7525336950412,-6.19428865046855,5.20348279503666,-7.48177620902309,-9.01638737085763,-1.8875632045307
39.0925931669319,30.0524398147703,58.0634787075531,-0.753311715637426,-7.58082170604386,-11.0872986763783,-9.95776569949623,-5.22654907197566
71.9506354330486,69.066151571991,64.9346139372443,-16.6367022129855,26.4278382173738,-5.46477959222321,-8.97529816566128,-3.05485666887549
44.7590040710563,40.3928361665813,50.9045615243285,-4.95309422627012,5.59895644515451,-7.7548159075842,-8.84381798857753,-3.91404727407455
58.5126816499701,41.9471713233321,79.2083612087649,2.34157273458905,-13.3022432486278,-13.9877112964848,-11.262403242273,-8.08738613156974
62.1997977484503,53.6356769827601,69.6177694647184,-9.00795926817907,7.80018260452191,-9.96429418591545,-10.9437040956764,-3.63821751179436
35.6392550750802,33.7201955714213,35.0259608547525,1.0436373305145,2.67856441366102,-6.30030705761868,-7.60747693655042,-3.85002865330228
56.5058259609066,45.3138654553061,60.4888361903545,1.77039742209976,-6.04484558460678,-12.1043644685622,-12.0281203824792,-3.08325113248145
91.0984517995006,89.1453635697417,67.131773560401,-19.9438365757953,36.7933542315726,-4.5813602505801,-10.4844577366177,0.10753851593838
77.7896770327097,62.3391055490751,82.1644990942625,-2.27739759450683,-0.878406559255375,-13.0983313087272,-12.7685778780995,-5.26053909915217
85.5066265205526,68.1859251863809,82.0272542429202,4.8483131902331,-2.37196237012545,-12.3359175674796,-12.0167255044945,-7.59043001238457
56.2788240883746,45.7725115383886,70.8526812842607,-5.11100292146302,0.389692850199663,-10.5326806415125,-9.75411416690247,-6.58112396779446
109.575286078255,112.886409529468,76.6074303125146,-33.6165503559027,65.9366699672724,1.27199239463042,-7.80678199961435,-1.47767888962752
71.4373062605705,65.1412232964652,59.1317183250601,-6.40022639191745,13.361048895166,-8.11057513558967,-10.8153972040739,-1.77569323509827
83.0048970494289,72.9494958397563,83.7826275432683,-13.5988222064376,18.5117377056965,-8.5697637935772,-10.1207578145548,-5.78578876471836
-59.5599851275304,89.7258234483216,17.3355740187926,-4.93494818423921,-1.41820152964521,-12.2546193260986,-2.4903825108079,7.70465276409142
-59.8066574325496,95.3651382966485,13.1944891881647,-15.4440130921546,-10.5755706905928,-17.7470733983429,0.950239275321171,2.95125105536439
-51.8321349791628,75.0102079184252,19.2668625414763,6.21069132277793,13.5490640299327,-17.4257565784846,-17.5459454609773,6.29953496776692
-55.1979435482208,87.4736898427854,14.2737288886673,-9.82356574614277,-3.42138305122928,-21.5597424253091,9.1224832990359,2.38526313790183
-47.5147451859901,75.887274023704,13.2042316364268,-5.76291944083712,5.94187608296501,-28.0393828844061,1.16137202066747,2.17986025514269
-59.9057292513507,93.3981007071595,14.480149039936,-11.9738397928415,-7.19271275631403,-16.372881269206,-2.02829438238973,4.02486731578689
-57.663246899748,88.1514216631333,15.9264991842521,-6.06043650853099,-0.841232495384596,-18.1363015702058,9.4278066323478,-0.305121398375329
-53.0176860052071,76.5582909200902,20.5284997661278,5.18000369538294,10.0392229031496,-1.82168336086733,-22.1757815357144,8.65602000221299
-65.0237570075251,94.2446937299188,18.6571188539231,-2.32777182940932,-1.19347828930021,-5.34211922701901,-2.59430333761047,-4.95087128329616
-73.3920856250694,103.437682646229,23.2528352203386,0.03856880978916,-5.94868064830719,6.32828356418655,11.4409188039376,4.4488342849641
-61.9767888868769,93.7515010105191,17.3631137324648,-6.85587365934171,-6.17937801269075,-3.2838821290951,14.8142118587666,-1.57773868350349
-48.2102050683818,72.5176709051514,18.5536903739087,3.6941886391341,10.9634635758158,-15.9102242108451,-0.853850447316655,12.2490250160557
-47.6243979568259,73.6230335432998,16.9265098414181,-0.745706602277987,7.57045568294923,-13.2893033294032,-2.3030802306507,4.86903800113566
-48.6957680132015,66.5587460085614,29.0136508180666,15.210093514019,1.87745691198526,-20.7119184604308,-7.76557557815108,6.94847291799676
8.18936758404137,43.2481137348545,61.1732854116675,20.019733082901,6.46966921617329,6.83710091551028,-1.04526222112867,8.07655422899949
22.7983497034141,49.17940431917,47.693827520579,-9.98796436128091,17.2029740807299,-3.14565982260426,-10.3712624924976,6.6160774181655
31.7082896162573,39.1795651037303,41.0960310297241,-10.6894954661374,17.5699315418358,-14.3139106935801,-12.1454418658619,4.12425075426652
-72.8928361878167,85.3987230615109,43.13758412744,54.46663839495,5.76154604129136,-11.314462038273,2.68383720676943,14.1230012031531
-119.26468226175,106.455023328482,73.2407852585274,95.7638884080594,23.9041010551589,32.9800781865496,5.14618350463657,15.3320572143679
-97.1879986880353,85.443301314527,64.1426752230659,81.9096253516931,25.511005237873,10.9401936682174,-3.88451234913346,14.136476589562
-87.9608184611976,87.6579122162845,57.5130156262583,75.250820585511,21.3925497014693,0.369163059938962,-2.98503086607168,16.0942458875544
-107.926714345016,118.565515183354,52.0865365742666,48.9371370001509,-14.9869224359708,18.4521273084782,22.51636994483,13.264781749703
-92.5186236708341,94.4391580344882,53.8995888883964,67.3724605080505,12.8626323436894,1.09069699231029,4.00277822385167,15.1983575548147
-90.1452590012936,105.457983546378,46.6409610553348,47.7828412142356,-8.61367138769119,8.74408726219782,4.22087361683303,3.99552492524856
-84.7354948484302,102.730767864194,49.0973378861905,49.4597714743837,-9.96153188160211,9.56273202992016,-5.6328002578184,9.97262486351671
-90.4455850153658,108.037962565946,39.1765709959656,27.7230086760789,-20.5833853239532,4.82678300977439,-8.07763314153209,6.204972905221
-90.7708681722132,116.328206225821,38.8938874625342,40.8768349190348,-16.0150549956198,-13.7418826909685,18.5512721571462,1.84188409969562
-96.3002173410478,116.582832535616,46.2820682192675,51.3014671063138,-9.28541038943959,4.4084553238928,-1.66358541678963,3.0390737047292
-71.0696629491503,83.3518647151193,36.9907801874191,37.5059277854494,-4.57294512053252,-12.6406508911509,-6.22901768239365,1.96294781443526
-88.9211248089777,107.121275965069,45.9115898338616,47.1144754429938,-13.072984822621,10.3708711730966,2.22798591616254,12.0191784023771
-82.1759348843733,88.0165857111833,47.3258824446564,49.950535366628,2.24388732757611,-8.96226067221316,-4.00102033783758,19.1112847265693
-72.7994803407105,86.6641088104355,40.7159538844551,52.4015296189511,7.25312838270184,-27.3685714303801,7.51871570842142,14.1494564515289
-68.7721798306077,74.1366844950944,43.059662183063,53.7019078932395,12.3052120879273,-20.1613833523428,-3.75250252063521,12.7292989848929
-81.867496437051,100.839014427643,39.9735834849405,36.9196227474003,-9.82873121090818,0.294290156854599,-0.9828117284381,0.636625452567949
-79.4157812416758,81.0518721588957,44.6103443439752,60.1065777075633,13.106408677124,-10.1071164144579,-16.5729368072082,15.3587099002591
-98.9326683406941,125.425144759325,36.6076676607206,21.5192657254213,-30.9507173497133,-4.66782856897333,28.953506125973,0.451738525476783
-79.1461476770779,85.9461913558296,45.6702808238837,49.0241529042184,1.16066585659685,-0.605772349474295,-11.8783232753342,21.9290136572764
25.2601484720351,28.9810947175283,48.3826099332707,-0.863437711174168,7.32216862326656,-1.11994548044724,-0.250905115741283,2.9074466034554
62.591978077434,79.9825086950116,54.9132974569071,-13.3208835346419,44.5747414185646,-3.08579461820641,-6.16325910875581,4.06480996678256
33.746773622486,35.3085031328553,49.9626321648224,6.29548792889821,11.3907726678976,6.50057130026275,8.00718404410656,6.65085483815016
34.1192135633226,35.6094522995853,80.0394453789657,43.5120086804797,-13.7489949136293,-0.1191581876102,12.6209420333674,-5.35941192809983
24.070454283782,34.6221633161947,55.8030225784289,-1.83271685791727,12.7476328290858,-0.535864452947017,-2.67153541469957,2.13016438864307
26.9957931064265,41.6446689280677,38.4750367232716,10.2967797025555,-0.62834943453781,-11.3950573642059,-10.8965264031738,8.35037672440902
48.3124126463757,60.6686492174955,40.2838455998587,-0.718967302527684,25.641777964462,-1.374206742949,-3.37196085594141,2.0035469912301
25.1413733565055,38.011722247974,40.9767764317945,13.0814593854145,8.16147218009533,-12.4742312155084,-13.5050783768153,5.44678677700939
28.3712316027508,49.5352603910913,45.2018138534942,0.910035080201642,21.5049389014659,-7.79514584350445,-12.5322132886102,6.03396104754451
42.294208260023,61.6533648869233,46.0027887223985,3.04843565094351,28.6617108139447,-6.78114591601379,-11.6871111384694,4.58410000415116
45.988452723229,61.9673161000397,63.9172474315926,0.57854069311207,21.9393851793031,-9.1756293221104,-13.0741486781001,3.41620320290682
34.5406799496399,52.1669885744528,47.6295181322602,10.5875276411316,12.4529929315946,-8.58607104041683,-12.4200863122406,3.41793731994917
28.5551859470933,36.5361739698384,54.8442049245983,13.8622915189393,1.2559441248195,-14.9511095825565,-14.1815776713209,3.36001458956098
18.8712361934222,30.7217641940319,54.5198507046778,9.85064516531371,0.548689330910463,-13.5253878983747,-13.8786707313937,3.31337739511274
32.0456702310459,42.117111774257,57.5362543825099,12.5376834427653,1.85073587710622,-13.630510855876,-14.4966037489183,3.25162485751586
25.0092654403141,35.5272893730911,51.7538504292139,10.7233652099682,6.16040243187654,-13.4214596562943,-13.0744778940257,3.15991544682513
29.9609575285071,41.9602008971721,60.2098052887765,1.61223168230055,15.8178194287395,-12.9002323989719,-13.719916597545,4.50687112010172
41.0357712489131,57.1190590653644,48.1946160129101,7.56750948029854,19.5230595647879,-9.39229901046096,-13.404251342567,5.22319838102232
17.5804397710417,29.9390071829822,41.9247033820835,12.7350564944805,3.68191296646335,-13.5144011391908,-13.817615140581,5.54838203722377
30.9852469528573,43.4886772700476,64.1342033513911,5.98226699060278,5.52095676638464,-12.7076664032884,-14.3423968794702,3.28700801223762
41.3314554414275,52.6044807901378,50.6817376664136,11.2121801978724,14.8171936521209,-11.799914825275,-13.2799379708553,3.98882361550414
41.3226489239819,58.2798428088558,56.5402954540416,-5.77767626876657,33.778060413223,-9.20208427948494,-12.5989541535549,6.01794856742166
23.6110564472825,37.4643595493426,47.2018705121504,11.3759679627197,4.9954997306319,-11.9785584646835,-13.5956411554908,4.28451174417008
39.3438549968042,44.5211519425507,66.5319689164723,12.6675694448077,1.7197707016146,-16.1529458960181,-15.350933184008,3.05345351511144
30.9826561440646,42.5591462363607,58.1742260103819,8.53711927031631,5.51365604077776,-13.2292567195526,-14.6416409754081,4.32000539653164
28.8991397304862,34.5068524632919,31.1970817119544,1.70172892881071,4.71843183648952,-10.2244290867259,-7.28393280623327,2.13630408380025
50.2936048376102,52.5132493104914,31.1009949369028,13.549109081737,6.10144434334366,-7.63942561763778,-5.32285788959232,-5.9031751231823
51.5073174890781,58.1470838425314,31.8977997200681,3.8068834852474,14.4215580283999,-6.27705800341883,-6.76754034527707,-0.536650340965654
40.2044399243536,38.8571378581141,28.1934239903959,5.04546716669708,12.5253117710218,-2.86900180868455,-4.38433215802996,-8.72847348931288
37.4407251925143,39.364160819793,43.5736438734591,-8.47506991494603,14.9214525059831,-3.66054686280141,-3.39286693519394,3.09806196936044
56.7267555757091,69.2230266921084,36.1677327929503,-5.72859940284299,33.0823143424521,-4.87358555100133,-7.33127725853337,0.00498068997762733
38.1549222314661,43.7356413123906,34.2545529265862,13.2546617729354,-1.38653479798696,-10.0790353240319,-8.37840457833148,2.69552188219572
36.0512970964212,42.6909047906277,41.4679517985896,0.590072287594829,8.37524776713846,-7.89784039410566,-5.67627601973235,-2.62817569148216
30.3410856586843,30.0947182656998,31.1060877840078,6.55095638756276,-5.41059954992268,-7.04581292336039,-6.82465394700353,4.36824836187862
31.4579092057581,30.6130394372466,35.5071110722854,8.64263665378389,-2.98734601930424,-8.24123556860385,-5.92804378794528,-3.31568120841451
40.2454694507119,46.0764314292413,34.8985330377009,-6.00524832451067,22.6543796310721,-4.12568033174684,-2.01223479896159,-1.91967018485716
32.4287418887591,39.18165860976,37.5652533518415,7.36655390115799,1.22014348539327,-8.50941782980911,-7.17399701367563,1.33797107758921
21.4682912061326,25.8251418450068,33.2890721281154,3.8089325765869,-3.48104829043302,-10.4827827197358,-4.59803934034119,4.38493364206488
23.6249359001378,22.9011073996086,38.4101589636356,6.54228736643922,-8.31812241857966,-9.43879800250863,-3.34911349733611,1.30251658075799
28.0285678924892,28.0524081283992,28.799104953512,12.5580344499736,-9.05665514204935,-9.679131703732,-6.49987583322003,0.543802715255683
26.5773910576309,30.0741151627676,30.5111547586774,6.25760205210293,-3.24791400411956,-10.9890132823638,-8.50519515343937,2.53401001320519
35.8265376485214,33.9778787919847,40.2404122640866,10.7523183944733,-6.44341068563769,-12.4604512753317,-5.5582968196106,-6.29424638717029
27.3350389826177,31.538032341476,34.5940372168704,8.35537662454691,-0.858175911692488,-8.74867073973983,-4.9339398883621,1.96130921394989
36.0392729218091,37.5478146167327,45.6725237238757,27.8348946722419,-11.808616139894,-8.07458654088386,-3.69378186696906,3.94926211140978
24.8435578186651,32.3094484230887,44.3317865754648,13.0103515562716,-3.43362433891891,-10.5866382347471,-8.34524490517356,-0.762257948976523
30.5599946605945,34.9976828352666,63.4392430954889,11.1088709368553,-4.4409583527522,-10.9723067977021,-4.95810327957594,-1.12107740539376
30.7392097266508,31.2274839594457,45.4055520823148,26.5399960837948,-9.44887723427859,-8.9389467612448,-2.99897840159796,-9.99112382754072
35.1553221580723,41.0938501142712,41.5921127506428,20.6546385796901,-4.63613195704185,-10.633068041524,-7.58337480422375,-0.777687163159264
27.4983669798176,31.8995687673319,53.164565910264,21.0060881512907,-4.72798600121326,-7.96230882086123,-3.54056858363281,-2.52191338751367
35.2267844583304,34.8636111818201,67.515356722756,12.6886394877994,-2.0269488846716,-8.88129956832089,-4.33526813098826,-9.57982229501555
30.3109561298558,34.3861324274898,49.7783162574627,7.52992283126031,4.57748037775228,-4.05808772475695,-2.18187733372334,3.27639122735784
41.731330752008,41.1672792551443,67.5520839365394,20.6090447237935,-12.5058630673064,-16.3038111000814,-8.17905307079867,-3.43780284964666
27.3137580503031,34.3165847686737,54.4623191412402,13.7605958071499,-5.65497925941177,-10.542679076772,-3.3121820003225,0.222186449585156
31.3512591261328,35.340817982675,46.1698273562831,20.7384685774842,-3.12977632439161,-6.32010864844499,-0.829317895574173,2.5238787786123
41.0397460844919,36.4408618049658,52.4892949133109,19.1279383407679,-8.46635205720565,-7.52329804804413,-2.07098541738227,-1.12268488452337
43.2130509850249,39.9914706132861,44.5363438134868,26.6955244453231,-14.5579626769615,-10.249157247093,-7.42378775242407,-6.19257665329715
25.3707700897418,32.4805488726747,33.965124183002,19.8759751760525,-7.84378356854898,-10.7352242055145,-2.40611583296677,0.0304957855661015
22.4650712745814,24.9625096881491,59.0156330571774,17.0985043690151,-13.5099319597647,-13.8914936254826,-7.20323346528762,-3.24422372167659
31.7723976678351,29.3065187845104,49.3965410112053,16.0943183541301,-9.92395534709725,-7.2354035592372,-5.37384623522388,-2.41285750789756
40.3832195629587,40.5755067191054,55.1842057469917,22.9907951695625,-10.2837926962762,-9.52488209936521,-4.6336201071842,-3.50748565163938
37.6857709777216,38.3169434146921,62.1741903496596,23.6330053574118,-16.7361101729651,-12.0079541654587,-6.20893719382414,3.02983478184793
44.9912167904848,40.8967937100067,69.3444671874547,19.8498773019223,-14.5615305079053,-12.3512509696904,-6.77976415429395,-3.77025260183723
-27.6782588743272,23.7163141347274,18.1433731300465,27.9443272488057,15.045578741513,-9.75873719251773,-8.66766427911248,-14.1819807342134
-33.8716027079435,40.6762188428507,19.1591945622672,16.4898675195469,1.17467683544679,-7.27069998349074,-12.9661773052905,-9.57232151635552
-36.8051083396077,42.4620365985643,27.5206605906934,24.2307248152275,4.59280160111211,-4.66735412667741,-17.0340306136606,-8.55804341654558
-37.5867948856345,39.3481620922748,19.9962448258984,20.5934584919334,1.70185971029922,-4.72372543224313,-11.0728288103414,1.0296698400265
-42.8632071652392,47.179563320816,23.1938774882608,18.9592068887958,-3.76720958808901,8.48485914202915,-21.5906442171396,-8.39415584003563
-25.409208705573,24.6150851624418,19.5399728087181,23.9207704036046,7.77381006769263,-2.87124023316757,-10.358104676118,-6.80427646288469
-32.5636719941286,32.7791914322092,19.2293128399796,23.4625097139676,9.56704349493397,-13.3558450414746,-12.823926674929,-3.99613999816091
-24.4051919714002,24.08403567341,14.0883689619891,20.7271053112072,8.95565631880736,-9.77419179531684,-12.0571147137651,-11.0094980226807
-34.0331928443892,36.1332772385881,20.0819335018765,21.8334910670089,4.55776009756688,5.17245160556629,-14.8050020013939,-8.69867155934055
-28.5407027351491,31.0906003380726,16.0198048075401,17.6057916467804,4.28812755061692,-3.57970192587603,-18.815728401517,-8.90450401192764
-29.2634073073509,27.7814762252817,17.0565500184267,24.7607875163408,12.1141726097473,-14.5759898818671,-15.9939006026476,-16.327587204059
53.8433556482736,59.4377661459681,50.6913726068845,28.9387002294851,-6.21762916847491,-12.4658023322497,-11.674023013606,-0.688149128205344
46.9350746120029,52.5932730179021,39.4975824640866,16.2171413862242,3.82216130054651,-7.14253214737404,-6.61038770258535,-6.32416225402622
59.087448577981,58.0525560981245,50.4940006974513,34.5954779933221,-12.676842274784,-12.7812089742021,-7.41071358076292,-1.35626957992084
55.7373262806687,64.8654112645873,42.1886031979965,27.8524265011888,0.704825062742168,-11.4236032592506,-11.9990487226344,-8.24075768244581
50.414786669211,55.3184188410196,47.132783240079,19.1299752540892,0.145011768588909,-7.69653041313343,-5.0547298928921,-1.37014600143664
52.901429398259,54.9920484870641,52.1472275597282,22.9734724598448,-2.24645129839447,-10.7071535599767,-7.54159795933003,-4.4249842075103
51.4246827390904,55.4380477014378,31.4494467214258,32.6196317610126,-3.23479063491889,-9.56133718797177,-10.2965838404132,-8.16801248351802
61.3084089720807,66.2877383995035,45.7137199954154,34.4203270204677,-3.42135228979095,-9.52194185981685,-7.60532560696991,-12.7222537069342
73.0803614744951,89.9893254511684,25.5627331043728,36.3775577518895,9.06118568749082,-13.8044981895997,-12.6913303428527,-16.375227838198
37.5309953417682,49.7377154841304,32.5001214173255,32.0999293740374,-12.4446516397187,-16.9237531322198,-12.4391008866829,-5.93277024840847
40.7708578611376,53.0390564077112,40.8969245277865,35.6384791743956,-10.0743785359332,-18.0335258991839,-16.6413760340857,-11.3469482780749
69.7279341163952,81.0921926318635,27.2245910433758,59.5969772849073,-18.4037681658317,-19.8344924321553,-11.3660458462196,-12.5460581794946
38.5955600398178,57.6109534549417,36.0952188295165,34.2349740598007,-11.3553146933562,-24.4149229642367,-16.3375073262603,-6.29450345894002
47.4225751290512,59.6685320581761,32.1571837492345,32.3544322204133,-6.20938373518898,-17.7106371105741,-11.7650301882372,-11.2050154387034
59.0111215787832,71.5809601461435,27.2953375623537,44.1305085293534,-8.95060573903913,-17.7108080795269,-14.9715460857764,-6.86331080966188
73.557903864677,76.7616401914663,34.7947534654375,42.678736703576,0.675903989507543,-11.2321546061677,-8.59447854075757,-16.5057001222038
48.7034146051551,53.9896631527001,31.691473326264,41.4038307239504,-11.8346668596003,-13.8680982726561,-11.2651923094435,-11.4315040957008
43.8476018014292,61.1745113895014,23.961868632469,35.6125667252922,-4.87382556473381,-20.4438010316303,-14.562492637552,-12.2695907719119
42.0399787139156,58.4417486561665,32.4103259057209,26.0233158360969,2.89825930340493,-17.0903113203391,-11.8563514655455,-6.56215695785097
47.8347679709283,53.5815025293363,25.226557793304,43.4459081672702,-17.644952326389,-14.9734276949398,-11.0723217305309,-7.21271628582557
-74.4957482307921,49.4195711608858,38.9243902951058,68.3421009533123,26.6815089699114,3.08250119461497,5.6992127261018,18.5698964562786
-96.1818559231418,86.3468631616415,39.208152285893,46.8229748820098,-7.16604286609119,73.6216636397181,-16.5906358081018,-3.79984110661033
-81.1929725847336,66.0564046660038,34.5299411809304,49.4702739437916,3.32037558350266,30.0076387774795,-1.37288465958299,9.10553933404875
-85.4251587754299,69.0130974864925,34.2979967131307,53.991643336509,10.5874050611366,-5.8599657053891,18.0118398460834,12.0501096872872
-91.461325695695,64.9244934731441,43.6117234634096,75.7152404659154,27.7212888770545,2.67838886125079,4.14127594275496,13.0135000323047
-86.8292422895048,68.5115327274621,38.8093591793864,57.8793155985508,8.45170143801988,30.070772073193,-1.86848754891417,12.6544752238278
-82.0339112360531,57.1203476678976,41.2040498187562,69.8149936671546,24.2532509629596,12.7758317569122,2.49985998128665,14.3391805445928
-97.1354686421735,75.7906712362685,43.4757914503772,67.8221100507718,14.0703023809032,23.6029326130801,14.9163913720005,7.30357362255879
-88.591038254772,66.3859673953752,41.6150067794647,67.2124331025177,17.7196162630368,16.2013860795531,13.8524508258465,10.7895912769066
-93.3055022291987,68.774986591016,44.8033028575557,73.3913885399097,21.1973141789842,16.4169378715791,20.615704944987,10.7116566700299
-86.8869468645409,58.9323462403192,46.7669714144476,80.4304080536371,29.6724054841052,7.33216472124678,27.9483133128997,27.1151948740535
39.7717109350758,47.0724979460384,55.7654368380233,-6.71088099369371,11.3345546666498,-25.9491726344236,-19.5029954008606,13.4921297100863
50.8270138766575,55.162718385818,63.0902932424739,-4.30630095756248,9.9560877644876,-26.8571634604649,-20.2967022435446,12.8830138657768
45.53550122217,50.6209266556673,53.8683987022969,0.473938932121065,6.33988011008368,-26.3714823770777,-19.4132293363316,12.2372236289718
32.8968984938522,34.0075122615912,36.312076915423,20.6627693317499,-18.3314820793101,-29.4918646915831,-20.8912845874494,12.8185565708606
25.978609595131,28.4324324379557,52.6555585820892,5.32080860992126,-10.7248268413821,-29.3974967764848,-19.9401741477298,11.5773918641672
25.1520251087527,26.5555040400694,48.6499870630875,10.0040235538218,-15.3329337066639,-30.0125335815156,-20.2186008559547,11.5948000514208
36.6512079344362,36.8470858389924,53.0459300240856,10.1594638664226,-12.4775430888998,-30.0226200830659,-20.7416383947526,11.698993806981
21.9441906386673,24.9438106925679,54.6590130271714,1.79915104966089,-9.25529115480482,-29.5153209023016,-19.841332655259,11.661068568055
28.8785056578543,29.3488778385466,50.2736664217082,11.2802252810883,-15.8495290235417,-30.1722791362377,-20.3324579124103,11.2152828672411
25.0575885024104,26.425184161048,58.3501932184542,2.96549071853287,-11.3068187058377,-30.2260262752999,-20.1453919393822,11.1250286446713
45.8213312010919,45.3274346014256,42.6533280022045,20.1106948335827,-14.3526039631463,-29.4311830330041,-21.1081732077452,12.1836049144971
22.0699643154796,24.3382367159198,50.0807551190774,6.27532311059303,-13.813806031124,-30.2281102208733,-20.5222715527796,12.5072375474356
33.6859701323703,31.626019163353,57.0233288039597,11.6352397310762,-18.5848175506597,-31.7511890145224,-21.366548575547,11.1613967233115
35.9335776775122,37.3656546606003,47.8333727450113,10.9562362139041,-11.1372797038551,-29.3277412276407,-20.5651372894449,12.3505063887843
51.9665691884665,55.6178224835837,53.8898588423998,3.87149134346117,4.27795297012691,-26.9376664943767,-20.3490561350463,13.1057279664821
37.7966075012588,41.6295700504705,52.7232120620459,3.67348632645907,-0.457003548756821,-27.3804179229207,-19.4838573226049,11.5319047507075
52.803682459087,52.972967458133,63.0394229492521,5.05167718233501,-2.52398900312226,-28.9598433601701,-20.9481706631588,11.6828908871003
49.7933908206087,49.9732252067092,50.7009696633901,13.442920274931,-7.37919909123019,-28.5966764258106,-20.4664874297456,11.3474594387785
46.788197446121,43.4579504445001,70.2466466977955,7.35964958439119,-10.6624123085212,-30.8975020799998,-20.7295721099718,8.7997629704617
39.0055947941144,36.3146839548262,70.7737625063186,4.83877877099969,-12.5305951124764,-31.4247886868574,-20.9044914755779,9.38537798271988
-59.3080395064505,48.6119218012493,27.2744849242249,43.2659506619997,15.7950266314498,8.34989717113586,-7.05088879229842,5.89187119692083
-50.6329908498668,39.7646683939507,24.4462960376675,40.8696982929274,17.3976603609419,7.50305172317657,-6.44752832166806,4.52221756731226
-55.0226889370129,44.6540794360418,26.9953369703076,42.2945775795017,14.7074751599872,13.8482030715335,-3.29694252218729,12.1650203175651
-51.2013469299346,38.8824701632085,26.3467567614704,43.5770153088983,17.805301331108,19.8659566692685,-2.32220724817045,2.54014563221387
-59.9683450399154,45.8460307600478,29.4356986349547,50.2671947592499,22.2986131991227,9.67751110297641,-3.66129636524367,1.17040462222781
-53.0579583661292,39.7144194458355,26.3765118893822,46.9104340171849,22.7887315014255,2.14903425834442,-8.43057537960319,6.95038887012278
-74.8981259104691,64.9960546283023,33.3567662739458,46.3902836343759,8.06831953397648,35.7468827392438,-20.6965871779013,10.2400841071691
-59.9871156875375,41.6048747104089,32.518484328564,59.8832745397446,32.0304863544182,-2.65103609759081,1.8760783443823,10.4092563684463
-57.6116248825716,47.8381260917214,27.6920206779023,40.2657653836184,9.52073513344344,33.2207026908659,-10.4977799898763,1.867632459979
-58.0525822366227,43.0943244178384,30.2038000990742,52.3173463221585,24.7553476018439,6.88923292913254,-8.97439991986744,7.59157709892335
-72.5172453541448,62.8740668713846,31.7493845199666,46.1636615842398,10.217402017481,24.1781744395639,-7.87382590124511,7.61791043457299
-54.2737075374547,40.0078921656761,28.1074935901011,49.3240929194343,24.282726292319,1.28840098475883,-0.532727730358796,4.11245440000353
-55.489689592762,42.0384836110165,29.618566472371,48.8064962376551,20.1329641856919,14.6478994724589,-0.0150861522658002,10.6081362330509
-56.8186613879883,44.7655440630628,26.9743841278649,46.397979492868,21.062956381648,-3.29369848314875,-4.78185814234141,8.06602105769545
-57.3755742659491,42.9234605546846,28.6246876923304,50.2105580691176,23.7005001624385,4.88150725268277,-0.912090357627689,2.86712898883699
-68.0539561063779,54.6361176684738,33.8974019363022,52.7736193694194,17.2098750247979,25.5760779964115,1.10021665868471,8.55080654878488
-50.397147655326,38.5549510214527,25.2213138438694,42.9171164486265,18.8940633397531,9.76529141418892,-1.88773075637604,4.4364298187012
-55.0398448941634,41.5274967325235,28.4236928558414,48.1989341211791,21.6964551703071,7.50832042722282,-9.33280667725889,11.9358296507207
14.9715736380468,29.1109406347282,16.7769299582685,5.24567214966269,7.98351266317506,-3.79978377526009,-1.7263907425612,-1.14497419495742
23.9253287890243,43.2700167500143,49.7393418594645,-8.49653124160543,13.1375252064799,-10.3470035465169,-5.16291193499904,2.39031209405765
19.3106539473077,25.4416243603443,46.6248331768128,5.29405035805851,-8.60661625276023,-8.77439860054797,-1.25152362035208,7.70460239957608
17.0939153767927,17.3239854670342,45.1116693798912,6.93162549165383,-8.88684406351228,-10.1165737396314,4.83898051981998,-8.86083131776533
35.0798259827473,34.9583001128841,37.90840131408,16.0745231978296,-10.9880717219823,-23.1165074511604,-22.3143918487756,2.26126159471438
37.8180569563578,33.4114151781361,54.442713457174,13.0159298277046,-15.9602470043964,-26.0077887407436,-23.6862183756857,1.42271943806869
20.4505691195903,23.1498561714512,43.5305330851218,3.92004441952389,-6.9479708537871,-23.1593914429191,-21.8513246554174,3.01797985974378
18.912459134667,23.0422422590722,36.9668068247047,4.03582445724898,-6.6246705274071,-23.2224270218363,-22.7421952771062,5.60057331995385
21.3388020917754,21.4835040580147,46.6280142248571,7.47234231701553,-12.6647516772844,-24.4281066448514,-22.1829570910474,1.91759103691963
19.571114267353,23.0652149649125,35.6371940409022,8.65936098476532,-7.96693016022594,-22.2860661079371,-21.3442298111137,2.76918068675789
27.7007282551253,28.6967363475212,36.8510146253962,12.7279964523888,-11.654410551451,-23.6388033361823,-22.7220948172952,3.66117538624127
19.1785429906355,26.1158936766609,54.1648560266647,11.955752993279,-9.85339633324369,-15.4920129713065,-7.87995478158786,-4.56791660531817
27.1643333395992,36.6623146928336,38.0192167041363,1.95875802657902,15.5500394387248,-5.00266259462114,-2.08834201395125,-10.3820546003722
26.7047980103499,36.6931522353418,42.7189861426354,7.73500031106088,0.52603184859067,-9.76337903993498,-3.29208416414518,8.9736245338684
19.6551272515314,22.8943015723136,45.9146635980348,7.85693746661324,-7.70424339190141,-10.7655739345136,-4.78253212333886,-6.9950592084544
20.5533417218627,19.9354793553143,32.1324814401585,13.9352860613741,-6.9210649663594,-3.14058062166695,4.11339571138134,-4.65909138671711
15.7961566414322,22.1711883630297,45.0729745096403,19.8140416933858,-9.38378082357277,-8.26571635465569,-0.183560250103342,-2.22593804985529
19.1558288361903,26.9911885184324,31.5603233411055,13.8777619807097,-0.173395352015317,-3.65251486961314,-0.975592831147312,7.74075562372948
9.30256821845956,24.450645148028,38.9198058164748,6.3289202175816,5.76892594983771,-9.05443347261122,-5.29055608552127,1.31225742531008
19.6482809990841,22.9856135253884,43.7605242156659,15.5782364055343,-6.76370292374669,-2.79853200853471,-2.21635993841113,-1.71310696883803
18.8947114967694,24.8423833308127,33.8622150293694,17.0794503766268,-6.00532719739259,-6.08105654076607,-4.46564406716152,-5.44411413756429
26.7267062079081,28.2537281300023,42.6692407693558,24.3963576388497,-7.90954141582399,-5.29250340973141,-2.56443078038549,-2.27504665617713
15.5453736172825,37.6569030963739,51.5575364854086,16.2837830338805,-9.4194607117067,-10.2304251724793,0.000528684639537451,-5.37376038800461
39.3564096544691,45.326825474208,53.7210197732295,39.553990775079,-12.9132663185598,-7.7304454326364,-2.21446882782169,4.5578147823587
14.7356263602221,32.5505611750982,49.5533863561614,29.7660196723859,1.41895791430697,-4.14629920182792,-0.782580295773718,-2.329088115533
42.3476171716292,59.6112136852321,40.3675738263144,43.0614093770346,-5.01277929047878,-3.27123945670841,-2.70357740135341,5.51260712001109
20.4060945579862,31.412552755605,35.4244766982039,17.5852888272743,-10.9052828708598,-8.69012094169252,-6.97883363996611,2.33435323854196
17.4040389987078,28.4312073419513,41.7997469182917,12.0221819628596,-5.19663749644723,-12.4845780055563,-5.77569190795132,0.951357062955652
17.1794077679874,26.1326987128339,39.9331694564263,18.9493814123635,-8.86945982403912,-9.06162813982067,-8.30597169788806,-2.91698815178817
29.3582503750562,30.9950264337938,33.6130042495222,19.0559342572035,-4.98980290067032,-6.52347512240529,0.687325378455421,-0.510069467232012
27.1600837308248,26.8352470791827,50.3500254088055,21.5201854767054,-14.9290483617516,-8.31383463234406,-2.27910022701987,0.535636013392663
-45.8005484849064,41.538428057316,33.6784083036516,28.3595238094123,0.867526985757941,-10.6191238174278,-14.0984319005679,4.45003744516628
-89.9239272628189,114.103512019212,26.7936406044569,-13.592881340157,-61.134843478283,16.1888011118955,-1.28226434771571,-13.8472053716693
-42.6532623256355,39.4571943227127,31.8858385558304,26.1927538578165,0.000852097068764792,-10.8116799448126,-8.78326283904138,3.13853490424169
-44.2965130467678,43.8470792233433,28.7661363609923,19.272641394419,-4.32664038219754,-19.6503491441485,-25.0513869952715,2.52067488980881
-38.2419440077735,37.1210897093478,29.4329514807309,19.9189068831357,-5.21753563531515,-0.397545343249013,-14.5420773112501,-0.637388364692558
-50.8236301154444,47.4762443732596,34.1294450261905,28.4122297601786,-1.3085378477238,-8.00035385422083,-16.4149321833002,1.11719576078992
-46.9948992325726,47.4571479388003,28.4345511311668,19.9291740846861,-4.90738222473718,-23.0432064522809,-5.89283959288143,-8.01351693616609
-38.7296915938375,36.9549251802103,30.0421540118653,21.6721371505276,-2.64727433766689,-12.487215448269,-14.4585649957436,7.53043540709483
-49.3526774799768,53.2484799014198,28.453006597806,12.2422836666876,-17.0143622631621,5.23952958844728,-20.0665958541465,-6.2476605647857
-50.0287106226575,51.9621360122727,29.5880906378999,16.6399185318176,-11.0993292825993,-8.41539967759609,-28.7023551522532,1.24520490181987
-45.5217273117367,43.9671333339686,31.3149793949579,22.012896522424,-5.70197060280672,1.28242127839568,-19.8169011955246,-2.70940215465174
-49.3080248663949,49.6654411573774,29.5405244295888,19.9840797885778,-6.11664236538073,-16.8368540515111,-18.6537593628302,-2.22425469406206
-48.8348309656507,47.8565392642982,31.922157576495,22.8060819522232,-6.10901523282023,-0.890123975401637,-28.0603136787655,0.602614705769921
-51.2370654308639,51.019169094472,33.1821742121889,24.9444724638566,-5.43481317237656,-11.4322550458861,-5.05911890465903,6.12315092726377
-43.529434784892,38.6190346294194,31.940703000662,29.5718729118347,5.18262504763391,-19.366902829378,-12.652008430532,-1.39969315508496
-50.231534808262,47.9527409807965,32.8665834528758,26.3497497978417,-1.72779987159624,-16.2902482445735,-15.7400739791608,5.62874147886845
-37.998974732354,33.6264140799039,30.1494827089628,25.1899601560239,2.47910138434432,-12.3211493948914,-12.394191846573,-3.3955873726588
-47.1869340790535,43.6962795444881,34.6896350776844,27.2218806064565,-3.53784348167076,5.63350279977268,-7.61656181240204,0.867737271910394
15.9080710544659,20.5566427303971,34.8150692704064,11.420760962445,-8.4153853907284,-10.9535288535634,-4.91296286185137,4.08782182983346
28.2707373089989,52.4027693940402,70.4108987083245,14.2850876965877,-20.7729266117121,-20.5117763631724,-5.84948142945989,-10.0753983922337
24.7821894795995,37.274350926216,55.093257307687,11.120438806776,-26.0529612054225,-14.766472383413,3.17912957854224,0.219604439303982
40.0477829125697,63.3293147490036,63.8730277557895,15.6638156988983,-26.9308774738384,-13.6147928091333,-7.55707650365944,11.2232871708931
10.8617730197279,40.4088372795087,56.2598593271381,9.72044110299867,-25.0115501456372,-13.9143021806776,-1.0038369901738,-1.59908645780502
32.1008660393464,50.1682289513333,62.5436823270036,11.3180484949225,-16.4184321883268,-17.9544945361413,-3.05112905311376,3.37851711902508
25.8939419100684,51.5608510951259,64.3914723878896,14.7146872701824,-34.0653165960731,-20.9376402993197,-2.57290446320297,-4.71024622837561
38.2846936964964,30.3486685647346,87.2721127183724,13.1240100622794,-14.799347568354,-16.1345486800652,-8.27282656511214,-17.8443251340116
56.8674950104016,41.8320401204186,145.285417258761,20.4547491917609,-31.6155935742456,-22.5547759744795,-8.31994694431746,-19.4646740783773
28.3070084691144,24.7229440635729,72.4786288033071,11.1826148880645,-18.9032312115221,-18.7786626329221,-7.00340187794402,-9.41727468640948
60.2705530641533,30.4387839784822,119.87110573481,26.7188366895107,-42.9429637957417,-16.6559649963151,-5.78038713183805,-21.9156170227933
41.3107080224674,26.9937739991658,96.8263108561407,12.3035262808421,-25.1072133830539,-18.893790806033,-9.39757183323249,-14.2832433489235
33.9756816223537,22.8028956304053,83.4561593749442,15.3537901498981,-22.5390438627343,-14.572088988884,-1.28621255031186,-10.2896587086773
83.2710708529458,40.603966828885,189.064728297518,19.5270824555548,-51.088640206821,-22.6826505420417,-5.49228416713917,-18.2891739911561
60.4926225495283,32.8128647882365,110.974655750284,29.0524247642028,-38.3134917372722,-13.4922686614591,-5.09337716538679,-18.0919881180783
40.6313120305798,30.5118664473048,100.336840592302,17.2432587564891,-23.8140745341563,-18.1119342427616,-4.45650484808224,-7.43055995036187
75.4917399884073,46.027255257949,151.153108657509,11.7881751020312,-27.6924021753802,-20.5970832994389,-4.49683825294219,-21.3472588274029
60.6111160450423,33.4723977501879,154.276268961923,21.0060967766886,-46.3088825582037,-30.8831728589748,-9.08945922543355,-22.3427151767224
51.8201574130425,36.4083684277419,108.946599077781,21.2557360202459,-28.5072336230276,-14.1444804231265,-4.51635416079056,-5.38649740237398
44.607742041212,29.881395683047,107.254312899834,21.7243314737659,-31.0033232858862,-17.1031971113915,-5.16940021337863,-13.0065514752686
10.2277113619412,19.3922860069802,22.3010871499573,8.19404863054599,-9.90682507735048,-5.57402104551806,-4.56601046660565,0.885445692244894
4.53717179256291,21.1796172796824,32.4428428016627,3.10093926685808,-8.24212447644737,-6.301408418437,-4.47210994323803,3.51746803505193
11.6727758968544,19.9630077302142,35.1326192094256,7.0068443161587,-8.35977523183699,-8.347267838801,-5.73141469038435,-4.95050994895603
10.1913257890845,18.5905872825439,34.7262644752879,3.25286918073689,-7.13273849890271,-3.52996279550168,-0.996405363863184,-4.01820530920351
6.88720318263377,17.9476440170175,26.7182870602628,3.55685319201574,-1.74005788256226,-9.11311896336896,-5.2301642766988,-4.74595259885675
8.82258309075596,17.4135347824509,29.9275733979641,4.62896858084109,-7.58638153169755,-7.67648816791895,-6.28103728560169,-2.40976109184632
7.22077240703882,19.5699131329546,21.9790357176574,2.71496002037038,0.0806288809192803,-7.13419831644691,-4.1122172206901,-7.22137106375894
6.92761489375282,14.8315346218133,24.671380852739,1.01046714101503,-3.83929533734984,0.364510827332895,-3.00234958174794,-1.06203972143841
5.46925566466916,19.0165998448899,30.6382069280384,9.59671206120877,-6.3644037062773,-7.83416694325138,-6.14855801650073,-1.48051235202576
2.59492606955765,16.828938003627,20.1484339775125,2.66432515951663,-4.76381327798463,-12.5336150548853,-2.36051727125053,1.41038753255439
10.1270409282678,20.5316352249838,17.6066100069756,3.69551758792642,-7.72636844093289,-5.40447706919821,-1.56023047873885,8.8974020134337
2.56590986814326,15.6868924362766,19.9716334396186,4.9534685377901,-3.33329068395616,-5.66592163322655,-6.12739214697202,-2.92964592781194
5.13155716937751,18.3852016035648,25.8140462374617,5.1844146099848,-5.18900046180964,-6.40368266160896,-4.89333055896008,4.78048929121123
4.54352061987842,19.3160131504552,24.331191851534,5.59359557318068,-5.93019102450755,-8.30092693001449,-3.56723914480229,1.13770640881533
1.89016915743795,18.0495189593308,27.1053153655193,6.28240653697275,-4.11239449446439,-5.77403564246525,-4.74965774470106,-0.572042551472206
-36.9868785898972,38.0752340574567,30.1832400987275,32.4621823881915,12.2052301013006,-16.1644396018484,-5.80332161951328,0.113778612009952
-38.5087928642266,33.9352830993198,28.683728178843,40.7592879869663,19.3983489156359,-16.4217459855952,-8.00360205344678,-6.59140075496901
-36.0206025066946,32.6199929894703,27.4278830212127,35.4699670405045,19.0484409230265,-19.7137077130365,-17.5965591602542,-0.89919844253824
53.055307769008,47.4162657203119,21.4864119960845,31.2300052341711,-6.05429837485488,1.53297205728802,-1.45847780804196,1.18414328789548
37.5153489878832,71.3173397672982,26.815637718411,25.0705142688781,-18.9567898977995,-16.6644928844281,2.97113739476674,6.70152255830736
48.1330147438115,61.8741320935874,8.78933622730079,42.6390637822404,-16.7309976279603,-8.1743102339249,-4.17679955713497,4.33792556558431
40.5178359115249,45.2826802613884,31.3370386834522,15.3152706584241,10.1440401375649,-1.76016869657092,-2.54303812641753,-7.23025990409091
41.4808725954719,38.2665713018338,25.2193013289274,29.4059035506282,-12.6484442254003,-2.71803687192822,-1.43942377649482,5.43546413108489
23.1584148528261,29.8420938540399,11.195955432018,17.0760945664143,-1.61453790374493,5.34685493802161,5.75786031698996,0.919419810357957
24.2474530229391,45.9428706537768,24.1615266112343,7.60923541517193,-2.83947897980644,-21.4000855314213,-25.9268411655774,-10.8740478998283
24.321110307505,44.7197207521333,39.5699839110613,-0.798742353255401,-0.510900015035691,-22.4885850812995,-26.1103414588692,-11.8307473117373
30.4749396830674,34.3474486952293,51.8669657941217,-1.9312334763267,3.7568786149878,-9.30043301777536,-6.56658712780593,1.60012738374616
34.1152390430859,36.8938572622604,45.2891152613311,12.2842097165445,-9.1280565362297,-12.5535283438968,-7.63207981349089,-3.24998417407401
31.217610921762,27.0286143401144,50.8579072564003,-0.376932257315095,-4.74029249620566,-7.92304603862115,-4.0011085066919,0.541985918861958
72.5243091735438,-17.4967662645763,53.1928625525087,13.4574572517556,-19.6862246587518,67.516484817015,13.4993905659628,-3.5979585241427
24.3520747680908,43.6931481909128,47.4139354858307,9.83949965959272,-3.30597167674202,-12.7284159872612,-1.20384296495494,-0.771002917415921
41.0385935074262,49.5702579987271,53.0571733775505,23.0727792876706,-25.4444423950548,-20.4956108582637,-2.37990236841856,-5.65568299367673
54.8706882849378,69.064506567529,54.3560513062113,18.1154517891932,-3.15287464609125,-16.3103135745106,-8.75593551213585,-2.37890097117799
17.4515904470858,27.3182435659623,38.733299788052,7.39511460388994,-3.07153525081504,-10.251234351629,-4.07541780026937,-4.66668335307086
25.1204609331413,36.8974610872505,21.6339650971219,16.4480695632318,-5.93224019839023,-10.2930457230232,-3.35605370875868,1.82901442000187
-1.95616754661153,9.81190422452395,3.7264415568271,0.484187069111449,-1.88577231202843,-1.9923651760854,-2.93632284847754,0.706610680900576
47.1076951600365,45.2591881711335,87.3808862286162,28.5191338337201,-21.37821519427,-17.7491451540702,-5.2971817508582,-3.37156397581476
43.0221283855879,35.4771198913613,95.4709156505047,15.9646428303151,-28.6355685626049,-19.0253896743415,-2.87310823906763,-2.42710529334157
57.5848659997426,48.0689587375225,109.779396786232,18.4184726493245,-33.8682789484695,-22.1002215869526,-4.374943466489,-4.78456891307015
51.0973007175071,40.4229656511995,102.753924115931,14.4857953305137,-25.6880244283695,-19.7978831404405,-8.47014754316597,-8.89257587133121
44.3711232280963,29.6808177306274,94.7848517905795,19.0934569043592,-27.4665190629441,-18.1810216192759,-2.38531565891604,-13.9992370884803
49.1126745842087,39.9071040864005,100.437412602809,16.5987397678898,-32.9768062213874,-17.1471894846617,-3.61446938996146,-0.453994322945149
55.0028691715797,41.8141196818187,78.337744366014,19.5379344900562,-21.1729010955455,-12.6126360478325,-3.49039732451408,-10.3913479270429
44.1535184793658,36.1140375665459,95.7195864624318,21.9141113321001,-29.6771414914554,-22.9958686973231,-6.51953560554911,-9.13807075008441
48.5862536831348,33.9761447668835,88.1058760483988,18.8743204209428,-26.9963634250852,-15.0727366510998,-5.14439842366105,-4.81486700152197
56.0464262170887,36.5327455721735,91.9453423034893,28.3977902561674,-32.020935314655,-14.8544770837231,-4.3357948752867,-10.9187046069468
50.9491386485195,46.4189693598438,94.8822696808302,27.3883341002894,-37.215567630542,1.82535499074975,-4.22835623997654,-20.6011209812615
48.7407408033326,36.0549521940639,105.371389558073,14.7583600359163,-27.3146482889354,-22.3395386389738,-8.54057919554173,-10.837009187232
45.9181720669504,34.4834288610882,107.942451303856,21.2575909639455,-29.0475945527403,-18.3865499044467,-5.30972729293018,-7.16305493759738
61.7732705550285,44.8761211583433,95.7312724427064,27.4733705907525,-26.0553740842578,-15.0238761309243,-4.4935669967686,-11.0208847065584
-31.2428621374076,32.6158995834073,25.1871757409925,31.6395455129616,11.0075971423387,-13.1081168826681,-3.85963324117046,2.77614263780394
-33.2341208107656,34.5352176527173,21.890872281677,25.4496862221001,10.015106145757,-16.5496530710627,-11.2735656985175,7.24033126668359
-35.6307278212771,32.4306003809111,28.7342324421589,35.9742391133514,16.1751189162975,-5.48069742886674,-6.1027565663307,0.416488768398376
-29.7327822537155,29.2723999797166,25.8484794214881,30.5941465203993,14.2164950753334,-14.6351163738772,-11.1760533607003,-6.66817611351934
-37.5506880128824,34.3185352277652,26.7919830449264,33.7606757379771,16.5325030549527,-17.2734908673857,-15.1251845356409,-7.2166262889838
-30.9660023723662,28.2731914131617,25.3119610744336,33.7609264787845,16.0695281413168,-10.8710274828812,-8.22623792296395,-3.74653041856593
-32.4224298913047,28.1809300794437,30.1847271731688,37.574232614683,17.5596342083247,-11.1064806173269,-5.41652029743586,-8.04850692101974
-42.906631283108,36.9009023530274,34.2482455712138,45.2329124813111,20.0363022053507,-5.91336833316212,0.0960882103470251,3.41881674328345
-41.4409304210949,34.1590734011929,34.9079986900284,46.3642219836676,24.4361664555931,-10.2106094498962,-0.760701234577626,-6.32788547334609
-32.3523939334399,29.920818083061,29.6892523658929,37.5593979273752,18.0717389849729,-10.4655092316968,-8.72758917283011,-1.83307542255719
-37.9487446104721,30.1818074546063,34.0554106578606,49.2536116578872,27.0053729886202,-1.53687069781904,-1.04474952358613,-8.85911997738015
-31.0431499682274,26.1536643555588,28.8510883514599,38.9852104748269,22.1600390653624,-7.03218045845111,-1.61468397102646,-8.61012651450257
-30.5206630021628,27.2388207993884,26.5812907536612,38.0830517450159,20.5586454807062,-12.0594064352693,-4.76759441157472,-16.3414713442754
-29.8520343113614,25.2452264625685,25.2948212633953,34.8525037885675,18.1337218162162,-9.20533036820062,-2.24261464308113,-7.69414242852089
-36.1853308266746,32.1065145075525,32.0158640342614,39.3241177822057,19.6883791920828,-13.6249723298501,-11.8261106040586,-5.88038036284294
-42.6238391729562,35.2830511980586,32.8549087183926,46.5270054664144,21.7808199261019,-12.2997533706398,-5.12796399963533,2.12930462573194
-32.9024890841376,24.8140700472674,30.2320289185745,41.0689334775047,21.1507963660994,-4.76545349196926,-1.41128478059346,-1.05618515159856
-32.8452274654649,28.1961497756665,33.2260917756814,43.8799135405256,20.0116366937153,-6.64381513261662,-5.96240071506501,-4.17270127040913
-36.1215668598071,27.8421836718284,27.1165662680501,41.3319961997471,22.0946527232609,-12.638211844437,-9.12986651346366,-9.56060138288252
-27.4206076213725,24.3032796117839,25.7020245464107,35.8554669965666,18.0476353732854,-7.76527604626011,-7.14702563421909,-10.878753711885
-25.7156856354619,22.2151210189004,21.8983582022055,27.967960038824,14.0186960600895,-9.20054639139708,-8.71618476531363,-2.57728374661768
71.6740101951055,67.4914109460178,16.1537615485712,45.7282847355433,-16.6358280147727,-10.0836580315702,-9.62686341508868,0.132147446722811
44.8242826976433,45.7430651325038,13.2793246831839,28.8443551208143,-9.50329635630492,-6.57943515492743,-5.61533907882657,3.48760657096335
37.8898132634718,47.9887325241923,22.1596469864425,18.0709411112035,5.29302202419211,-10.8184608975038,-11.333374948656,-8.98514751572011
76.071468394022,87.1210798562147,8.11674619851363,23.0362660381134,21.2442096623661,-6.22850424805119,-10.5432084609079,0.922352051259174
79.3442912761048,90.1658731370199,-8.86842801580924,48.2903232798185,-0.308567213992653,-11.7655283650024,-11.3836617538578,-1.23123718329022
74.2866277722418,94.87522984551,3.55592622225288,3.92116786004818,51.7202012739997,1.78811633318515,-10.6426202250228,-2.02622367831794
92.7796889503086,106.113470661514,-8.44343355755631,46.8509923426816,13.7264837877447,-10.7251353884887,-13.6152349519446,-5.79299198969115
63.5212350878927,85.4494200844677,3.72941794124658,32.6090879476938,8.62236040286244,-17.423530074267,-18.7816824735982,-7.78600081521501
76.9895347030577,90.7144055601676,16.8057102867892,5.69303871308515,42.9890563670634,1.82117396585116,-3.88584295820585,-2.94755529598143
80.4116598172814,84.9045768898174,5.73387449039515,36.1878737658807,7.55319019284117,-5.64777786396515,-10.1659429748123,-6.25843124328741
39.7255023375867,57.5039172665416,14.5608206038494,16.1717314100111,13.4236928863455,-12.3210988746777,-16.3393154952028,-15.8200475915452
67.5351208540785,73.6854198081699,7.00779327384511,33.6517898531173,2.39375214658563,-5.06790849165822,-9.23915040678071,5.29984651396703
67.175654490978,76.9383114885504,5.64657289614108,44.2766779617677,-4.14316340968022,-15.7865709438737,-14.8659229800475,-6.7734081278822
98.7688849173447,104.119789964328,10.1987317250586,36.8382330726584,14.4687251236119,-4.0520342135904,-8.6723480731788,0.796233193189527
102.941518922512,118.811893263367,-16.4851584997371,41.5640624432964,31.6800332269397,-2.32382487238706,-9.19596765969864,-1.64476369842052
85.8237491948489,91.6766465619678,-9.6948318938169,37.5635651842309,13.1735953216824,-3.09790720305832,-4.32198214654611,1.2199465208663
100.425071607395,102.029722769023,-7.65502886900837,47.612464165264,14.1194212047898,0.409701068038846,-7.94648138655694,-8.40447687265613
58.2074653530467,82.0939521315765,-2.15065840309734,22.7973556273058,20.4875622912034,-13.5493234107008,-13.4045492526862,-12.8191914195122
99.8884037362299,118.62068824278,-16.6158396075962,40.9509312864723,33.3412819692829,-5.2907091322224,-14.2780379607344,-14.7989798950456
-60.8632122758668,76.7629707596346,44.5253304974638,37.2034207537812,-4.36438701599259,-19.4678430452391,-5.01906037521982,2.66600956016232
-50.2443645349694,71.4779035625481,29.7226959826802,27.7909679401626,-3.52781292598758,-15.5233524730748,-13.9934999252339,-4.84787426443787
-45.0876714125144,60.5349817780493,33.5149789410559,37.4168914419991,7.14480353365322,-32.157481239879,-16.061591555368,1.37851718984191
-54.2189837294145,47.9822854167204,45.4230261229459,47.0604983257654,13.7652218080873,-17.2047341283813,-15.4284943457416,-0.821766828768162
-50.0808663139053,75.7400005201723,34.5075447800247,33.6668440511685,-1.90045027560649,-10.1244236064215,-15.2146863582859,-5.7173949249777
-36.666269197844,59.8379767186304,32.6591645082862,31.7538397018058,5.6949832720317,-26.2174285488444,-18.2388116031744,-3.85999496401051
-48.0190304304414,78.2383593297011,38.6040639104292,33.2137159260147,-5.99313112375988,-29.9596295395253,4.7886001661053,-4.13926084951355
-47.6107828695593,67.910484460343,39.9503378201223,34.7648115402014,-2.80703581220494,-19.7888813261734,-12.5571405163464,2.33360364162553
-35.1771320052992,62.3576424220937,19.2302508293557,50.3930347165673,6.57357873098379,-15.1358358538117,-11.0695273151494,-2.61285207087141
-33.8291726392629,54.062284149098,25.1976884557971,22.7673991711453,2.14067602443521,-23.229567956821,-13.8761422715243,0.225972833825901
-39.3651439850688,69.2179605529024,30.0607164387983,24.7199380716874,1.26144277545279,-21.4445128902914,0.419744306734909,-6.37818241204359
-35.5440180776423,59.3513535244645,26.3655765015144,30.6902221208731,3.19567074515458,-27.0321467607903,-9.52306304772353,-3.35117484665203
-49.4034419825172,69.8706225850444,28.1865859796719,33.501412720051,-1.66564972707109,-19.9587978708415,-5.33380706590156,-0.47927409124319
-39.3464727616649,60.150307495101,26.9745535898244,28.2186634761156,0.510939688631186,-17.8625447945762,-3.11655941636264,-6.45533383953187
-38.9290602914998,60.7414668512962,26.1759169719268,29.2548673538274,1.9166206095515,-31.7567071347677,-18.1672899140615,-5.23773716019771
-46.9419266698481,69.6351333400786,31.4587357696776,33.1138066231908,-3.48418963135738,-14.3376745882108,1.47609262180572,-1.86883119024674
-33.8689586405378,61.9299720887845,28.4459780959586,31.4563383432418,-3.68019169169364,-21.8403127508992,-10.9941202039994,-8.00434339468628
-45.8418518072385,76.4680246811714,25.3177937949155,30.1129187279017,-2.24802999357814,-8.99818620438587,-4.59676809650953,-10.4060521134448
-52.7354540992633,73.1404331000162,33.8361828889369,28.5370257356846,-5.37069227555465,-11.056474672231,-19.4276005079992,-5.61914656726697
19.7413092358661,42.3856337370786,35.2062500396871,5.58013064575098,-10.1047296425213,12.1550287512694,-11.7831342935578,-1.14079227089529
24.6575791282967,41.7608027996308,52.1473547440121,4.10320206747946,6.70400953537633,2.28533415589161,-10.2385679251669,-4.17969519401596
36.5358534231541,46.2030502953042,42.1686923731679,15.7694692373363,-0.47324448361026,-10.9980279742859,-12.7267221960243,-6.47525336211859
15.8124995229386,27.1919794182608,21.5615613989309,24.916306218105,3.78601593248211,0.429836264173803,3.68067085640766,1.82756539655128
22.5216402112276,28.0862093052864,25.5401978873469,11.5467000560318,3.25792964543918,1.05421534709902,3.72312994845987,7.88465893537095
11.6557755195951,36.7625830703705,74.5685140269348,42.8207882234683,2.95317805248573,-2.76359319152497,2.80685276596924,0.212213572229998
24.3378483191311,37.6198402483208,65.9896594017525,42.2202616224041,-10.1438607765278,-6.76636580963994,-2.27790514067165,1.66894386969751
7.09505724190561,24.5691277627944,58.9353361132051,28.8295666516388,-3.23379782516991,-6.33215352800572,0.928883571941008,1.94320627550597
26.8036741650372,55.2462337701604,64.4047209721954,59.8408519868531,6.31248140676353,-3.97737014164986,1.36078301165525,1.28291200580651
16.8483206462093,34.1995354446246,79.4118076521695,43.4943731091773,-6.98863817987313,-9.32998439384118,0.761185032702326,-4.63597239616391
17.0469707419646,38.1742814930905,65.3930577989349,54.7816635215571,-1.76747628724864,-3.40021111673558,3.7542766807578,-4.3261595914322
16.4313826102206,40.4961731910092,67.0767909528331,47.4804342572262,-0.199830835422364,-3.3723613990948,1.08183988418089,2.22135394002893
23.9258873008259,38.0143964662438,80.5999258864886,47.6472000609969,-7.28615688052638,-4.93270884096862,2.13105754318833,-1.15692119136393
20.7931194658309,43.886243295248,67.5224498271125,54.8573911656036,3.55707449872197,-1.84428980793858,2.94787297537963,-3.6163143894995
11.3551964221894,42.9867313196551,76.2978387019415,58.4024755886689,7.39829295161841,1.4342971326803,8.33263141756056,6.9593533130045
19.7460106127391,39.7786472980714,69.4697113836343,47.2559584198405,0.614165290515313,0.0940600728790742,3.47155110686939,3.4568388563769
17.8823756051426,37.840821601192,81.3482126780803,48.1965596197603,-6.00053465718856,-5.31607922463171,-0.529960435695595,1.65146316819199
12.3736220293984,30.1435242218722,76.6542159704683,43.0907524115104,-2.03702782809412,-0.318165395037537,4.541425676343,2.30015386746023
21.548933667879,39.9075512774013,64.3982504272495,40.5266040666692,3.02429561920603,-3.79231484767984,2.09766307366129,0.745823346183297
14.9487889306438,37.5801763360658,62.8289781418543,40.7932072939912,-0.213224439804844,-7.4980947601179,-2.26114881900771,-3.18475159994034
16.1662026335857,36.3574253981251,68.2820124506879,40.6169692974368,-2.64997032652995,-5.33018408690672,5.99716190845931,6.61127369627044
12.8823784862358,33.963052385478,79.6501175341857,45.8395157916602,-3.59122866323718,-4.1157131433502,4.61016400527231,1.9875212069691
17.9214058440968,35.9987086034491,67.1144534292324,42.1583389908077,-4.67250601896213,-3.37461355769691,1.06303304558779,5.8148095119711
32.4851424500782,42.7903527374572,80.1229674915839,48.1770493235386,-15.4684113024199,-11.6181901231689,-5.1200166987907,-5.19467272551426
58.8298380975205,47.4451882468827,69.4939988313179,19.0320654388011,-13.8039388412596,-5.51954112026055,7.9503724422625,-7.81343347676484
35.3996266478816,34.1381278451607,46.529486670933,12.0949008522175,-9.09709374376396,-11.3708754256317,-4.7364966768908,-5.32180117059932
45.0404606940931,40.5160151264202,81.3204320484733,10.8659360672233,-13.8638147551906,-15.7938753194746,-5.03820735175036,-0.537877752137635
56.0301343736373,60.8843023065437,63.9162396316403,5.95891883135146,10.6304229567788,-9.6999722812912,-7.23474419921683,-1.40764531435478
37.033970077942,43.3380351968097,62.8735888336033,4.90423013763798,0.226851513307947,-13.2534300995077,-6.64755835814286,-6.75508677133184
43.8512354771353,39.8829457126317,61.0182421828244,16.152635888139,-11.0156510945658,-8.47106262436558,-2.67011281203019,0.948563036553744
41.2697211647323,43.5897453392531,51.0374983427091,12.5810424786024,-7.72720614172187,-13.6378025698121,-7.79459604055569,2.23659931584898
44.1098117912004,40.4118585833439,66.9630876349076,14.0166759462695,-13.9744285575097,-9.51379831403075,-4.08366916177693,-5.26384934621134
40.1194138861936,41.9541154708642,82.2584492733305,-1.96257315444482,11.049454480068,-7.78938249363238,-5.44852480186825,-13.2403003017012
46.7791707459251,37.9351791210419,57.8097813131956,23.9619720424054,-19.0583045808094,-10.6426310536448,-3.25752873906201,-3.80010243051568
43.8062873528446,38.5650963726786,65.8804960683564,14.4154769231836,-8.2495991229139,-7.57139176820952,-2.64082449058307,-7.79561023399119
48.4584040818059,42.0816423895865,75.3918886579316,9.22805045426304,-5.39865555132126,-6.70288699745474,-0.906069258258827,-5.19968793920613
41.2970435773557,32.1778517973795,87.5771442136672,13.0833041157204,-19.1322454615507,-14.7487094176624,-5.16630998073461,-8.49627122027196
41.9685201237075,33.5452856328068,69.6793715322468,10.3980461616639,-10.4681080810154,-12.5660893444153,-4.05928809063857,-12.590072166062
44.5842171838938,36.0614742321566,62.7879662123262,9.17137010955341,-10.4183497728301,-4.38259032383195,-3.48978890715357,5.09332092504148
65.0910699434219,55.4913104256966,73.45126741951,28.5901830287712,-18.1796428606524,-15.6664136189287,-5.60996779314799,-9.24717770005916
49.9588302575248,35.9676500011197,73.7959586573589,12.1771407853121,-21.4742035285441,-12.1548153195593,-5.03177025843452,-0.289825905897981
36.2658484040332,30.8530116055173,69.7049734355374,9.72008299847415,-12.9614941511965,-15.4637163846389,-6.02898201294397,-10.0549363328113
44.2598412957133,38.9980267505517,66.258888933615,15.7546999473793,-10.7266314113182,-8.10457845364162,-5.66576558662935,-7.09396138342517
-10.3475725477001,87.3918855510608,322.803862830267,170.523798099765,1.31197039885635,1.62939398572833,36.0374546717018,2.15795613431454
17.5817991318992,17.3281189512951,18.8467223293753,3.42507354558995,-4.79211370471278,-1.15987743930133,3.48713723844593,4.76956102135751
4.00503144217017,10.8256817456214,3.81091286396383,-1.32984164832614,-2.31026926536955,1.14372888133376,2.36941846087058,5.92151331535306
27.7428462902227,19.2441676934579,78.1219679273612,13.130321482556,-17.7090101851392,-6.06343920606845,0.994864256475389,-10.7317874405474
5.14245543883568,14.8522182230944,20.3090327130362,1.38527609647863,-3.86133967226533,-3.87202822532361,3.69256436525538,1.99538370106899
21.617728427821,20.5839492381526,68.9845979709835,13.4888482876774,-15.438531353221,-7.10708336311593,-0.908877715400798,-6.6158175861952
8.97739177690885,11.4939808290214,23.6094985004719,7.50937007757388,-3.16808640786953,2.43785977786779,5.43786716586858,-4.93537814671369
-38.5238768148854,40.6693826908215,23.2749157751677,26.5385610584033,9.41269642317283,-22.5056267636298,-24.297327900055,-12.9634417716442
-37.4689325092606,39.3302188281695,21.2484483836473,20.7366433080141,4.6749968579,-12.4663148819635,-19.9119875801372,-5.03272864166467
-34.6630108761432,39.4828777609606,19.5013774008019,19.8553385586649,4.5557116626564,-31.9993294330158,-10.6675187086404,-2.69522376673885
-24.9291452485024,29.4547933036076,24.8025720594436,19.0006953588695,2.9594554149781,-16.6266621067806,-10.9978417054541,-8.26745009215338
